{
  "train_loss": [
    5.276679397072491,
    2.8495551706689883,
    2.5394243396347784,
    2.252421012598343,
    2.004095157282946,
    1.7706733383653774,
    1.5708003544896065,
    1.3492117109795043,
    1.1125134411354491,
    0.8971432675659435,
    0.7516991343196883,
    0.64159026664429,
    0.564229717706659,
    0.4986049109675184,
    0.44407684098389066,
    0.40697558473477136,
    0.3666497671692788,
    0.3342891555404131,
    0.31186108429635767,
    0.2830188301526924,
    0.2590431627509319,
    0.24627760174549201,
    0.2307023246492152,
    0.21868883851624776,
    0.19757857389720399,
    0.18783280776889794,
    0.17941820995404376,
    0.17500500433617808,
    0.1520008306576417,
    0.1481625260196654,
    0.1431751801012617,
    0.1361214946193766,
    0.134872984321144,
    0.12739068168634377,
    0.08593665751659738,
    0.07354007124014504,
    0.0689530726037504,
    0.06451752690466807,
    0.061049907354007865,
    0.05998651232556561,
    0.057802988001626664,
    0.05124700947432713,
    0.048242257291721144,
    0.04791364813964385,
    0.045561738845417935,
    0.044890051534517104
  ],
  "val_loss": [
    3.0839056228769235,
    2.688994161013899,
    2.379352561358748,
    2.0821169244832007,
    1.86952844570423,
    1.63371820696469,
    1.4294438074375022,
    1.243182946895731,
    1.0130702770989517,
    0.8873485881706764,
    0.7000500097356993,
    0.6582639720933191,
    0.6029931019092428,
    0.5683868763775661,
    0.5123657974703558,
    0.4663028398464466,
    0.4550210273471372,
    0.4350625230320569,
    0.41795676586956815,
    0.41325487967195185,
    0.39704155305336264,
    0.39695267019600705,
    0.3869758058210899,
    0.37640705088089255,
    0.37095815251613484,
    0.37004482694740953,
    0.37314693938041554,
    0.35990657169243384,
    0.3519714793254589,
    0.3636324554681778,
    0.34009777523320295,
    0.3481418120449987,
    0.3573632343062039,
    0.3792524728281745,
    0.3134779986636392,
    0.3115865423761565,
    0.3171298185299183,
    0.30795282742072794,
    0.31964600214670447,
    0.3128895089030266,
    0.31986718470680303,
    0.31048887608380155,
    0.3095951075183934,
    0.3103462303506917,
    0.310754413491693,
    0.3116055475226764
  ],
  "val_cer": [
    0.921061358271757,
    0.7495347624119176,
    0.6817159993682085,
    0.634461066950291,
    0.5979548154790612,
    0.5317776549659631,
    0.5040173413152939,
    0.45440231613453597,
    0.31497513277551,
    0.22939777834713182,
    0.2008498139492213,
    0.16666972350566103,
    0.15678086730080268,
    0.14231174118027567,
    0.14127585028716497,
    0.1279000214345042,
    0.1261532424113243,
    0.11347431678115945,
    0.11090412221877739,
    0.10693489116845797,
    0.09811022983840871,
    0.10526387674825176,
    0.10285506295069874,
    0.09967094612164655,
    0.09501791013105668,
    0.09342848542740785,
    0.09070418924944788,
    0.08423898599006358,
    0.08982055420633006,
    0.08821026614668855,
    0.08245225350559401,
    0.0839467255684928,
    0.08313573100749824,
    0.09138271630189733,
    0.07249767488856929,
    0.07272662981175912,
    0.06963409031701057,
    0.06967545146424456,
    0.07334217581388917,
    0.06999627901432857,
    0.06743135635915809,
    0.06774191595042887,
    0.06842889360400135,
    0.067411290666948,
    0.06750135116918522,
    0.06717114303321199
  ],
  "val_wa": [
    0.05199353448275862,
    0.16783405172413793,
    0.22548491379310345,
    0.2626616379310345,
    0.29040948275862066,
    0.33728448275862066,
    0.36476293103448276,
    0.38685344827586204,
    0.5105064655172413,
    0.6255387931034483,
    0.6589439655172413,
    0.7149784482758621,
    0.7351831896551724,
    0.7535021551724138,
    0.7613146551724138,
    0.7790948275862069,
    0.7847521551724138,
    0.8025323275862069,
    0.8087284482758621,
    0.8138469827586207,
    0.8278556034482759,
    0.818426724137931,
    0.8219288793103449,
    0.8259698275862069,
    0.8356681034482759,
    0.8386314655172413,
    0.8432112068965517,
    0.8523706896551724,
    0.8432112068965517,
    0.8480603448275862,
    0.8521012931034483,
    0.8523706896551724,
    0.8558728448275862,
    0.841864224137931,
    0.8733836206896551,
    0.8728448275862069,
    0.8776939655172413,
    0.8782327586206896,
    0.8733836206896551,
    0.8774245689655172,
    0.8836206896551724,
    0.8828125,
    0.8820043103448276,
    0.8828125,
    0.8836206896551724,
    0.8836206896551724
  ],
  "val_wer": [
    0.9480064655172413,
    0.8321659482758621,
    0.7745150862068966,
    0.7373383620689655,
    0.7095905172413793,
    0.6627155172413793,
    0.6352370689655172,
    0.6131465517241379,
    0.4894935344827586,
    0.3744612068965517,
    0.3410560344827586,
    0.28502155172413796,
    0.26481681034482757,
    0.24649784482758622,
    0.23868534482758622,
    0.2209051724137931,
    0.21524784482758622,
    0.1974676724137931,
    0.19127155172413793,
    0.1861530172413793,
    0.17214439655172414,
    0.18157327586206898,
    0.17807112068965517,
    0.1740301724137931,
    0.16433189655172414,
    0.16136853448275862,
    0.1567887931034483,
    0.1476293103448276,
    0.1567887931034483,
    0.15193965517241378,
    0.1478987068965517,
    0.1476293103448276,
    0.14412715517241378,
    0.15813577586206898,
    0.12661637931034483,
    0.1271551724137931,
    0.12230603448275862,
    0.12176724137931035,
    0.12661637931034483,
    0.12257543103448276,
    0.11637931034482758,
    0.1171875,
    0.11799568965517242,
    0.1171875,
    0.11637931034482758,
    0.11637931034482758
  ],
  "learning_rate": [
    0.0005,
    0.0005,
    0.0005,
    0.0005,
    0.0005,
    0.0005,
    0.0005,
    0.0005,
    0.0005,
    0.0005,
    0.0005,
    0.0005,
    0.0005,
    0.0005,
    0.0005,
    0.0005,
    0.0005,
    0.0005,
    0.0005,
    0.0005,
    0.0005,
    0.0005,
    0.0005,
    0.0005,
    0.0005,
    0.0005,
    0.0005,
    0.0005,
    0.0005,
    0.0005,
    0.0005,
    0.0005,
    0.0005,
    0.0005,
    0.00015,
    0.00015,
    0.00015,
    0.00015,
    0.00015,
    0.00015,
    0.00015,
    4.4999999999999996e-05,
    4.4999999999999996e-05,
    4.4999999999999996e-05,
    1.3499999999999998e-05,
    1.3499999999999998e-05
  ]
}