idx,word_id,ground_truth,prediction,correct
0,c04-110-01-00,assuredness,assuredhess,0
1,c04-110-01-01,"""","""",1
2,c04-110-01-02,Bella,Bella,1
3,c04-110-01-03,Bella,Bella,1
4,c04-110-01-04,Marie,Marie,1
5,c04-110-01-05,"""","""",1
6,c04-110-01-06,(,(,1
7,c04-110-01-07,Parlophone,Parlophone,1
8,c04-110-01-08,),),1
9,c04-110-01-09,",",",",1
10,c04-110-01-10,a,a,1
11,c04-110-01-11,lively,lively,1
12,c04-110-01-12,song,song,1
13,c04-110-01-13,that,that,1
14,c04-110-01-14,changes,changes,1
15,c04-110-01-15,tempo,tempo,1
16,c04-110-01-16,mid-way,midway,0
17,c04-110-01-17,.,.,1
18,c04-110-03-00,CHRIS,CHRIS,1
19,c04-110-03-01,CHARLES,CARLES,0
20,c04-110-03-02,",",",",1
21,c04-110-03-03,39,30,0
22,c04-110-03-04,",",",",1
23,c04-110-03-05,who,who,1
24,c04-110-03-06,lives,lives,1
25,c04-110-03-07,in,in,1
26,c04-110-03-08,Stockton-on-Tees,Shalbon-on-tees,0
27,c04-110-03-09,",",",",1
28,c04-110-03-10,is,is,1
29,c04-110-03-11,an,an,1
30,c04-110-03-12,accountant,accountant,1
31,c04-110-03-13,.,.,1
32,c04-116-00-00,He,He,1
33,c04-116-00-01,is,is,1
34,c04-116-00-02,also,also,1
35,c04-116-00-03,a,a,1
36,c04-116-00-04,director,director,1
37,c04-116-00-05,of,of,1
38,c04-116-00-06,a,a,1
39,c04-116-00-07,couple,couple,1
40,c04-116-00-08,of,of,1
41,c04-116-00-09,garages,garages,1
42,c04-116-00-10,.,.,1
43,c04-116-00-11,And,And,1
44,c04-116-00-12,he,he,1
45,c04-116-00-13,finds,finds,1
46,c04-116-00-14,time,time,1
47,c04-116-00-15,as,as,1
48,c04-116-00-16,well,well,1
49,c04-116-00-17,to,to,1
50,c04-116-00-18,be,be,1
51,c04-116-00-19,a,a,1
52,c04-116-00-20,lyric,lyric,1
53,c04-116-01-00,writer,writer,1
54,c04-116-01-01,.,.,1
55,c04-116-01-02,He,He,1
56,c04-116-01-03,writes,writes,1
57,c04-116-01-04,with,with,1
58,c04-116-01-05,Tolchard,orchard,0
59,c04-116-01-06,Evans,Evans,1
60,c04-116-01-07,",",",",1
61,c04-116-01-08,composer,composer,1
62,c04-116-01-09,of,of,1
63,c04-116-01-10,"""","""",1
64,c04-116-01-11,Lady,Lady,1
65,c04-116-01-12,of,of,1
66,c04-116-01-13,Spain,Gain,0
67,c04-116-01-14,"""","""",1
68,c04-116-01-15,and,and,1
69,c04-116-01-16,other,other,1
70,c04-116-01-17,big,big,1
71,c04-116-01-18,hits,hits,1
72,c04-116-01-19,.,.,1
73,c04-116-02-00,Tolch,Toch,0
74,c04-116-02-01,",",",",1
75,c04-116-02-02,as,as,1
76,c04-116-02-03,he,he,1
77,c04-116-02-04,is,is,1
78,c04-116-02-05,known,known,1
79,c04-116-02-06,in,in,1
80,c04-116-02-07,Tin,To,0
81,c04-116-02-08,Pan,Par,0
82,c04-116-02-09,Alley,Ailey,0
83,c04-116-02-10,",",.,0
84,c04-116-02-11,likes,likes,1
85,c04-116-02-12,songs,songs,1
86,c04-116-02-13,with,with,1
87,c04-116-02-14,a,a,1
88,c04-116-02-15,month,month,1
89,c04-116-02-16,in,in,1
90,c04-116-02-17,the,the,1
91,c04-116-02-18,title,title,1
92,c04-116-02-19,.,.,1
93,c04-116-02-20,He,He,1
94,c04-116-02-21,wrote,wrote,1
95,c04-116-03-00,"""","""",1
96,c04-116-03-01,My,Mr.,0
97,c04-116-03-02,September,September,1
98,c04-116-03-03,Love,love,0
99,c04-116-03-04,",","""",0
100,c04-116-03-05,"""",.,0
101,c04-116-03-06,the,the,1
102,c04-116-03-07,big,big,1
103,c04-116-03-08,David,David,1
104,c04-116-03-09,Whitfield,Whitfield,1
105,c04-116-03-10,hit,hit,1
106,c04-116-03-11,of,of,1
107,c04-116-03-12,1956,1958,0
108,c04-116-03-13,.,.,1
109,c04-134-03-00,She,she,0
110,c04-134-03-01,plays,plays,1
111,c04-134-03-02,the,the,1
112,c04-134-03-03,possessive,possessive,1
113,c04-134-03-04,mother,rather,0
114,c04-134-03-05,of,of,1
115,c04-134-03-06,a,a,1
116,c04-134-03-07,man,may,0
117,c04-134-03-08,whose,whose,1
118,c04-134-03-09,hobby,hobby,1
119,c04-134-03-10,revolves,revolves,1
120,c04-134-04-00,round,round,1
121,c04-134-04-01,a,a,1
122,c04-134-04-02,doll's,Ball's,0
123,c04-134-04-03,house,house,1
124,c04-134-04-04,.,.,1
125,c04-134-06-00,(,(,1
126,c04-134-06-01,BBC,BBB,0
127,c04-134-06-02,",",",",1
128,c04-134-06-03,10.15,1601,0
129,c04-134-06-04,),I,0
130,c04-134-06-05,.,.,1
131,c04-139-00-00,They,They,1
132,c04-139-00-01,will,will,1
133,c04-139-00-02,be,be,1
134,c04-139-00-03,asked,asked,1
135,c04-139-00-04,to,to,1
136,c04-139-00-05,comment,comment,1
137,c04-139-00-06,on,on,1
138,c04-139-00-07,the,the,1
139,c04-139-00-08,design,design,1
140,c04-139-00-09,of,of,1
141,c04-139-00-10,everyday,everyday,1
142,c04-139-00-11,articles,articles,1
143,c04-139-01-00,such,such,1
144,c04-139-01-01,as,as,1
145,c04-139-01-02,a,a,1
146,c04-139-01-03,chair,chair,1
147,c04-139-01-04,and,and,1
148,c04-139-01-05,a,a,1
149,c04-139-01-06,motor-car,motor-car,1
150,c04-139-01-07,.,.,1
151,c04-139-01-08,The,The,1
152,c04-139-01-09,idea,idea,1
153,c04-139-01-10,is,is,1
154,c04-139-01-11,to,to,1
155,c04-139-01-12,see,see,1
156,c04-139-01-13,what,what,1
157,c04-139-01-14,happens,happens,1
158,c04-139-01-15,when,when,1
159,c04-139-02-00,parts,parts,1
160,c04-139-02-01,of,of,1
161,c04-139-02-02,the,the,1
162,c04-139-02-03,mind,mind,1
163,c04-139-02-04,not,not,1
164,c04-139-02-05,normally,morally,0
165,c04-139-02-06,available,available,1
166,c04-139-02-07,without,without,1
167,c04-139-02-08,hypnosis,opposes,0
168,c04-139-02-09,are,are,1
169,c04-139-02-10,used,used,1
170,c04-139-02-11,.,.,1
171,c04-139-03-00,ITV,T,0
172,c04-139-03-01,have,have,1
173,c04-139-03-02,postponed,postponed,1
174,c04-139-03-03,Malcolm,Malcolm,1
175,c04-139-03-04,Muggeridge's,Muggeridge's,1
176,c04-139-03-05,"""","""",1
177,c04-139-03-06,Appointment,Appointment,1
178,c04-139-03-07,with,with,1
179,c04-139-04-00,playwright,playwright,1
180,c04-139-04-01,Arnold,Arnold,1
181,c04-139-04-02,Wesker,wesker,0
182,c04-139-04-03,.,.,1
183,c04-139-04-04,"""","""",1
184,c04-139-04-05,Instead,Instead,1
185,c04-139-04-06,",",",",1
186,c04-139-04-07,Muggeridge's,Moggeridge's,0
187,c04-139-04-08,appointment,appointment,1
188,c04-139-05-00,will,will,1
189,c04-139-05-01,be,be,1
190,c04-139-05-02,with,with,1
191,c04-139-05-03,Sir,Sir,1
192,c04-139-05-04,Roy,Roy,1
193,c04-139-05-05,Welensky,Welensky,1
194,c04-139-05-06,the,the,1
195,c04-139-05-07,Premier,Premier,1
196,c04-139-05-08,of,of,1
197,c04-139-05-09,the,the,1
198,c04-139-05-10,Federation,Federation,1
199,c04-139-06-00,of,of,1
200,c04-139-06-01,Rhodesia,Rhodesia,1
201,c04-139-06-02,and,and,1
202,c04-139-06-03,Nyasaland,plyasalomd,0
203,c04-139-06-04,(,(,1
204,c04-139-06-05,10.30,1930,0
205,c04-139-06-06,p.m.,pink,0
206,c04-139-06-07,),),1
207,c04-139-06-08,.,.,1
208,c04-144-01-00,the,the,1
209,c04-144-01-01,switch,switch,1
210,c04-144-01-02,because,because,1
211,c04-144-01-03,of,of,1
212,c04-144-01-04,the,the,1
213,c04-144-01-05,topicality,typicality,0
214,c04-144-01-06,of,of,1
215,c04-144-01-07,African,African,1
216,c04-144-02-00,affairs,affairs,1
217,c04-144-02-01,.,.,1
218,c04-144-02-02,The,The,1
219,c04-144-02-03,Wesker,Western,0
220,c04-144-02-04,interview,Interview,0
221,c04-144-02-05,will,will,1
222,c04-144-02-06,be,be,1
223,c04-144-02-07,seen,seen,1
224,c04-144-02-08,at,at,1
225,c04-144-02-09,a,a,1
226,c04-144-02-10,later,later,1
227,c04-144-03-00,date,make,0
228,c04-144-03-01,.,.,1
229,c04-144-03-02,"""","""",1
230,c04-144-03-03,ACTOR,cool,0
231,c04-144-03-04,Tom,Tour,0
232,c04-144-03-05,Courtenay,Courtenay,1
233,c04-144-03-06,was,was,1
234,c04-144-03-07,an,an,1
235,c04-144-03-08,outstanding,outstanding,1
236,c04-144-05-00,first,first,1
237,c04-144-05-01,big,big,1
238,c04-144-05-02,TV,TV,1
239,c04-144-05-03,part,pat,0
240,c04-144-05-04,.,.,1
241,c04-144-05-05,The,The,1
242,c04-144-05-06,play,play,1
243,c04-144-05-07,was,was,1
244,c04-144-05-08,a,a,1
245,c04-144-05-09,brilliantly-written,brillomehy-wiltes,0
246,c04-144-06-00,essay,is,0
247,c04-144-06-01,on,on,1
248,c04-144-06-02,soldiering,soldiering,1
249,c04-144-06-03,which,which,1
250,c04-144-06-04,stated,stated,1
251,c04-144-06-05,that,that,1
252,c04-144-06-06,a,a,1
253,c04-144-06-07,fighting,fighting,1
254,c04-144-07-00,man,may,0
255,c04-144-07-01,could,could,1
256,c04-144-07-02,only,all,0
257,c04-144-07-03,be,be,1
258,c04-144-07-04,regarded,regarded,1
259,c04-144-07-05,as,of,0
260,c04-144-07-06,a,a,1
261,c04-144-07-07,machine,machine,1
262,c04-144-07-08,.,.,1
263,c04-150-00-00,Potter,Potter,1
264,c04-150-00-01,screamed,screamed,1
265,c04-150-00-02,during,during,1
266,c04-150-00-03,an,an,1
267,c04-150-00-04,action,action,1
268,c04-150-00-05,",",",",1
269,c04-150-00-06,and,and,1
270,c04-150-00-07,was,less,0
271,c04-150-00-08,arrested,commented,0
272,c04-150-00-09,.,.,1
273,c04-150-00-10,He,He,1
274,c04-150-01-00,claimed,chartered,0
275,c04-150-01-01,he,he,1
276,c04-150-01-02,had,had,1
277,c04-150-01-03,seen,seen,1
278,c04-150-01-04,a,a,1
279,c04-150-01-05,vision,vision,1
280,c04-150-01-06,of,of,1
281,c04-150-01-07,God,God,1
282,c04-150-01-08,-,-,1
283,c04-150-01-09,only,only,1
284,c04-150-01-10,the,the,1
285,c04-150-01-11,padre,pare,0
286,c04-150-01-12,and,and,1
287,c04-150-01-13,his,his,1
288,c04-150-02-00,CO,co,0
289,c04-150-02-01,believed,believed,1
290,c04-150-02-02,him,When,0
291,c04-150-02-03,.,.,1
292,c04-150-02-04,Courtenay,Cawntenay,0
293,c04-150-02-05,played,played,1
294,c04-150-02-06,the,the,1
295,c04-150-02-07,part,part,1
296,c04-150-02-08,with,with,1
297,c04-150-02-09,a,a,1
298,c04-150-02-10,gawky,gawky,1
299,c04-150-02-11,",",",",1
300,c04-150-03-00,Northern,Northern,1
301,c04-150-03-01,defiance,define,0
302,c04-150-03-02,.,.,1
303,c04-150-03-03,The,The,1
304,c04-150-03-04,cameras,control,0
305,c04-150-03-05,played,played,1
306,c04-150-03-06,continuously,continuously,1
307,c04-150-03-07,on,as,0
308,c04-150-03-08,his,his,1
309,c04-150-04-00,craggy,craggy,1
310,c04-150-04-01,face,face,1
311,c04-150-04-02,",",",",1
312,c04-150-04-03,and,and,1
313,c04-150-04-04,obstinate,distluate,0
314,c04-150-04-05,",",",",1
315,c04-150-04-06,baffled,battle,0
316,c04-150-04-07,eyes,eyes,1
317,c04-150-04-08,.,.,1
318,c04-150-04-09,They,They,1
319,c04-150-04-10,stripped,stripped,1
320,c04-150-06-00,what,what,1
321,c04-150-06-01,he,he,1
322,c04-150-06-02,was,was,1
323,c04-150-06-03,-,-,1
324,c04-150-06-04,Potter,utter,0
325,c04-150-06-05,",",",",1
326,c04-150-06-06,a,a,1
327,c04-150-06-07,frightened,frightened,1
328,c04-150-06-08,boy,by,0
329,c04-150-06-09,who,who,1
330,c04-150-06-10,had,had,1
331,c04-150-06-11,a,a,1
332,c04-165-02-00,strike,strike,1
333,c04-165-02-01,.,.,1
334,c04-165-02-02,It,It,1
335,c04-165-02-03,showed,showed,1
336,c04-165-02-04,Britain,Britain,1
337,c04-165-02-05,today,today,1
338,c04-165-02-06,through,through,1
339,c04-165-02-07,the,the,1
340,c04-165-02-08,eyes,eyes,1
341,c04-165-03-00,of,of,1
342,c04-165-03-01,an,an,1
343,c04-165-03-02,American,American,1
344,c04-165-03-03,TV,TV,1
345,c04-165-03-04,reporter,reporter,1
346,c04-165-03-05,",",",",1
347,c04-165-03-06,Eric,Eric,1
348,c04-165-03-07,Sevareid,Sevareid,1
349,c04-165-03-08,",",",",1
350,c04-165-03-09,and,and,1
351,c04-165-04-00,British,British,1
352,c04-165-04-01,personalities,personalities,1
353,c04-165-04-02,.,",",0
354,c04-165-04-03,Among,Among,1
355,c04-165-04-04,them,them,1
356,c04-165-04-05,-,.,0
357,c04-165-04-06,Professor,Professor,1
358,c04-165-06-00,The,The,1
359,c04-165-06-01,film,film,1
360,c04-165-06-02,covered,covered,1
361,c04-165-06-03,a,a,1
362,c04-165-06-04,wide,wide,1
363,c04-165-06-05,aspect,aspect,1
364,c04-165-06-06,of,of,1
365,c04-165-06-07,the,the,1
366,c04-165-06-08,British,British,1
367,c04-165-08-00,to,to,1
368,c04-165-08-01,the,the,1
369,c04-165-08-02,European,European,1
370,c04-165-08-03,Common,Common,1
371,c04-165-08-04,Market,Market,1
372,c04-165-08-05,.,.,1
373,c04-170-00-00,Shelagh,Shelagh,1
374,c04-170-00-01,Delaney,Delaney,1
375,c04-170-00-02,and,and,1
376,c04-170-00-03,Alan,Alan,1
377,c04-170-00-04,Sillitoe,Sillitoe,1
378,c04-170-00-05,attacked,attacked,1
379,c04-170-01-00,education,education,1
380,c04-170-01-01,.,.,1
381,c04-170-01-02,It,It,1
382,c04-170-01-03,was,was,1
383,c04-170-01-04,left,left,1
384,c04-170-01-05,to,to,1
385,c04-170-01-06,reporter,reporter,1
386,c04-170-01-07,Sevareid,Sevareid,1
387,c04-170-02-00,to,to,1
388,c04-170-02-01,make,make,1
389,c04-170-02-02,the,the,1
390,c04-170-02-03,strongest,strongest,1
391,c04-170-02-04,criticisms,criticisms,1
392,c04-170-02-05,.,.,1
393,c04-170-02-06,He,He,1
394,c04-170-02-07,said,said,1
395,c04-170-03-00,that,that,1
396,c04-170-03-01,in,in,1
397,c04-170-03-02,the,the,1
398,c04-170-03-03,race,race,1
399,c04-170-03-04,of,of,1
400,c04-170-03-05,the,the,1
401,c04-170-03-06,modern,modern,1
402,c04-170-03-07,nations,nations,1
403,c04-170-03-08,",",",",1
404,c04-170-04-00,Britain,Britain,1
405,c04-170-04-01,was,was,1
406,c04-170-04-02,slipping,sliding,0
407,c04-170-04-03,behind,behind,1
408,c04-170-04-04,...,...,1
409,c04-170-04-05,.,.,1
410,c06-011-00-00,ALSO,Al,0
411,c06-011-00-01,present,present,1
412,c06-011-00-02,is,i,0
413,c06-011-00-03,a,a,1
414,c06-011-00-04,London,London,1
415,c06-011-00-05,journalist,journalist,1
416,c06-011-00-06,who,who,1
417,c06-011-01-00,arrived,arrived,1
418,c06-011-01-01,two,two,1
419,c06-011-01-02,hours,hours,1
420,c06-011-01-03,earlier,earlier,1
421,c06-011-01-04,by,by,1
422,c06-011-01-05,appointment,appointment,1
423,c06-011-02-00,to,to,1
424,c06-011-02-01,talk,talk,1
425,c06-011-02-02,to,to,1
426,c06-011-02-03,the,the,1
427,c06-011-02-04,author,author,1
428,c06-011-02-05,of,of,1
429,c06-011-02-06,Borstal,Borstal,1
430,c06-011-02-07,Boy,Boy,1
431,c06-011-02-08,and,and,1
432,c06-011-03-00,The,The,1
433,c06-011-03-01,Hostage,Hostage,1
434,c06-011-03-02,about,about,1
435,c06-011-03-03,his,his,1
436,c06-011-03-04,new,new,1
437,c06-011-03-05,work,work,1
438,c06-011-03-06,",",",",1
439,c06-011-03-07,if,if,1
440,c06-011-03-08,any,any,1
441,c06-011-03-09,",",",",1
442,c06-011-04-00,and,and,1
443,c06-011-04-01,who,who,1
444,c06-011-04-02,is,it,0
445,c06-011-04-03,now,now,1
446,c06-011-04-04,being,being,1
447,c06-011-04-05,pluckily,luckily,0
448,c06-011-04-06,convivial,convivial,1
449,c06-011-05-00,to,to,1
450,c06-011-05-01,fight,fight,1
451,c06-011-05-02,off,off,1
452,c06-011-05-03,the,the,1
453,c06-011-05-04,frustration,Amnstration,0
454,c06-011-05-05,.,.,1
455,c06-011-05-06,The,The,1
456,c06-011-05-07,telephone,telephone,1
457,c06-011-06-00,has,has,1
458,c06-011-06-01,rung,sun,0
459,c06-011-06-02,a,a,1
460,c06-011-06-03,couple,couple,1
461,c06-011-06-04,of,at,0
462,c06-011-06-05,times,times,1
463,c06-011-06-06,",",",",1
464,c06-011-06-07,calls,calls,1
465,c06-011-06-08,from,from,1
466,c06-011-07-00,other,ther,0
467,c06-011-07-01,chums,chum,0
468,c06-011-07-02,sniffing,shifting,0
469,c06-011-07-03,the,the,1
470,c06-011-07-04,wind,wind,1
471,c06-011-07-05,and,and,1
472,c06-011-08-00,offering,offering,1
473,c06-011-08-01,to,to,1
474,c06-011-08-02,drop,drop,1
475,c06-011-08-03,by,by,1
476,c06-011-08-04,for,for,1
477,c06-011-08-05,a,a,1
478,c06-011-08-06,chat,chat,1
479,c06-011-08-07,.,.,1
480,d01-016-00-00,The,the,0
481,d01-016-00-01,second,second,1
482,d01-016-00-02,said,said,1
483,d01-016-00-03,that,that,1
484,d01-016-00-04,the,He,0
485,d01-016-00-05,problems,problems,1
486,d01-016-00-06,which,which,1
487,d01-016-00-07,arise,arise,1
488,d01-016-00-08,from,from,1
489,d01-016-00-09,the,the,1
490,d01-016-00-10,comparisons,comparisons,1
491,d01-016-00-11,with,with,1
492,d01-016-01-00,the,H,0
493,d01-016-01-01,Synoptics,dienaptios,0
494,d01-016-01-02,can,can,1
495,d01-016-01-03,be,be,1
496,d01-016-01-04,reasonably,reasonably,1
497,d01-016-01-05,solved,stood,0
498,d01-016-01-06,by,by,1
499,d01-016-01-07,paying,varying,0
500,d01-016-01-08,due,due,1
501,d01-016-01-09,regard,regard,1
502,d01-016-01-10,to,to,1
503,d01-016-01-11,the,He,0
504,d01-016-01-12,time,time,1
505,d01-016-01-13,and,and,1
506,d01-016-02-00,plan,plan,1
507,d01-016-02-01,and,and,1
508,d01-016-02-02,to,to,1
509,d01-016-02-03,the,He,0
510,d01-016-02-04,different,different,1
511,d01-016-02-05,public,public,1
512,d01-016-02-06,for,for,1
513,d01-016-02-07,which,which,1
514,d01-016-02-08,",",",",1
515,d01-016-02-09,or,or,1
516,d01-016-02-10,against,against,1
517,d01-016-02-11,which,which,1
518,d01-016-02-12,",",",",1
519,d01-016-02-13,the,the,1
520,d01-016-02-14,author,color,0
521,d01-016-02-15,wrote,while,0
522,d01-016-02-16,.,.,1
523,d01-016-03-00,The,the,0
524,d01-016-03-01,third,third,1
525,d01-016-03-02,article,rich,0
526,d01-016-03-03,excluded,excluded,1
527,d01-016-03-04,any,any,1
528,d01-016-03-05,allegorical,ollegoncal,0
529,d01-016-03-06,interpretation,interpretation,1
530,d01-016-03-07,of,of,1
531,d01-016-03-08,the,He,0
532,d01-016-03-09,Gospel,bowl,0
533,d01-016-03-10,.,.,1
534,d01-019-00-00,There,there,0
535,d01-019-00-01,is,is,1
536,d01-019-00-02,a,a,1
537,d01-019-00-03,whole,whole,1
538,d01-019-00-04,group,group,1
539,d01-019-00-05,of,at,0
540,d01-019-00-06,theories,terrier,0
541,d01-019-00-07,which,with,0
542,d01-019-00-08,attempt,attempt,1
543,d01-019-00-09,to,to,1
544,d01-019-00-10,explain,explain,1
545,d01-019-00-11,the,the,1
546,d01-019-00-12,problems,problems,1
547,d01-019-00-13,of,at,0
548,d01-019-00-14,the,the,1
549,d01-019-01-00,Fourth,fourth,0
550,d01-019-01-01,Gospel,gospel,0
551,d01-019-01-02,by,by,1
552,d01-019-01-03,explanations,explorations,0
553,d01-019-01-04,based,based,1
554,d01-019-01-05,on,on,1
555,d01-019-01-06,assumed,armed,0
556,d01-019-01-07,textual,testeral,0
557,d01-019-01-08,dislocations,distortions,0
558,d01-019-01-09,.,.,1
559,d01-019-01-10,The,the,0
560,d01-019-02-00,present,present,1
561,d01-019-02-01,state,stay,0
562,d01-019-02-02,of,of,1
563,d01-019-02-03,the,He,0
564,d01-019-02-04,Gospel,open,0
565,d01-019-02-05,is,is,1
566,d01-019-02-06,the,He,0
567,d01-019-02-07,result,result,1
568,d01-019-02-08,of,of,1
569,d01-019-02-09,an,on,0
570,d01-019-02-10,accident-prone,cvcoident-pone,0
571,d01-019-02-11,history,history,1
572,d01-019-02-12,.,.,1
573,d01-019-02-13,The,the,0
574,d01-019-03-00,original,original,1
575,d01-019-03-01,was,doc,0
576,d01-019-03-02,written,written,1
577,d01-019-03-03,on,on,1
578,d01-019-03-04,a,a,1
579,d01-019-03-05,roll,rall,0
580,d01-019-03-06,",",",",1
581,d01-019-03-07,or,or,1
582,d01-019-03-08,codex,code,0
583,d01-019-03-09,",",",",1
584,d01-019-03-10,which,which,1
585,d01-019-03-11,fell,fell,1
586,d01-019-03-12,into,into,1
587,d01-019-03-13,disorder,disorder,1
588,d01-019-03-14,or,or,1
589,d01-019-03-15,was,was,1
590,d01-019-04-00,accidentally,accidentally,1
591,d01-019-04-01,damaged,damaged,1
592,d01-019-04-02,.,.,1
593,d01-019-04-03,An,to,0
594,d01-019-04-04,editor,editor,1
595,d01-019-04-05,",",",",1
596,d01-019-04-06,who,who,1
597,d01-019-04-07,was,was,1
598,d01-019-04-08,not,not,1
599,d01-019-04-09,the,the,1
600,d01-019-04-10,author,actor,0
601,d01-019-04-11,",",",",1
602,d01-019-04-12,made,mae,0
603,d01-019-04-13,what,what,1
604,d01-019-04-14,he,he,1
605,d01-019-05-00,could,could,1
606,d01-019-05-01,of,at,0
607,d01-019-05-02,the,a,0
608,d01-019-05-03,chaos,shows,0
609,d01-019-05-04,by,by,1
610,d01-019-05-05,placing,placing,1
611,d01-019-05-06,the,a,0
612,d01-019-05-07,fragments,thogments,0
613,d01-019-05-08,",",",",1
614,d01-019-05-09,or,or,1
615,d01-019-05-10,sheets,shows,0
616,d01-019-05-11,",",",",1
617,d01-019-05-12,or,or,1
618,d01-019-05-13,pages,pages,1
619,d01-019-05-14,",",",",1
620,d01-019-05-15,in,in,1
621,d01-019-05-16,order,order,1
622,d01-019-05-17,.,.,1
623,d01-049-01-00,case,case,1
624,d01-049-01-01,is,is,1
625,d01-049-01-02,that,that,1
626,d01-049-01-03,",",",",1
627,d01-049-01-04,in,in,1
628,d01-049-01-05,common,common,1
629,d01-049-01-06,with,with,1
630,d01-049-01-07,all,all,1
631,d01-049-01-08,his,his,1
632,d01-049-01-09,colleagues,colleagues,1
633,d01-049-01-10,",",",",1
634,d01-049-02-00,he,he,1
635,d01-049-02-01,has,has,1
636,d01-049-02-02,not,not,1
637,d01-049-02-03,",",",",1
638,d01-049-02-04,until,until,1
639,d01-049-02-05,now,now,1
640,d01-049-02-06,",",",",1
641,d01-049-02-07,been,been,1
642,d01-049-02-08,able,able,1
643,d01-049-02-09,to,to,1
644,d01-049-02-10,exhibit,exhibit,1
645,d01-049-02-11,exactly,exactly,1
646,d01-049-03-00,how,how,1
647,d01-049-03-01,this,this,1
648,d01-049-03-02,enlargement,enlargement,1
649,d01-049-03-03,was,was,1
650,d01-049-03-04,effected,effected,1
651,d01-049-03-05,nor,nor,1
652,d01-049-03-06,has,has,1
653,d01-049-03-07,he,he,1
654,d01-049-04-00,been,been,1
655,d01-049-04-01,able,able,1
656,d01-049-04-02,to,to,1
657,d01-049-04-03,explain,explain,1
658,d01-049-04-04,the,the,1
659,d01-049-04-05,textual,textual,1
660,d01-049-04-06,movements,movements,1
661,d01-049-04-07,by,by,1
662,d01-049-05-00,showing,showing,1
663,d01-049-05-01,that,that,1
664,d01-049-05-02,such,such,1
665,d01-049-05-03,changes,changes,1
666,d01-049-05-04,are,are,1
667,d01-049-05-05,part,part,1
668,d01-049-05-06,of,of,1
669,d01-049-05-07,a,a,1
670,d01-049-06-00,simple,simple,1
671,d01-049-06-01,and,and,1
672,d01-049-06-02,coherent,coherent,1
673,d01-049-06-03,plan,plan,1
674,d01-049-06-04,.,.,1
675,d01-049-06-05,To,To,1
676,d01-049-06-06,understand,understand,1
677,d01-049-06-07,how,how,1
678,d01-049-07-00,this,this,1
679,d01-049-07-01,is,is,1
680,d01-049-07-02,possible,possible,1
681,d01-049-07-03,it,it,1
682,d01-049-07-04,is,is,1
683,d01-049-07-05,necessary,necessary,1
684,d01-049-07-06,to,to,1
685,d01-049-07-07,examine,examine,1
686,d01-049-07-08,the,the,1
687,d01-049-08-00,text,text,1
688,d01-049-08-01,of,of,1
689,d01-049-08-02,the,the,1
690,d01-049-08-03,Gospel,Gospel,1
691,d01-049-08-04,.,.,1
692,d01-052-00-00,THE,THE,1
693,d01-052-00-01,Fourth,Fourth,1
694,d01-052-00-02,Gospel,Gospel,1
695,d01-052-00-03,was,was,1
696,d01-052-00-04,almost,almost,1
697,d01-052-00-05,certainly,certainly,1
698,d01-052-01-00,written,written,1
699,d01-052-01-01,in,in,1
700,d01-052-01-02,Greek,Greek,1
701,d01-052-01-03,.,.,1
702,d01-052-01-04,A,A,1
703,d01-052-01-05,modern,modern,1
704,d01-052-01-06,text,text,1
705,d01-052-01-07,of,of,1
706,d01-052-01-08,the,the,1
707,d01-052-02-00,Gospel,Gospel,1
708,d01-052-02-01,represents,represents,1
709,d01-052-02-02,the,the,1
710,d01-052-02-03,work,work,1
711,d01-052-02-04,of,of,1
712,d01-052-02-05,generations,generations,1
713,d01-052-02-06,of,of,1
714,d01-052-03-00,scholars,scholars,1
715,d01-052-03-01,who,who,1
716,d01-052-03-02,have,have,1
717,d01-052-03-03,compared,compared,1
718,d01-052-03-04,the,the,1
719,d01-052-03-05,many,many,1
720,d01-052-03-06,manu-,mani-,0
721,d01-052-04-00,scripts,script,0
722,d01-052-04-01,of,of,1
723,d01-052-04-02,John,John,1
724,d01-052-04-03,and,and,1
725,d01-052-04-04,worked,worked,1
726,d01-052-04-05,out,out,1
727,d01-052-04-06,the,the,1
728,d01-052-04-07,version,version,1
729,d01-052-05-00,which,which,1
730,d01-052-05-01,is,is,1
731,d01-052-05-02,most,most,1
732,d01-052-05-03,likely,likely,1
733,d01-052-05-04,to,to,1
734,d01-052-05-05,have,have,1
735,d01-052-05-06,been,been,1
736,d01-052-05-07,the,the,1
737,d01-052-05-08,original,original,1
738,d01-052-06-00,wording,wording,1
739,d01-052-06-01,.,.,1
740,d01-052-06-02,It,It,1
741,d01-052-06-03,is,is,1
742,d01-052-06-04,not,not,1
743,d01-052-06-05,possible,possible,1
744,d01-052-06-06,to,to,1
745,d01-052-06-07,establish,establish,1
746,d01-052-06-08,any,any,1
747,d01-052-06-09,one,one,1
748,d01-052-07-00,text,text,1
749,d01-052-07-01,with,with,1
750,d01-052-07-02,absolute,absolute,1
751,d01-052-07-03,precision,precision,1
752,d01-052-07-04,.,",",0
753,d01-080-00-00,The,The,1
754,d01-080-00-01,bar,bar,1
755,d01-080-00-02,was,was,1
756,d01-080-00-03,the,the,1
757,d01-080-00-04,commonest,commonest,1
758,d01-080-00-05,marking,working,0
759,d01-080-00-06,",",",",1
760,d01-080-00-07,but,but,1
761,d01-080-00-08,others,others,1
762,d01-080-01-00,were,were,1
763,d01-080-01-01,also,also,1
764,d01-080-01-02,used,used,1
765,d01-080-01-03,.,.,1
766,d01-080-01-04,Dots,parts,0
767,d01-080-01-05,sometimes,sometimes,1
768,d01-080-01-06,served,served,1
769,d01-080-01-07,in,in,1
770,d01-080-01-08,place,place,1
771,d01-080-01-09,of,of,1
772,d01-080-01-10,the,the,1
773,d01-080-02-00,bar,bar,1
774,d01-080-02-01,",",",",1
775,d01-080-02-02,and,and,1
776,d01-080-02-03,there,there,1
777,d01-080-02-04,are,are,1
778,d01-080-02-05,cases,cases,1
779,d01-080-02-06,where,where,1
780,d01-080-02-07,spacing,sadly,0
781,d01-080-02-08,is,is,1
782,d01-080-02-09,used,used,1
783,d01-080-02-10,as,as,1
784,d01-080-03-00,it,it,1
785,d01-080-03-01,is,is,1
786,d01-080-03-02,now,now,1
787,d01-080-03-03,used,used,1
788,d01-080-03-04,to,to,1
789,d01-080-03-05,mark,work,0
790,d01-080-03-06,a,a,1
791,d01-080-03-07,paragraph,paragraph,1
792,d01-080-03-08,ending,ending,1
793,d01-080-03-09,.,.,1
794,d01-080-03-10,Frequently,frequently,0
795,d01-080-04-00,paragraphos,poragradits,0
796,d01-080-04-01,markings,mornings,0
797,d01-080-04-02,were,were,1
798,d01-080-04-03,omitted,fitted,0
799,d01-080-04-04,.,.,1
800,d01-080-04-05,C.,(,0
801,d01-080-04-06,H.,Mt.,0
802,d01-080-04-07,Roberts,exerts,0
803,d01-080-04-08,is,is,1
804,d01-080-04-09,of,a,0
805,d01-080-05-00,the,the,1
806,d01-080-05-01,opinion,opinion,1
807,d01-080-05-02,that,that,1
808,d01-080-05-03,in,in,1
809,d01-080-05-04,the,the,1
810,d01-080-05-05,original,original,1
811,d01-080-05-06,of,at,0
812,d01-080-05-07,the,the,1
813,d01-080-05-08,Fourth,mouth,0
814,d01-080-05-09,Gospel,propel,0
815,d01-080-06-00,some,some,1
816,d01-080-06-01,markings,workings,0
817,d01-080-06-02,would,would,1
818,d01-080-06-03,be,e,0
819,d01-080-06-04,used,used,1
820,d01-080-06-05,",",",",1
821,d01-080-06-06,although,tough,0
822,d01-080-06-07,which,which,1
823,d01-080-06-08,",",",",1
824,d01-080-06-09,it,its,0
825,d01-080-06-10,is,is,1
826,d01-080-07-00,impossible,impossible,1
827,d01-080-07-01,to,to,1
828,d01-080-07-02,say,say,1
829,d01-080-07-03,.,.,1
830,d01-085-01-00,the,the,1
831,d01-085-01-01,original,original,1
832,d01-085-01-02,of,a,0
833,d01-085-01-03,the,the,1
834,d01-085-01-04,Gospel,gospel,0
835,d01-085-01-05,would,would,1
836,d01-085-01-06,be,be,1
837,d01-085-01-07,unmarked,unworteed,0
838,d01-085-01-08,.,.,1
839,d01-085-01-09,The,The,1
840,d01-085-02-00,original,original,1
841,d01-085-02-01,of,at,0
842,d01-085-02-02,the,the,1
843,d01-085-02-03,Gospel,gasped,0
844,d01-085-02-04,",",',0
845,d01-085-02-05,whether,whether,1
846,d01-085-02-06,written,written,1
847,d01-085-02-07,on,on,1
848,d01-085-02-08,a,a,1
849,d01-085-02-09,roll,ran,0
850,d01-085-02-10,or,a,0
851,d01-085-02-11,codex,cover,0
852,d01-085-02-12,",",",",1
853,d01-085-03-00,whether,whether,1
854,d01-085-03-01,paragraphed,parograpted,0
855,d01-085-03-02,or,or,1
856,d01-085-03-03,not,not,1
857,d01-085-03-04,",",",",1
858,d01-085-03-05,would,would,1
859,d01-085-03-06,be,be,1
860,d01-085-03-07,laid,said,0
861,d01-085-03-08,out,out,1
862,d01-085-03-09,in,in,1
863,d01-085-04-00,columns,calming,0
864,d01-085-04-01,.,.,1
865,d01-085-04-02,This,This,1
866,d01-085-04-03,is,is,1
867,d01-085-04-04,the,the,1
868,d01-085-04-05,invariable,invariable,1
869,d01-085-04-06,practice,practice,1
870,d01-085-04-07,of,at,0
871,d01-085-04-08,ancient,ancient,1
872,d01-085-05-00,manuscripts,manuscripts,1
873,d01-085-05-01,.,.,1
874,d01-085-05-02,A,A,1
875,d01-085-05-03,common,common,1
876,d01-085-05-04,size,of,0
877,d01-085-05-05,of,a,0
878,d01-085-05-06,column,column,1
879,d01-085-05-07,would,would,1
880,d01-085-05-08,hold,hold,1
881,d01-098-00-00,The,the,0
882,d01-098-00-01,edge,edge,1
883,d01-098-00-02,of,of,1
884,d01-098-00-03,this,this,1
885,d01-098-00-04,sheet,sheet,1
886,d01-098-00-05,was,was,1
887,d01-098-00-06,attached,attached,1
888,d01-098-00-07,to,to,1
889,d01-098-00-08,a,a,1
890,d01-098-00-09,wooden,wooden,1
891,d01-098-00-10,dowel,dowel,1
892,d01-098-02-00,a,a,1
893,d01-098-02-01,simple,simple,1
894,d01-098-02-02,and,and,1
895,d01-098-02-03,serviceable,serviceable,1
896,d01-098-02-04,book,book,1
897,d01-098-02-05,.,.,1
898,d01-098-02-06,It,It,1
899,d01-098-02-07,was,was,1
900,d01-098-02-08,robust,rust,0
901,d01-098-02-09,-,-,1
902,d01-098-02-10,the,the,1
903,d01-098-02-11,number,number,1
904,d01-098-03-00,which,which,1
905,d01-098-03-01,have,have,1
906,d01-098-03-02,survived,survived,1
907,d01-098-03-03,the,the,1
908,d01-098-03-04,centuries,centuries,1
909,d01-098-03-05,is,is,1
910,d01-098-03-06,ample,ample,1
911,d01-098-03-07,evidence,evidence,1
912,d01-098-03-08,of,of,1
913,d01-098-04-00,this,this,1
914,d01-098-04-01,-,-,1
915,d01-098-04-02,and,and,1
916,d01-098-04-03,it,it,1
917,d01-098-04-04,was,was,1
918,d01-098-04-05,easily,easily,1
919,d01-098-04-06,stored,stored,1
920,d01-098-04-07,.,.,1
921,d01-098-04-08,It,It,1
922,d01-098-04-09,had,had,1
923,d01-098-04-10,two,two,1
924,d01-098-04-11,disadvantages,disadvantages,1
925,d01-098-04-12,.,.,1
926,d01-098-04-13,It,It,1
927,d01-098-05-00,was,was,1
928,d01-098-05-01,generally,generally,1
929,d01-098-05-02,a,a,1
930,d01-098-05-03,single-sided,sigle-sided,0
931,d01-098-05-04,form,form,1
932,d01-098-05-05,of,of,1
933,d01-098-05-06,book,book,1
934,d01-098-05-07,",",",",1
935,d01-098-05-08,and,and,1
936,d01-098-05-09,it,it,1
937,d01-098-05-10,was,was,1
938,d01-098-05-11,not,not,1
939,d01-104-00-00,This,this,0
940,d01-104-00-01,last,last,1
941,d01-104-00-02,objection,objection,1
942,d01-104-00-03,might,might,1
943,d01-104-00-04,have,have,1
944,d01-104-00-05,had,had,1
945,d01-104-00-06,some,some,1
946,d01-104-00-07,weight,weight,1
947,d01-104-00-08,in,in,1
948,d01-104-01-00,ecclesiastical,ederiastical,0
949,d01-104-01-01,circles,cities,0
950,d01-104-01-02,.,.,1
951,d01-104-01-03,In,In,1
952,d01-104-01-04,his,his,1
953,d01-104-01-05,Natural,Natural,1
954,d01-104-01-06,History,History,1
955,d01-104-01-07,",",",",1
956,d01-104-01-08,13,13,1
957,d01-104-01-09,.,.,1
958,d01-104-01-10,11-12,1912,0
959,d01-104-01-11,",",",",1
960,d01-104-02-00,the,the,1
961,d01-104-02-01,elder,elder,1
962,d01-104-02-02,Pliny,cling,0
963,d01-104-02-03,tells,tells,1
964,d01-104-02-04,of,of,1
965,d01-104-02-05,the,the,1
966,d01-104-02-06,use,use,1
967,d01-104-02-07,of,of,1
968,d01-104-02-08,papyrus,papers,0
969,d01-104-02-09,in,in,1
970,d01-104-02-10,roll-making,poll-making,0
971,d01-104-02-11,.,.,1
972,d01-104-03-00,As,As,1
973,d01-104-03-01,Pliny,cling,0
974,d01-104-03-02,was,was,1
975,d01-104-03-03,killed,killed,1
976,d01-104-03-04,in,in,1
977,d01-104-03-05,the,the,1
978,d01-104-03-06,eruption,eruption,1
979,d01-104-03-07,of,of,1
980,d01-104-03-08,Vesuvius,Vesuvius,1
981,d01-104-03-09,which,which,1
982,d01-104-04-00,overwhelmed,overwhelmed,1
983,d01-104-04-01,Herculaneum,derculaneum,0
984,d01-104-04-02,and,and,1
985,d01-104-04-03,Pompeii,compels,0
986,d01-104-04-04,in,in,1
987,d01-104-04-05,A.D.,Mr.,0
988,d01-104-04-06,79,10,0
989,d01-104-04-07,",",",",1
990,d01-104-04-08,his,his,1
991,d01-104-05-00,information,information,1
992,d01-104-05-01,is,is,1
993,d01-104-05-02,contemporaneous,cttemporancor,0
994,d01-104-05-03,with,with,1
995,d01-104-05-04,the,the,1
996,d01-104-05-05,New,New,1
997,d01-104-05-06,Testament,Testament,1
998,d01-104-05-07,.,.,1
999,d01-104-06-00,The,the,0
1000,d01-104-06-01,other,other,1
1001,d01-104-06-02,form,form,1
1002,d01-104-06-03,of,of,1
1003,d01-104-06-04,book,book,1
1004,d01-104-06-05,was,was,1
1005,d01-104-06-06,the,the,1
1006,d01-104-06-07,codex,cover,0
1007,d01-104-06-08,.,.,1
1008,d01-104-06-09,In,In,1
1009,d01-104-06-10,this,this,1
1010,d01-104-06-11,the,the,1
1011,d01-104-07-00,sheets,sheets,1
1012,d01-104-07-01,were,were,1
1013,d01-104-07-02,bound,some,0
1014,d01-104-07-03,together,together,1
1015,d01-104-07-04,down,down,1
1016,d01-104-07-05,one,one,1
1017,d01-104-07-06,edge,edge,1
1018,d01-104-07-07,much,much,1
1019,d01-104-07-08,as,as,1
1020,d01-118-00-00,Against,against,0
1021,d01-118-00-01,these,these,1
1022,d01-118-00-02,advantages,advantages,1
1023,d01-118-00-03,the,the,1
1024,d01-118-00-04,codex,cover,0
1025,d01-118-00-05,was,was,1
1026,d01-118-00-06,fragile,fragile,1
1027,d01-118-00-07,and,and,1
1028,d01-118-01-00,might,might,1
1029,d01-118-01-01,be,be,1
1030,d01-118-01-02,bulky,bulky,1
1031,d01-118-01-03,.,.,1
1032,d01-118-01-04,It,It,1
1033,d01-118-01-05,is,is,1
1034,d01-118-01-06,sometimes,sometimes,1
1035,d01-118-01-07,possible,possible,1
1036,d01-118-01-08,to,to,1
1037,d01-118-01-09,tell,tell,1
1038,d01-118-02-00,whether,whether,1
1039,d01-118-02-01,or,or,1
1040,d01-118-02-02,not,not,1
1041,d01-118-02-03,a,a,1
1042,d01-118-02-04,particular,particular,1
1043,d01-118-02-05,text,test,0
1044,d01-118-02-06,was,was,1
1045,d01-118-02-07,written,written,1
1046,d01-118-02-08,on,on,1
1047,d01-118-03-00,a,a,1
1048,d01-118-03-01,roll,roll,1
1049,d01-118-03-02,or,or,1
1050,d01-118-03-03,a,a,1
1051,d01-118-03-04,codex,cover,0
1052,d01-118-03-05,.,.,1
1053,d01-118-03-06,Rolls,Rolls,1
1054,d01-118-03-07,were,were,1
1055,d01-118-03-08,prepared,prepared,1
1056,d01-118-03-09,for,for,1
1057,d01-118-04-00,writing,writing,1
1058,d01-118-04-01,",",",",1
1059,d01-118-04-02,but,but,1
1060,d01-118-04-03,any,any,1
1061,d01-118-04-04,papyrus,papymes,0
1062,d01-118-04-05,left,left,1
1063,d01-118-04-06,unused,unused,1
1064,d01-118-04-07,at,at,1
1065,d01-118-04-08,the,the,1
1066,d01-118-05-00,end,end,1
1067,d01-118-05-01,could,could,1
1068,d01-118-05-02,be,be,1
1069,d01-118-05-03,cut,cut,1
1070,d01-118-05-04,off,off,1
1071,d01-118-05-05,.,.,1
1072,d01-118-05-06,If,If,1
1073,d01-118-05-07,the,the,1
1074,d01-118-05-08,text,text,1
1075,d01-118-05-09,was,was,1
1076,d01-118-05-10,longer,langer,0
1077,d01-118-05-11,than,than,1
1078,d01-118-06-00,the,the,1
1079,d01-118-06-01,roll,roll,1
1080,d01-118-06-02,",",",",1
1081,d01-118-06-03,a,a,1
1082,d01-118-06-04,sheet,sheet,1
1083,d01-118-06-05,could,could,1
1084,d01-118-06-06,easily,easily,1
1085,d01-118-06-07,be,be,1
1086,d01-118-06-08,glued,glued,1
1087,d01-118-06-09,on,on,1
1088,d01-118-06-10,.,.,1
1089,d01-123-00-00,The,The,1
1090,d01-123-00-01,verso,verse,0
1091,d01-123-00-02,of,of,1
1092,d01-123-00-03,the,the,1
1093,d01-123-00-04,roll,roll,1
1094,d01-123-00-05,was,was,1
1095,d01-123-00-06,blank,blank,1
1096,d01-123-00-07,",",",",1
1097,d01-123-00-08,and,and,1
1098,d01-123-00-09,one,one,1
1099,d01-123-01-00,cannot,cannot,1
1100,d01-123-01-01,think,think,1
1101,d01-123-01-02,of,of,1
1102,d01-123-01-03,an,an,1
1103,d01-123-01-04,author,author,1
1104,d01-123-01-05,",",",",1
1105,d01-123-01-06,Mark,dark,0
1106,d01-123-01-07,for,for,1
1107,d01-123-01-08,example,example,1
1108,d01-123-01-09,",",",",1
1109,d01-123-02-00,sending,sending,1
1110,d01-123-02-01,out,out,1
1111,d01-123-02-02,his,his,1
1112,d01-123-02-03,Gospel,Gospel,1
1113,d01-123-02-04,lacking,lacking,1
1114,d01-123-02-05,the,the,1
1115,d01-123-02-06,ending,ending,1
1116,d01-123-02-07,",",",",1
1117,d01-123-03-00,while,while,1
1118,d01-123-03-01,one,one,1
1119,d01-123-03-02,whole,whole,1
1120,d01-123-03-03,side,side,1
1121,d01-123-03-04,of,of,1
1122,d01-123-03-05,his,his,1
1123,d01-123-03-06,roll,roll,1
1124,d01-123-03-07,was,was,1
1125,d01-123-03-08,unused,unused,1
1126,d01-123-03-09,.,.,1
1127,d01-123-04-00,The,The,1
1128,d01-123-04-01,codex,colder,0
1129,d01-123-04-02,form,form,1
1130,d01-123-04-03,was,was,1
1131,d01-123-04-04,not,not,1
1132,d01-123-04-05,so,so,1
1133,d01-123-04-06,accommodating,accommodating,1
1134,d01-123-04-07,.,.,1
1135,d01-123-04-08,Even,Even,1
1136,d01-123-05-00,in,in,1
1137,d01-123-05-01,the,the,1
1138,d01-123-05-02,case,case,1
1139,d01-123-05-03,of,of,1
1140,d01-123-05-04,the,the,1
1141,d01-123-05-05,single-sheet,single-shot,0
1142,d01-123-05-06,quire,quite,0
1143,d01-123-05-07,",",",",1
1144,d01-123-05-08,an,an,1
1145,d01-123-05-09,extra,extra,1
1146,d01-123-06-00,sheet,sheet,1
1147,d01-123-06-01,glued,glued,1
1148,d01-123-06-02,on,on,1
1149,d01-123-06-03,might,might,1
1150,d01-123-06-04,have,have,1
1151,d01-123-06-05,to,to,1
1152,d01-123-06-06,be,be,1
1153,d01-123-06-07,gummed,summed,0
1154,d01-123-06-08,on,on,1
1155,d01-123-07-00,over,over,1
1156,d01-123-07-01,the,the,1
1157,d01-123-07-02,binding,binding,1
1158,d01-123-07-03,",",",",1
1159,d01-123-07-04,or,or,1
1160,d01-123-07-05,the,the,1
1161,d01-123-07-06,whole,whole,1
1162,d01-123-07-07,codex,cover,0
1163,d01-123-07-08,rebound,rebound,1
1164,d01-123-07-09,.,.,1
1165,d03-117-00-00,A,a,0
1166,d03-117-00-01,natural,natural,1
1167,d03-117-00-02,transition,transition,1
1168,d03-117-00-03,from,from,1
1169,d03-117-00-04,gardens,tangent,0
1170,d03-117-00-05,and,and,1
1171,d03-117-01-00,orchards,cowhands,0
1172,d03-117-01-01,to,to,1
1173,d03-117-01-02,the,the,1
1174,d03-117-01-03,vital,tat,0
1175,d03-117-01-04,question,quarotion,0
1176,d03-117-01-05,of,of,1
1177,d03-117-01-06,water,color,0
1178,d03-117-02-00,supply,supply,1
1179,d03-117-02-01,.,.,1
1180,d03-117-02-02,The,The,1
1181,d03-117-02-03,pools,pods,0
1182,d03-117-02-04,are,use,0
1183,d03-117-02-05,probably,probably,1
1184,d03-117-02-06,natural,naval,0
1185,d03-117-02-07,springs,sings,0
1186,d03-117-03-00,enlarged,enlarged,1
1187,d03-117-03-01,to,to,1
1188,d03-117-03-02,become,become,1
1189,d03-117-03-03,reservoirs,reseruciss,0
1190,d03-117-03-04,or,on,0
1191,d03-117-03-05,cisterns,dilemma,0
1192,d03-117-03-06,in,in,1
1193,d03-117-05-00,construction,costicdation,0
1194,d03-117-05-01,in,in,1
1195,d03-117-05-02,lines,lines,1
1196,d03-117-05-03,9,I,0
1197,d03-117-05-04,",",",",1
1198,d03-117-05-05,23-25,1811,0
1199,d03-117-05-06,of,of,1
1200,d03-117-05-07,the,the,1
1201,d03-117-05-08,Moabite,Moskite,0
1202,d03-117-05-09,Stone,Horne,0
1203,d03-117-05-10,",",",",1
1204,d03-117-06-00,which,which,1
1205,d03-117-06-01,read,word,0
1206,d03-117-06-02,:,!,0
1207,d03-117-06-03,And,and,0
1208,d03-117-06-04,I,",",0
1209,d03-117-06-05,built,built,1
1210,d03-117-06-06,Baal-meon,haal-med,0
1211,d03-117-06-07,and,and,1
1212,d03-117-06-08,made,make,0
1213,d03-117-07-00,in,in,1
1214,d03-117-07-01,it,it,1
1215,d03-117-07-02,the,the,1
1216,d03-117-07-03,reservoir,Uearvain,0
1217,d03-117-07-04,...,...,1
1218,d03-117-07-05,and,and,1
1219,d03-117-07-06,I,I,1
1220,d03-117-07-07,made,made,1
1221,d03-117-07-08,both,both,1
1222,d03-117-07-09,the,the,1
1223,d03-117-08-00,reservoirs,waarbaios,0
1224,d03-117-08-01,for,for,1
1225,d03-117-08-02,water,water,1
1226,d03-117-08-03,inside,inside,1
1227,d03-117-08-04,the,the,1
1228,d03-117-08-05,town,ton,0
1229,d03-117-08-06,.,",",0
1230,d04-012-00-00,The,The,1
1231,d04-012-00-01,word,word,1
1232,d04-012-00-02,Shamir,hair,0
1233,d04-012-00-03,was,was,1
1234,d04-012-00-04,used,used,1
1235,d04-012-00-05,as,as,1
1236,d04-012-00-06,a,a,1
1237,d04-012-01-00,personal,personal,1
1238,d04-012-01-01,name,name,1
1239,d04-012-01-02,(,(,1
1240,d04-012-01-03,Git.,Git,0
1241,d04-012-01-04,68a,30,0
1242,d04-012-01-05,),),1
1243,d04-012-01-06,.,.,1
1244,d04-012-01-07,The,The,1
1245,d04-012-01-08,Hebrew,Hebrew,1
1246,d04-012-02-00,word,word,1
1247,d04-012-02-01,"""","""",1
1248,d04-012-02-02,SHAMIR,SHARMIR,0
1249,d04-012-02-03,"""","""",1
1250,d04-012-02-04,means,means,1
1251,d04-012-02-05,guarded,guarded,1
1252,d04-012-02-06,or,or,1
1253,d04-012-02-07,preser-,present,0
1254,d04-012-03-00,ved,ved,1
1255,d04-012-03-01,.,.,1
1256,d04-012-03-02,Therefore,Therefore,1
1257,d04-012-03-03,",",",",1
1258,d04-012-03-04,the,the,1
1259,d04-012-03-05,real,real,1
1260,d04-012-03-06,man,mon,0
1261,d04-012-03-07,",",",",1
1262,d04-012-03-08,who,who,1
1263,d04-012-04-00,regards,regards,1
1264,d04-012-04-01,himself,himself,1
1265,d04-012-04-02,as,as,1
1266,d04-012-04-03,insignificant,insignificant,1
1267,d04-012-04-04,",",",",1
1268,d04-012-04-05,as,as,1
1269,d04-012-04-06,the,the,1
1270,d04-012-05-00,prayer,prayer,1
1271,d04-012-05-01,says,sags,0
1272,d04-012-05-02,:,.,0
1273,d04-012-05-03,"""","""",1
1274,d04-012-05-04,What,what,0
1275,d04-012-05-05,am,aw,0
1276,d04-012-05-06,I,I,1
1277,d04-012-05-07,?,?,1
1278,d04-012-05-08,A,A,1
1279,d04-012-05-09,worm,worm,1
1280,d04-012-05-10,"""","""",1
1281,d04-012-05-11,",",",",1
1282,d04-012-05-12,he,he,1
1283,d04-012-06-00,is,"""",0
1284,d04-012-06-01,the,the,1
1285,d04-012-06-02,Shamir,hair,0
1286,d04-012-06-03,and,and,1
1287,d04-012-06-04,such,such,1
1288,d04-012-06-05,a,a,1
1289,d04-012-06-06,man,man,1
1290,d04-012-06-07,fulfils,fulfil,0
1291,d04-012-07-00,the,the,1
1292,d04-012-07-01,Shmah,stomach,0
1293,d04-012-07-02,",",",",1
1294,d04-012-07-03,loves,loves,1
1295,d04-012-07-04,the,the,1
1296,d04-012-07-05,Lord,Lord,1
1297,d04-012-07-06,God,God,1
1298,d04-012-07-07,with,with,1
1299,d04-016-02-00,a,a,1
1300,d04-016-02-01,man,man,1
1301,d04-016-02-02,is,is,1
1302,d04-016-02-03,the,the,1
1303,d04-016-02-04,Shamir,hair,0
1304,d04-016-02-05,that,that,1
1305,d04-016-02-06,guards,guards,1
1306,d04-016-02-07,him-,his,0
1307,d04-016-03-00,self,self,1
1308,d04-016-03-01,against,against,1
1309,d04-016-03-02,all,all,1
1310,d04-016-03-03,the,the,1
1311,d04-016-03-04,irrelevant,irrelevant,1
1312,d04-016-03-05,pleasures,pleasures,1
1313,d04-016-03-06,.,.,1
1314,d04-016-04-00,Such,Such,1
1315,d04-016-04-01,a,a,1
1316,d04-016-04-02,Shamir,shower,0
1317,d04-016-04-03,possesses,possesses,1
1318,d04-016-04-04,the,the,1
1319,d04-016-04-05,real,real,1
1320,d04-016-04-06,acid,aid,0
1321,d04-016-07-00,us,as,0
1322,d04-016-07-01,earthly,earthly,1
1323,d04-016-07-02,creatures,creatures,1
1324,d04-016-07-03,to,to,1
1325,d04-016-07-04,build,build,1
1326,d04-016-07-05,an,an,1
1327,d04-016-07-06,Altar,Altar,1
1328,d04-016-08-00,for,for,1
1329,d04-016-08-01,God,God,1
1330,d04-016-08-02,to,to,1
1331,d04-016-08-03,come,come,1
1332,d04-016-08-04,nearer,heaven,0
1333,d04-016-08-05,to,to,1
1334,d04-016-08-06,God,God,1
1335,d04-016-08-07,.,.,1
1336,d04-021-00-00,The,The,1
1337,d04-021-00-01,action,action,1
1338,d04-021-00-02,of,of,1
1339,d04-021-00-03,the,the,1
1340,d04-021-00-04,Shamir,shower,0
1341,d04-021-00-05,writes,writes,1
1342,d04-021-00-06,books,books,1
1343,d04-021-00-07,and,and,1
1344,d04-021-00-08,their,their,1
1345,d04-021-01-00,books,books,1
1346,d04-021-01-01,are,are,1
1347,d04-021-01-02,readable,readable,1
1348,d04-021-01-03,.,.,1
1349,d04-021-01-04,This,This,1
1350,d04-021-01-05,Shamir,hair,0
1351,d04-021-01-06,is,in,0
1352,d04-021-01-07,indeed,indeed,1
1353,d04-021-01-08,a,a,1
1354,d04-021-01-09,rare,sake,0
1355,d04-021-02-00,diamond,diamond,1
1356,d04-021-02-01,that,that,1
1357,d04-021-02-02,incises,imposes,0
1358,d04-021-02-03,the,the,1
1359,d04-021-02-04,hardest,hardest,1
1360,d04-021-02-05,rock,rock,1
1361,d04-021-02-06,",",",",1
1362,d04-021-02-07,the,the,1
1363,d04-021-02-08,hardest,hardest,1
1364,d04-021-03-00,facts,facts,1
1365,d04-021-03-01,.,.,1
1366,d04-021-03-02,And,And,1
1367,d04-021-03-03,these,these,1
1368,d04-021-03-04,creatures,creatures,1
1369,d04-021-03-05,existed,existed,1
1370,d04-021-03-06,from,from,1
1371,d04-021-03-07,the,the,1
1372,d04-021-04-00,beginning,beginning,1
1373,d04-021-04-01,.,.,1
1374,d04-021-04-02,It,IL,0
1375,d04-021-04-03,is,is,1
1376,d04-021-04-04,"""","""",1
1377,d04-021-04-05,the,the,1
1378,d04-021-04-06,stone,stone,1
1379,d04-021-04-07,",",",",1
1380,d04-021-04-08,which,which,1
1381,d04-021-04-09,the,the,1
1382,d04-021-04-10,builders,builders,1
1383,d04-021-05-00,refused,refused,1
1384,d04-021-05-01,",",",",1
1385,d04-021-05-02,but,but,1
1386,d04-021-05-03,it,it,1
1387,d04-021-05-04,is,is,1
1388,d04-021-05-05,to,to,1
1389,d04-021-05-06,become,become,1
1390,d04-021-05-07,the,the,1
1391,d04-021-05-08,head-stone,head-stones,0
1392,d04-021-06-00,of,of,1
1393,d04-021-06-01,the,the,1
1394,d04-021-06-02,corner,comer,0
1395,d04-021-06-03,"""","""",1
1396,d04-021-06-04,.,.,1
1397,d04-021-06-05,(,(,1
1398,d04-021-06-06,Ps.,Mr.,0
1399,d04-021-06-07,118,18,0
1400,d04-021-06-08,",",",",1
1401,d04-021-06-09,22,a,0
1402,d04-021-06-10,.,.,1
1403,d04-021-06-11,),),1
1404,d04-021-06-12,And,And,1
1405,d04-021-06-13,the,the,1
1406,d04-021-06-14,stone,stone,1
1407,d04-021-06-15,shall,shall,1
1408,d04-021-07-00,tell,tell,1
1409,d04-021-07-01,!,!,1
1410,d04-028-00-00,"""",",",0
1411,d04-028-00-01,For,for,0
1412,d04-028-00-02,the,the,1
1413,d04-028-00-03,stone,stone,1
1414,d04-028-00-04,shall,shall,1
1415,d04-028-00-05,cry,cry,1
1416,d04-028-00-06,out,out,1
1417,d04-028-00-07,of,of,1
1418,d04-028-00-08,the,the,1
1419,d04-028-00-09,wall,wall,1
1420,d04-028-00-10,"""",",",0
1421,d04-028-00-11,",",",",1
1422,d04-028-00-12,like,like,1
1423,d04-028-02-00,creak,creak,1
1424,d04-028-02-01,in,in,1
1425,d04-028-02-02,answer,answer,1
1426,d04-028-02-03,"""","""",1
1427,d04-028-02-04,"""","""",1
1428,d04-028-02-05,if,if,1
1429,d04-028-02-06,the,the,1
1430,d04-028-02-07,roof,roof,1
1431,d04-028-02-08,of,of,1
1432,d04-028-02-09,our,out,0
1433,d04-028-02-10,security,security,1
1434,d04-028-02-11,is,is,1
1435,d04-028-04-00,through,through,1
1436,d04-028-04-01,the,the,1
1437,d04-028-04-02,Shamir,hair,0
1438,d04-028-04-03,:,:,1
1439,d04-028-04-04,"""","""",1
1440,d04-028-04-05,That,Chat,0
1441,d04-028-04-06,the,the,1
1442,d04-028-04-07,earth,earth,1
1443,d04-028-04-08,shall,shall,1
1444,d04-028-04-09,be,be,1
1445,d04-028-05-00,filled,filled,1
1446,d04-028-05-01,with,with,1
1447,d04-028-05-02,the,the,1
1448,d04-028-05-03,knowledge,knowledge,1
1449,d04-028-05-04,of,of,1
1450,d04-028-05-05,the,the,1
1451,d04-028-05-06,Glory,Glory,1
1452,d04-028-05-07,of,of,1
1453,d04-028-05-08,the,the,1
1454,d04-032-00-00,The,The,1
1455,d04-032-00-01,Shamir's,shawls,0
1456,d04-032-00-02,daily,daily,1
1457,d04-032-00-03,life,life,1
1458,d04-032-00-04,writes,writes,1
1459,d04-032-00-05,the,the,1
1460,d04-032-00-06,Decalogue,Decologue,0
1461,d04-032-00-07,",",",",1
1462,d04-032-01-00,which,which,1
1463,d04-032-01-01,is,is,1
1464,d04-032-01-02,written,writhe,0
1465,d04-032-01-03,on,by,0
1466,d04-032-01-04,two,two,1
1467,d04-032-01-05,plates,plates,1
1468,d04-032-01-06,",",",",1
1469,d04-032-01-07,the,the,1
1470,d04-032-01-08,hard,hard,1
1471,d04-032-01-09,facts,facts,1
1472,d04-032-04-00,a,a,1
1473,d04-032-04-01,deep,deep,1
1474,d04-032-04-02,impression,smppreasioy,0
1475,d04-032-04-03,on,by,0
1476,d04-032-04-04,our,our,1
1477,d04-032-04-05,feelings,Feelings,0
1478,d04-032-04-06,and,and,1
1479,d04-032-04-07,senses,senses,1
1480,d04-032-04-08,.,.,1
1481,d04-032-05-00,They,shay,0
1482,d04-032-05-01,make,make,1
1483,d04-032-05-02,us,us,1
1484,d04-032-05-03,the,the,1
1485,d04-032-05-04,Altar,unclear,0
1486,d04-032-05-05,for,for,1
1487,d04-032-05-06,God,God,1
1488,d04-032-05-07,to,to,1
1489,d04-032-05-08,emit,emit,1
1490,d04-032-06-00,the,the,1
1491,d04-032-06-01,Light,right,0
1492,d04-032-06-02,which,which,1
1493,d04-032-06-03,can,cong,0
1494,d04-032-06-04,be,be,1
1495,d04-032-06-05,read,read,1
1496,d04-032-06-06,in,by,0
1497,d04-032-06-07,every,every,1
1498,d04-032-07-00,language,language,1
1499,d04-032-07-01,.,.,1
1500,d04-032-07-02,The,She,0
1501,d04-032-07-03,Shamir,shams,0
1502,d04-032-07-04,is,is,1
1503,d04-032-07-05,the,the,1
1504,d04-032-07-06,"""",a,0
1505,d04-032-07-07,seventh,seventh,1
1506,d04-032-07-08,"""",it,0
1507,d04-032-07-09,and,and,1
1508,d04-032-08-00,most,most,1
1509,d04-032-08-01,important,important,1
1510,d04-032-08-02,creature,creature,1
1511,d04-032-08-03,",",",",1
1512,d04-032-08-04,that,that,1
1513,d04-032-08-05,was,was,1
1514,d04-032-08-06,created,created,1
1515,d04-032-08-07,on,of,0
1516,d04-032-10-00,Sabbath,Sabbath,1
1517,d04-032-10-01,",",",",1
1518,d04-032-10-02,real,real,1
1519,d04-032-10-03,peace,peace,1
1520,d04-032-10-04,to,to,1
1521,d04-032-10-05,the,the,1
1522,d04-032-10-06,whole,whole,1
1523,d04-032-10-07,world,world,1
1524,d04-032-10-08,.,.,1
1525,d04-037-02-00,diligently,diligently,1
1526,d04-037-02-01,unto,unto,1
1527,d04-037-02-02,my,my,1
1528,d04-037-02-03,commandments,comppoychyegts,0
1529,d04-037-02-04,",",",",1
1530,d04-037-02-05,which,which,1
1531,d04-037-02-06,I,I,1
1532,d04-037-02-07,command,comppoyyd,0
1533,d04-037-03-00,you,You,0
1534,d04-037-03-01,this,this,1
1535,d04-037-03-02,day,day,1
1536,d04-037-03-03,",",",",1
1537,d04-037-03-04,to,to,1
1538,d04-037-03-05,love,lone,0
1539,d04-037-03-06,the,the,1
1540,d04-037-03-07,Lord,Lord,1
1541,d04-037-03-08,your,your,1
1542,d04-037-03-09,God,God,1
1543,d04-037-03-10,",",",",1
1544,d04-037-03-11,and,and,1
1545,d04-037-03-12,to,to,1
1546,d04-037-04-00,serve,were,0
1547,d04-037-04-01,Him,thy,0
1548,d04-037-04-02,with,with,1
1549,d04-037-04-03,all,all,1
1550,d04-037-04-04,your,your,1
1551,d04-037-04-05,heart,heart,1
1552,d04-037-04-06,and,and,1
1553,d04-037-04-07,with,with,1
1554,d04-037-04-08,all,all,1
1555,d04-037-06-00,is,is,1
1556,d04-037-06-01,something,something,1
1557,d04-037-06-02,deficient,deficient,1
1558,d04-037-06-03,.,.,1
1559,d04-047-00-00,Under,Under,1
1560,d04-047-00-01,such,such,1
1561,d04-047-00-02,conditions,conditions,1
1562,d04-047-00-03,without,without,1
1563,d04-047-00-04,putting,putting,1
1564,d04-047-00-05,your,your,1
1565,d04-047-01-00,mind,mind,1
1566,d04-047-01-01,together,together,1
1567,d04-047-01-02,we,we,1
1568,d04-047-01-03,cannot,cannot,1
1569,d04-047-01-04,solve,solve,1
1570,d04-047-01-05,the,the,1
1571,d04-047-01-06,further,further,1
1572,d04-047-02-00,summons,summons,1
1573,d04-047-02-01,of,of,1
1574,d04-047-02-02,destiny,destiny,1
1575,d04-047-02-03,",",",",1
1576,d04-047-02-04,to,to,1
1577,d04-047-02-05,solve,solve,1
1578,d04-047-02-06,the,the,1
1579,d04-047-02-07,economic,economic,1
1580,d04-047-03-00,problems,problems,1
1581,d04-047-03-01,.,.,1
1582,d04-047-03-02,Hence,Hence,1
1583,d04-047-03-03,says,says,1
1584,d04-047-03-04,Rabbi,Rabbi's,0
1585,d04-047-03-05,Simeon,someone,0
1586,d04-047-03-06,ben,ben,1
1587,d04-047-04-00,Jochai,Social,0
1588,d04-047-04-01,(,(,1
1589,d04-047-04-02,Tanis,Paris,0
1590,d04-047-04-03,6a,bo,0
1591,d04-047-04-04,),),1
1592,d04-047-04-05,"""","""",1
1593,d04-047-04-06,if,if,1
1594,d04-047-04-07,Israel,Israel,1
1595,d04-047-04-08,does,does,1
1596,d04-047-04-09,not,not,1
1597,d04-047-04-10,fulfil,fulfil,1
1598,d04-047-05-00,the,the,1
1599,d04-047-05-01,wish,wish,1
1600,d04-047-05-02,of,of,1
1601,d04-047-05-03,the,the,1
1602,d04-047-05-04,Lord,Lord,1
1603,d04-047-05-05,",",",",1
1604,d04-047-05-06,failing,falling,0
1605,d04-047-05-07,to,to,1
1606,d04-047-05-08,serve,serve,1
1607,d04-047-05-09,the,the,1
1608,d04-047-06-00,Lord,Lord,1
1609,d04-047-06-01,God,God,1
1610,d04-047-06-02,with,with,1
1611,d04-047-06-03,all,all,1
1612,d04-047-06-04,their,their,1
1613,d04-047-06-05,visionary,missionary,0
1614,d04-047-06-06,power,power,1
1615,d04-047-06-07,",",",",1
1616,d04-047-07-00,the,the,1
1617,d04-047-07-01,work,work,1
1618,d04-047-07-02,will,will,1
1619,d04-047-07-03,have,have,1
1620,d04-047-07-04,to,to,1
1621,d04-047-07-05,be,be,1
1622,d04-047-07-06,done,done,1
1623,d04-047-07-07,by,by,1
1624,d04-047-07-08,each,each,1
1625,d04-050-00-00,They,They,1
1626,d04-050-00-01,will,will,1
1627,d04-050-00-02,not,not,1
1628,d04-050-00-03,work,work,1
1629,d04-050-00-04,in,In,0
1630,d04-050-00-05,union,union,1
1631,d04-050-00-06,.,.,1
1632,d04-050-00-07,If,if,0
1633,d04-050-00-08,physical,physical,1
1634,d04-050-00-09,power,power,1
1635,d04-050-00-10,",",.,0
1636,d04-050-00-11,spiritual,spiritual,1
1637,d04-050-00-12,power,power,1
1638,d04-050-01-00,and,and,1
1639,d04-050-01-01,visionary,visionaty,0
1640,d04-050-01-02,power,power,1
1641,d04-050-01-03,is,is,1
1642,d04-050-01-04,not,not,1
1643,d04-050-01-05,united,united,1
1644,d04-050-01-06,",",.,0
1645,d04-050-01-07,man,man,1
1646,d04-050-01-08,will,will,1
1647,d04-050-01-09,remain,remain,1
1648,d04-050-01-10,in,in,1
1649,d04-050-01-11,his,his,1
1650,d04-050-01-12,heart,heart,1
1651,d04-050-02-00,selfish,Selfish,0
1652,d04-050-02-01,and,and,1
1653,d04-050-02-02,think,think,1
1654,d04-050-02-03,only,only,1
1655,d04-050-02-04,of,of,1
1656,d04-050-02-05,one's,one's,1
1657,d04-050-02-06,personal,personal,1
1658,d04-050-02-07,advantage,advantage,1
1659,d04-050-02-08,to,to,1
1660,d04-050-03-00,gratify,gravity,0
1661,d04-050-03-01,selfish,selfish,1
1662,d04-050-03-02,aims,aims,1
1663,d04-050-03-03,",",.,0
1664,d04-050-03-04,then,then,1
1665,d04-050-03-05,each,each,1
1666,d04-050-03-06,man,man,1
1667,d04-050-03-07,will,will,1
1668,d04-050-03-08,gather-in,gathering,0
1669,d04-050-04-00,for,for,1
1670,d04-050-04-01,himself,himself,1
1671,d04-050-04-02,only,only,1
1672,d04-050-04-03,",",",",1
1673,d04-050-04-04,instead,instead,1
1674,d04-050-04-05,of,of,1
1675,d04-050-04-06,all,all,1
1676,d04-050-04-07,to,to,1
1677,d04-050-04-08,help,help,1
1678,d04-050-04-09,to,to,1
1679,d04-050-04-10,gather,gather,1
1680,d04-050-04-11,your,your,1
1681,d04-053-02-00,midst,midst,1
1682,d04-053-02-01,of,of,1
1683,d04-053-02-02,plenty,plenty,1
1684,d04-053-02-03,.,",",0
1685,d04-053-02-04,Help,Help,1
1686,d04-053-02-05,will,will,1
1687,d04-053-02-06,not,not,1
1688,d04-053-02-07,be,be,1
1689,d04-053-02-08,easily,easily,1
1690,d04-053-02-09,forth-,forth,0
1691,d04-053-03-00,coming,coming,1
1692,d04-053-03-01,for,for,1
1693,d04-053-03-02,the,the,1
1694,d04-053-03-03,people,people,1
1695,d04-053-03-04,in,in,1
1696,d04-053-03-05,need,need,1
1697,d04-053-03-06,.,.,1
1698,d04-053-03-07,They,They,1
1699,d04-053-03-08,will,will,1
1700,d04-053-04-00,think,think,1
1701,d04-053-04-01,of,of,1
1702,d04-053-04-02,the,the,1
1703,d04-053-04-03,animals,animals,1
1704,d04-053-04-04,first,first,1
1705,d04-053-04-05,(,(,1
1706,d04-053-04-06,which,which,1
1707,d04-053-04-07,is,is,1
1708,d04-053-04-08,of,of,1
1709,d04-053-04-09,course,course,1
1710,d04-053-05-00,our,our,1
1711,d04-053-05-01,duty,duty,1
1712,d04-053-05-02,),),1
1713,d04-053-05-03,.,.,1
1714,d04-053-05-04,Of,of,0
1715,d04-053-05-05,course,course,1
1716,d04-053-05-06,the,the,1
1717,d04-053-05-07,individual,individual,1
1718,d04-053-05-08,will,will,1
1719,d04-053-06-00,eat,eat,1
1720,d04-053-06-01,and,and,1
1721,d04-053-06-02,be,be,1
1722,d04-053-06-03,full,full,1
1723,d04-053-06-04,but,but,1
1724,d04-053-06-05,:,:,1
1725,d04-053-06-06,"""","""",1
1726,d04-053-06-07,Take,Take,1
1727,d04-053-06-08,heed,heed,1
1728,d04-053-06-09,to,to,1
1729,d04-053-06-10,yourself,yourself,1
1730,d04-053-06-11,",",",",1
1731,d04-053-07-00,that,that,1
1732,d04-053-07-01,your,your,1
1733,d04-053-07-02,heart,heart,1
1734,d04-053-07-03,be,be,1
1735,d04-053-07-04,not,not,1
1736,d04-053-07-05,deceived,deceived,1
1737,d04-053-07-06,",",",",1
1738,d04-053-07-07,and,and,1
1739,d04-053-07-08,1ye,he,0
1740,d04-053-07-09,turn,turn,1
1741,d04-053-09-00,the,the,1
1742,d04-053-09-01,yourself,yourself,1
1743,d04-053-09-02,is,in,0
1744,d04-053-09-03,thy,they,0
1745,d04-053-09-04,greatest,greatest,1
1746,d04-053-09-05,enemy,enemy,1
1747,d04-053-09-06,",",",",1
1748,d04-053-09-07,the,the,1
1749,d04-053-09-08,self-,self,0
1750,d04-053-10-00,seeking,seeking,1
1751,d04-053-10-01,self,self,1
1752,d04-053-10-02,.,.,1
1753,d04-058-00-00,And,And,1
1754,d04-058-00-01,you,you,1
1755,d04-058-00-02,serve,serve,1
1756,d04-058-00-03,Mammon,Hammond,0
1757,d04-058-00-04,and,and,1
1758,d04-058-00-05,God,God,1
1759,d04-058-00-06,.,.,1
1760,d04-058-00-07,And,And,1
1761,d04-058-00-08,you,you,1
1762,d04-058-00-09,cannot,cannot,1
1763,d04-058-00-10,serve,serve,1
1764,d04-058-05-00,yield,groin,0
1765,d04-058-05-01,not,not,1
1766,d04-058-05-02,her,her,1
1767,d04-058-05-03,fruit,Print,0
1768,d04-058-05-04,and,and,1
1769,d04-058-05-05,lest,lost,0
1770,d04-058-05-06,1ye,due,0
1771,d04-058-05-07,perish,perish,1
1772,d04-058-05-08,quickly,quickly,1
1773,d04-058-05-09,from,from,1
1774,d04-058-05-10,off,off,1
1775,d04-058-05-11,the,the,1
1776,d04-062-00-00,For,For,1
1777,d04-062-00-01,without,without,1
1778,d04-062-00-02,the,the,1
1779,d04-062-00-03,vision,vision,1
1780,d04-062-00-04,to,to,1
1781,d04-062-00-05,serve,serve,1
1782,d04-062-00-06,the,the,1
1783,d04-062-00-07,Lord,Lord,1
1784,d04-062-00-08,your,your,1
1785,d04-062-00-09,God,God,1
1786,d04-062-00-10,with,with,1
1787,d04-062-00-11,all,all,1
1788,d04-062-01-00,your,your,1
1789,d04-062-01-01,heart,heart,1
1790,d04-062-01-02,and,and,1
1791,d04-062-01-03,with,with,1
1792,d04-062-01-04,all,all,1
1793,d04-062-01-05,your,our,0
1794,d04-062-01-06,soul,out,0
1795,d04-062-01-07,and,and,1
1796,d04-062-01-08,with,with,1
1797,d04-062-01-09,all,al,0
1798,d04-062-01-10,your,air,0
1799,d04-062-01-11,might,might,1
1800,d04-062-02-00,the,the,1
1801,d04-062-02-01,problem,problem,1
1802,d04-062-02-02,of,of,1
1803,d04-062-02-03,life,life,1
1804,d04-062-02-04,cannot,cannot,1
1805,d04-062-02-05,be,be,1
1806,d04-062-02-06,solved,solved,1
1807,d04-062-02-07,.,.,1
1808,d04-062-02-08,"""","""",1
1809,d04-062-02-09,Therefore,therefore,0
1810,d04-062-02-10,shall,shall,1
1811,d04-062-02-11,1ye,de,0
1812,d04-062-02-12,lay,lay,1
1813,d04-066-00-00,And,And,1
1814,d04-066-00-01,the,the,1
1815,d04-066-00-02,sequence,sequence,1
1816,d04-066-00-03,in,in,1
1817,d04-066-00-04,the,the,1
1818,d04-066-00-05,text,text,1
1819,d04-066-00-06,is,is,1
1820,d04-066-00-07,different,different,1
1821,d04-066-00-08,than,than,1
1822,d04-066-04-00,bind,bind,1
1823,d04-066-04-01,them,them,1
1824,d04-066-04-02,to,to,1
1825,d04-066-04-03,have,have,1
1826,d04-066-04-04,the,the,1
1827,d04-066-04-05,vision,vision,1
1828,d04-066-04-06,and,and,1
1829,d04-066-04-07,then,then,1
1830,d04-066-04-08,"""","""",1
1831,d04-066-04-09,And,And,1
1832,d04-066-04-10,1ye,the,0
1833,d04-066-06-00,ne,me,0
1834,d04-066-06-01,through,through,1
1835,d04-066-06-02,the,the,1
1836,d04-066-06-03,mill,will,0
1837,d04-066-06-04,",",",",1
1838,d04-066-06-05,we,we,1
1839,d04-066-06-06,need,need,1
1840,d04-066-06-07,not,not,1
1841,d04-066-06-08,teach,teach,1
1842,d04-066-06-09,them,them,1
1843,d04-066-07-00,to,to,1
1844,d04-066-07-01,the,the,1
1845,d04-066-07-02,children,children,1
1846,d04-066-07-03,any,any,1
1847,d04-066-07-04,more,more,1
1848,d04-066-07-05,diligently,diligently,1
1849,d04-066-07-06,and,and,1
1850,d04-066-07-07,the,the,1
1851,d04-066-08-00,children,children,1
1852,d04-066-08-01,will,will,1
1853,d04-066-08-02,grasp,grasp,1
1854,d04-066-08-03,now,now,1
1855,d04-066-08-04,what,wheat,0
1856,d04-066-08-05,will,will,1
1857,d04-066-08-06,befall,befall,1
1858,d04-066-09-00,them,them,1
1859,d04-066-09-01,without,without,1
1860,d04-066-09-02,visionary,missionary,0
1861,d04-066-09-03,power,power,1
1862,d04-066-09-04,.,.,1
1863,d04-086-00-00,And,And,1
1864,d04-086-00-01,the,the,1
1865,d04-086-00-02,tsitsits,tsitsits,1
1866,d04-086-00-03,had,had,1
1867,d04-086-00-04,a,a,1
1868,d04-086-00-05,message,message,1
1869,d04-086-00-06,sealed,sealed,1
1870,d04-086-00-07,inside,inside,1
1871,d04-086-00-08,the,the,1
1872,d04-086-00-09,knots,knots,1
1873,d04-086-01-00,just,just,1
1874,d04-086-01-01,as,as,1
1875,d04-086-01-02,there,there,1
1876,d04-086-01-03,is,is,1
1877,d04-086-01-04,a,a,1
1878,d04-086-01-05,message,message,1
1879,d04-086-01-06,sealed,sealed,1
1880,d04-086-01-07,in,in,1
1881,d04-086-01-08,the,the,1
1882,d04-086-01-09,four,four,1
1883,d04-086-01-10,emblems,sublime,0
1884,d04-086-01-11,which,which,1
1885,d04-086-02-00,are,are,1
1886,d04-086-02-01,used,used,1
1887,d04-086-02-02,on,on,1
1888,d04-086-02-03,Passover,Passover,1
1889,d04-086-02-04,",",.,0
1890,d04-086-02-05,to,to,1
1891,d04-086-02-06,depict,depict,1
1892,d04-086-02-07,the,the,1
1893,d04-086-02-08,"""","""",1
1894,d04-086-02-09,time,time,1
1895,d04-086-02-10,of,of,1
1896,d04-086-02-11,our,our,1
1897,d04-086-02-12,freedom,freedom,1
1898,d04-086-02-13,"""","""",1
1899,d04-086-02-14,.,.,1
1900,d04-086-04-00,Charauses,Charauses,1
1901,d04-086-04-01,(,(,1
1902,d04-086-04-02,a,a,1
1903,d04-086-04-03,kind,kind,1
1904,d04-086-04-04,of,of,1
1905,d04-086-04-05,fruit,fruit,1
1906,d04-086-04-06,mixture,mixture,1
1907,d04-086-04-07,in,in,1
1908,d04-086-04-08,likeness,likeness,1
1909,d04-086-04-09,of,of,1
1910,d04-086-04-10,the,the,1
1911,d04-086-06-00,back,back,1
1912,d04-086-06-01,.,.,1
1913,d04-089-01-00,so,so,1
1914,d04-089-01-01,are,are,1
1915,d04-089-01-02,we,we,1
1916,d04-089-01-03,deficient,deficient,1
1917,d04-089-01-04,without,without,1
1918,d04-089-01-05,spiritual,spiritual,1
1919,d04-089-01-06,knowledge,knowledge,1
1920,d04-089-01-07,",",.,0
1921,d04-089-01-08,and,and,1
1922,d04-089-01-09,to,to,1
1923,d04-089-02-00,cure,cure,1
1924,d04-089-02-01,our,our,1
1925,d04-089-02-02,mental,mental,1
1926,d04-089-02-03,incapacity,incapacity,1
1927,d04-089-02-04,we,we,1
1928,d04-089-02-05,should,should,1
1929,d04-089-02-06,be,be,1
1930,d04-089-02-07,willing,willing,1
1931,d04-089-03-00,to,to,1
1932,d04-089-03-01,learn,learn,1
1933,d04-089-03-02,.,.,1
1934,d04-089-03-03,Education,Education,1
1935,d04-089-03-04,is,as,0
1936,d04-089-03-05,always,always,1
1937,d04-089-03-06,the,the,1
1938,d04-089-03-07,most,most,1
1939,d04-089-03-08,important,important,1
1940,d04-089-03-09,task,task,1
1941,d04-089-03-10,.,.,1
1942,d04-089-05-00,symbolises,symbolizes,0
1943,d04-089-05-01,the,the,1
1944,d04-089-05-02,bitterness,bitterness,1
1945,d04-089-05-03,that,that,1
1946,d04-089-05-04,is,is,1
1947,d04-089-05-05,hurled,hurled,1
1948,d04-089-05-06,against,against,1
1949,d04-089-05-07,us,us,1
1950,d04-089-05-08,.,.,1
1951,d04-089-07-00,and,and,1
1952,d04-089-07-01,that,that,1
1953,d04-089-07-02,God,God,1
1954,d04-089-07-03,dwells,dwells,1
1955,d04-089-07-04,within,within,1
1956,d04-089-07-05,us,us,1
1957,d04-089-07-06,.,.,1
1958,d04-096-03-00,Levit.,habits,0
1959,d04-096-03-01,2,2,1
1960,d04-096-03-02,",",',0
1961,d04-096-03-03,13,is,0
1962,d04-096-03-04,.,.,1
1963,d04-096-03-05,),),1
1964,d04-096-03-06,Salt,salt,0
1965,d04-096-03-07,preserves,preserves,1
1966,d04-096-03-08,and,and,1
1967,d04-096-03-09,we,we,1
1968,d04-096-03-10,should,should,1
1969,d04-096-03-11,have,have,1
1970,d04-096-03-12,this,this,1
1971,d04-096-03-13,salt,salt,1
1972,d04-096-03-14,in,in,1
1973,d04-096-04-00,ourselves,ourselves,1
1974,d04-096-04-01,and,and,1
1975,d04-096-04-02,have,have,1
1976,d04-096-04-03,peace,peace,1
1977,d04-096-04-04,with,with,1
1978,d04-096-04-05,one-another,compe-abothod,0
1979,d04-096-04-06,.,.,1
1980,d04-096-04-07,And,And,1
1981,d04-096-04-08,the,the,1
1982,d04-096-04-09,sweet,sweet,1
1983,d04-096-05-00,Mortar,hotter,0
1984,d04-096-05-01,(,a,0
1985,d04-096-05-02,the,the,1
1986,d04-096-05-03,CHARAUSES,CHHRAUSES,0
1987,d04-096-05-04,in,in,1
1988,d04-096-05-05,Hebrew,Hebrew,1
1989,d04-096-05-06,),),1
1990,d04-096-05-07,that,that,1
1991,d04-096-05-08,binds,binds,1
1992,d04-096-05-09,all,all,1
1993,d04-096-05-10,the,the,1
1994,d04-096-05-11,"""","""",1
1995,d04-096-05-12,hard-,had,0
1996,d04-096-06-00,facts,facts,1
1997,d04-096-06-01,"""","""",1
1998,d04-096-06-02,together,together,1
1999,d04-096-06-03,and,and,1
2000,d04-096-06-04,explains,exciting,0
2001,d04-096-06-05,them,them,1
2002,d04-096-06-06,",",",",1
2003,d04-096-06-07,represents,represents,1
2004,d04-096-06-08,the,the,1
2005,d04-096-06-09,Oral,oral,0
2006,d04-096-07-00,Tradition,Tradition,1
2007,d04-096-07-01,.,.,1
2008,d04-101-00-00,We,We,1
2009,d04-101-00-01,dip,die,0
2010,d04-101-00-02,into,into,1
2011,d04-101-00-03,both,both,1
2012,d04-101-00-04,",",.,0
2013,d04-101-00-05,at,at,1
2014,d04-101-00-06,the,the,1
2015,d04-101-00-07,Seder,Sewer,0
2016,d04-101-00-08,.,.,1
2017,d04-101-00-09,And,And,1
2018,d04-101-00-10,we,we,1
2019,d04-101-00-11,want,want,1
2020,d04-101-00-12,to,to,1
2021,d04-101-00-13,understand,understand,1
2022,d04-101-01-00,more,more,1
2023,d04-101-01-01,of,of,1
2024,d04-101-01-02,the,the,1
2025,d04-101-01-03,Torah,Torah,1
2026,d04-101-01-04,and,oud,0
2027,d04-101-01-05,the,the,1
2028,d04-101-01-06,Oral,rat,0
2029,d04-101-01-07,Tradition,reaction,0
2030,d04-101-01-08,",",',0
2031,d04-101-01-09,our,our,1
2032,d04-101-01-10,inheritance,inheritance,1
2033,d04-101-01-11,.,.,1
2034,d04-101-02-00,Living,living,0
2035,d04-101-02-01,the,the,1
2036,d04-101-02-02,life,Life,0
2037,d04-101-02-03,of,of,1
2038,d04-101-02-04,the,the,1
2039,d04-101-02-05,Torah,Torah,1
2040,d04-101-02-06,(,(,1
2041,d04-101-02-07,"""","""",1
2042,d04-101-02-08,dipping-in,dieping-in,0
2043,d04-101-02-09,"""","""",1
2044,d04-101-02-10,),",",0
2045,d04-101-02-11,makes,makes,1
2046,d04-101-02-12,us,as,0
2047,d04-101-03-00,meek,meek,1
2048,d04-101-03-01,:,:,1
2049,d04-101-03-02,"""","""",1
2050,d04-101-03-03,But,But,1
2051,d04-101-03-04,the,the,1
2052,d04-101-03-05,meek,meek,1
2053,d04-101-03-06,shall,shall,1
2054,d04-101-03-07,inherit,inherit,1
2055,d04-101-03-08,the,the,1
2056,d04-101-03-09,earth,earth,1
2057,d04-101-03-10,;,'s,0
2058,d04-101-03-11,and,and,1
2059,d04-101-03-12,shall,shall,1
2060,d04-101-05-00,11,"""",0
2061,d04-101-05-01,),is,0
2062,d04-101-05-02,.,.,1
2063,d04-101-05-03,That,Cott,0
2064,d04-101-05-04,gives,given,0
2065,d04-101-05-05,us,us,1
2066,d04-101-05-06,freedom,freedom,1
2067,d04-101-05-07,from,from,1
2068,d04-101-05-08,want,want,1
2069,d04-101-05-09,.,.,1
2070,d04-111-02-00,Derush,brush,0
2071,d04-111-02-01,;,;,1
2072,d04-111-02-02,(,(,1
2073,d04-111-02-03,4,"""",0
2074,d04-111-02-04,),),1
2075,d04-111-02-05,Leaning-back,teaning-bacdk,0
2076,d04-111-02-06,represents,represents,1
2077,d04-111-02-07,Saud,saud,0
2078,d04-111-02-08,.,.,1
2079,d04-111-04-00,the,the,1
2080,d04-111-04-01,literal,literal,1
2081,d04-111-04-02,meaning,meaning,1
2082,d04-111-04-03,of,of,1
2083,d04-111-04-04,Pesach,Peach,0
2084,d04-111-04-05,which,which,1
2085,d04-111-05-00,is,is,1
2086,d04-111-05-01,called,called,1
2087,d04-111-05-02,:,:,1
2088,d04-111-05-03,The,The,1
2089,d04-111-05-04,Feast,Past,0
2090,d04-111-05-05,of,of,1
2091,d04-111-05-06,Matzos,Mayor,0
2092,d04-111-05-07,.,.,1
2093,d04-111-05-08,The,The,1
2094,d04-111-06-00,Bitter-Herbs,bitter-tterbs,0
2095,d04-111-06-01,represent,represent,1
2096,d04-111-06-02,the,the,1
2097,d04-111-06-03,spiritual,spiritual,1
2098,d04-111-07-00,principle,Principle,0
2099,d04-111-07-01,and,and,1
2100,d04-111-07-02,this,this,1
2101,d04-111-07-03,gives,gives,1
2102,d04-111-07-04,us,us,1
2103,d04-111-07-05,"""","""",1
2104,d04-111-07-06,a,a,1
2105,d04-111-07-07,wink,mink,0
2106,d04-111-07-08,"""","""",1
2107,d04-111-07-09,(,(,1
2108,d04-111-07-10,Remez,Rees,0
2109,d04-111-07-11,),),1
2110,d04-111-09-00,that,that,1
2111,d04-111-09-01,is,is,1
2112,d04-111-09-02,hurled,hurled,1
2113,d04-111-09-03,against,against,1
2114,d04-111-09-04,us,us,1
2115,d04-111-09-05,.,.,1
2116,d04-111-09-06,The,The,1
2117,d04-111-09-07,Salt-water,Salt-water,1
2118,d04-111-10-00,and,and,1
2119,d04-111-10-01,the,the,1
2120,d04-111-10-02,sweet,sweet,1
2121,d04-111-10-03,Mortar,Mortar,1
2122,d04-111-10-04,in,in,1
2123,d04-111-10-05,which,which,1
2124,d04-111-10-06,we,we,1
2125,d04-111-10-07,dip-in,tie-in,0
2126,d04-111-10-08,represents,represents,1
2127,d04-111-11-00,the,the,1
2128,d04-111-11-01,richness,richness,1
2129,d04-111-11-02,of,of,1
2130,d04-111-11-03,the,the,1
2131,d04-111-11-04,Law,law,0
2132,d04-111-11-05,and,and,1
2133,d04-111-11-06,that,that,1
2134,d04-111-11-07,we,we,1
2135,d04-111-11-08,should,should,1
2136,d04-125-00-00,And,And,1
2137,d04-125-00-01,we,we,1
2138,d04-125-00-02,answer,answer,1
2139,d04-125-00-03,",",",",1
2140,d04-125-00-04,that,that,1
2141,d04-125-00-05,the,the,1
2142,d04-125-00-06,Lord,Lord,1
2143,d04-125-00-07,our,our,1
2144,d04-125-00-08,God,sod,0
2145,d04-125-00-09,gave,give,0
2146,d04-125-00-10,us,us,1
2147,d04-125-00-11,"""","""",1
2148,d04-125-00-12,four,for,0
2149,d04-125-00-13,freedoms,freedoms,1
2150,d04-125-00-14,"""","""",1
2151,d04-125-01-00,without,without,1
2152,d04-125-01-01,which,which,1
2153,d04-125-01-02,Society,society,0
2154,d04-125-01-03,cannot,cannot,1
2155,d04-125-01-04,make,make,1
2156,d04-125-01-05,progress,progress,1
2157,d04-125-01-06,.,.,1
2158,d04-125-01-07,And,And,1
2159,d04-125-01-08,we,we,1
2160,d04-125-01-09,drink,drink,1
2161,d04-125-02-00,"""","""",1
2162,d04-125-02-01,four,for,0
2163,d04-125-02-02,cups,ayes,0
2164,d04-125-02-03,"""","""",1
2165,d04-125-02-04,to,to,1
2166,d04-125-02-05,thank,thant,0
2167,d04-125-02-06,the,the,1
2168,d04-125-02-07,Lord,Lord,1
2169,d04-125-02-08,our,our,1
2170,d04-125-02-09,God,God,1
2171,d04-125-02-10,for,for,1
2172,d04-125-02-11,the,the,1
2173,d04-125-02-12,"""","""",1
2174,d04-125-02-13,four,four,1
2175,d04-125-03-00,freedoms,freedoms,1
2176,d04-125-03-01,"""","""",1
2177,d04-125-03-02,which,which,1
2178,d04-125-03-03,are,are,1
2179,d04-125-03-04,Divine,Divine,1
2180,d04-125-03-05,.,.,1
2181,d04-125-03-06,There,There,1
2182,d04-125-03-07,are,are,1
2183,d04-125-03-08,four,four,1
2184,d04-125-03-09,ways,ways,1
2185,d04-125-03-10,of,of,1
2186,d04-125-04-00,redemption,redemption,1
2187,d04-125-04-01,:,:,1
2188,d04-125-04-02,(,(,1
2189,d04-125-04-03,1,I,0
2190,d04-125-04-04,),",",0
2191,d04-125-04-05,I,I,1
2192,d04-125-04-06,will,will,1
2193,d04-125-04-07,bring,bring,1
2194,d04-125-04-08,you,you,1
2195,d04-125-04-09,out,out,1
2196,d04-125-04-10,from,from,1
2197,d04-125-04-11,under,under,1
2198,d04-125-04-12,the,the,1
2199,d04-131-01-00,people,people,1
2200,d04-131-01-01,.,.,1
2201,d04-131-01-02,(,I,0
2202,d04-131-01-03,1,I,0
2203,d04-131-01-04,),",",0
2204,d04-131-01-05,I,",",0
2205,d04-131-01-06,will,will,1
2206,d04-131-01-07,bring,bring,1
2207,d04-131-01-08,you,you,1
2208,d04-131-01-09,out,out,1
2209,d04-131-01-10,from,from,1
2210,d04-131-01-11,under,under,1
2211,d04-131-01-12,the,the,1
2212,d04-131-02-00,burdens,burdens,1
2213,d04-131-02-01,of,of,1
2214,d04-131-02-02,Egypt,regret,0
2215,d04-131-02-03,:,.,0
2216,d04-131-02-04,How,How,1
2217,d04-131-02-05,was,was,1
2218,d04-131-02-06,it,it,1
2219,d04-131-02-07,that,that,1
2220,d04-131-02-08,Israel,Israel,1
2221,d04-131-02-09,was,was,1
2222,d04-131-03-00,brought,brought,1
2223,d04-131-03-01,out,out,1
2224,d04-131-03-02,from,from,1
2225,d04-131-03-03,under,under,1
2226,d04-131-03-04,the,the,1
2227,d04-131-03-05,burdens,burdens,1
2228,d04-131-03-06,of,of,1
2229,d04-131-03-07,Egypt,egged,0
2230,d04-131-03-08,?,a,0
2231,d04-131-04-00,Because,Because,1
2232,d04-131-04-01,",",I,0
2233,d04-131-04-02,they,they,1
2234,d04-131-04-03,kept,keep,0
2235,d04-131-04-04,the,the,1
2236,d04-131-04-05,Passover,Passover,1
2237,d04-131-04-06,and,and,1
2238,d04-131-04-07,they,they,1
2239,d04-131-04-08,were,were,1
2240,d04-131-05-00,eating,making,0
2241,d04-131-05-01,Matzos,ratios,0
2242,d04-131-05-02,in,in,1
2243,d04-131-05-03,Egypt,miles,0
2244,d04-131-05-04,and,and,1
2245,d04-131-05-05,the,the,1
2246,d04-131-05-06,"""",i,0
2247,d04-131-05-07,Feast,feast,0
2248,d04-131-05-08,of,of,1
2249,d04-131-05-09,Matzos,patrons,0
2250,d04-131-05-10,"""","""",1
2251,d04-131-06-00,was,was,1
2252,d04-131-06-01,known,known,1
2253,d04-131-06-02,even,even,1
2254,d04-131-06-03,to,to,1
2255,d04-131-06-04,Abraham,Abraham,1
2256,d04-131-06-05,and,and,1
2257,d04-131-06-06,Lot,lot,0
2258,d04-131-06-07,.,.,1
2259,d05-008-00-00,The,The,1
2260,d05-008-00-01,new,new,1
2261,d05-008-00-02,century,century,1
2262,d05-008-00-03,opened,opened,1
2263,d05-008-00-04,with,with,1
2264,d05-008-00-05,James,James,1
2265,d05-008-00-06,1,1,1
2266,d05-008-00-07,ascending,ascending,1
2267,d05-008-01-00,the,the,1
2268,d05-008-01-01,throne,throne,1
2269,d05-008-01-02,.,.,1
2270,d05-008-01-03,He,He,1
2271,d05-008-01-04,was,was,1
2272,d05-008-01-05,quite,quite,1
2273,d05-008-01-06,prepared,prepared,1
2274,d05-008-01-07,to,to,1
2275,d05-008-01-08,be,be,1
2276,d05-008-02-00,tolerant,tolerant,1
2277,d05-008-02-01,towards,towards,1
2278,d05-008-02-02,Rome,Rome,1
2279,d05-008-02-03,though,though,1
2280,d05-008-02-04,the,the,1
2281,d05-008-02-05,Gunpowder,manpower,0
2282,d05-008-02-06,Plot,Plot,1
2283,d05-008-03-00,spoiled,spotted,0
2284,d05-008-03-01,that,that,1
2285,d05-008-03-02,.,.,1
2286,d05-008-03-03,The,the,0
2287,d05-008-03-04,Puritans,Puritans,1
2288,d05-008-03-05,had,had,1
2289,d05-008-03-06,high,high,1
2290,d05-008-03-07,hopes,hopes,1
2291,d05-008-03-08,",",",",1
2292,d05-008-03-09,for,for,1
2293,d05-008-04-00,James,James,1
2294,d05-008-04-01,had,had,1
2295,d05-008-04-02,grown,grown,1
2296,d05-008-04-03,up,up,1
2297,d05-008-04-04,in,in,1
2298,d05-008-04-05,Presbyterian,Presbyterian,1
2299,d05-008-04-06,Scotland,Scotland,1
2300,d05-008-04-07,",",",",1
2301,d05-008-05-00,but,but,1
2302,d05-008-05-01,those,those,1
2303,d05-008-05-02,hopes,hopes,1
2304,d05-008-05-03,were,were,1
2305,d05-008-05-04,dashed,flashed,0
2306,d05-008-05-05,.,.,1
2307,d05-008-05-06,True,True,1
2308,d05-008-05-07,",",",",1
2309,d05-008-05-08,a,a,1
2310,d05-008-05-09,new,new,1
2311,d05-008-05-10,Prayer,Prayer,1
2312,d05-008-06-00,Book,Book,1
2313,d05-008-06-01,was,was,1
2314,d05-008-06-02,issued,issued,1
2315,d05-008-06-03,in,in,1
2316,d05-008-06-04,1604,10,0
2317,d05-008-06-05,but,but,1
2318,d05-008-06-06,the,the,1
2319,d05-008-06-07,Puritans,Puritans,1
2320,d05-008-07-00,derived,derived,1
2321,d05-008-07-01,little,little,1
2322,d05-008-07-02,comfort,comfort,1
2323,d05-008-07-03,from,from,1
2324,d05-008-07-04,it,it,1
2325,d05-008-07-05,.,.,1
2326,d05-013-02-00,They,they,0
2327,d05-013-02-01,objected,discoid,0
2328,d05-013-02-02,to,to,1
2329,d05-013-02-03,the,the,1
2330,d05-013-02-04,word,word,1
2331,d05-013-02-05,Confirmation,Confirmation,1
2332,d05-013-02-06,.,.,1
2333,d05-013-02-07,So,To,0
2334,d05-013-02-08,the,the,1
2335,d05-013-02-09,phrase,phrase,1
2336,d05-013-03-00,',',1
2337,d05-013-03-01,or,or,1
2338,d05-013-03-02,the,the,1
2339,d05-013-03-03,laying,laying,1
2340,d05-013-03-04,on,on,1
2341,d05-013-03-05,of,of,1
2342,d05-013-03-06,hands,funds,0
2343,d05-013-03-07,upon,upon,1
2344,d05-013-03-08,children,children,1
2345,d05-013-03-09,baptized,baptized,1
2346,d05-013-03-10,and,and,1
2347,d05-013-08-00,added,added,1
2348,d05-013-08-01,to,to,1
2349,d05-013-08-02,the,the,1
2350,d05-013-08-03,Catechism,CElecliom,0
2351,d05-013-08-04,.,.,1
2352,d05-021-00-00,This,This,1
2353,d05-021-00-01,indicated,indicated,1
2354,d05-021-00-02,how,how,1
2355,d05-021-00-03,ephemeral,ephemeral,1
2356,d05-021-00-04,in,in,1
2357,d05-021-00-05,the,the,1
2358,d05-021-00-06,Church,Church,1
2359,d05-021-00-07,had,had,1
2360,d05-021-01-00,been,been,1
2361,d05-021-01-01,the,the,1
2362,d05-021-01-02,mood,mood,1
2363,d05-021-01-03,which,which,1
2364,d05-021-01-04,produced,produced,1
2365,d05-021-01-05,the,the,1
2366,d05-021-01-06,Black,Black,1
2367,d05-021-01-07,Rubric,Rubric,1
2368,d05-021-01-08,",",",",1
2369,d05-021-01-09,for,for,1
2370,d05-021-02-00,it,it,1
2371,d05-021-02-01,says,says,1
2372,d05-021-02-02,that,that,1
2373,d05-021-02-03,',",",0
2374,d05-021-02-04,the,the,1
2375,d05-021-02-05,Body,Body,1
2376,d05-021-02-06,and,and,1
2377,d05-021-02-07,Blood,flood,0
2378,d05-021-02-08,of,of,1
2379,d05-021-02-09,Christ,Irish,0
2380,d05-021-02-10,",",",",1
2381,d05-021-02-11,which,which,1
2382,d05-021-02-12,are,are,1
2383,d05-021-05-00,definite,definite,1
2384,d05-021-05-01,.,.,1
2385,d05-021-05-02,It,It,1
2386,d05-021-05-03,was,was,1
2387,d05-021-05-04,at,at,1
2388,d05-021-05-05,this,this,1
2389,d05-021-05-06,time,time,1
2390,d05-021-05-07,",",",",1
2391,d05-021-05-08,too,too,1
2392,d05-021-05-09,",",",",1
2393,d05-021-05-10,that,that,1
2394,d05-021-05-11,King,King,1
2395,d05-021-05-12,James,James,1
2396,d05-021-05-13,made,made,1
2397,d05-021-07-00,a,a,1
2398,d05-021-07-01,Bible,Bible,1
2399,d05-021-07-02,translation,translation,1
2400,d05-021-07-03,-,.,0
2401,d05-021-07-04,the,the,1
2402,d05-021-07-05,Authorized,authorized,0
2403,d05-021-07-06,Version,session,0
2404,d05-025-00-00,In,In,1
2405,d05-025-00-01,that,that,1
2406,d05-025-00-02,year,year,1
2407,d05-025-00-03,Shakespeare,Shakespeare,1
2408,d05-025-00-04,had,had,1
2409,d05-025-00-05,just,just,1
2410,d05-025-00-06,turned,turned,1
2411,d05-025-01-00,forty,forty,1
2412,d05-025-01-01,and,and,1
2413,d05-025-01-02,had,had,1
2414,d05-025-01-03,written,written,1
2415,d05-025-01-04,Hamlet,Marie,0
2416,d05-025-01-05,two,two,1
2417,d05-025-01-06,years,years,1
2418,d05-025-02-00,before,before,1
2419,d05-025-02-01,.,.,1
2420,d05-025-02-02,Bacon,Bacon,1
2421,d05-025-02-03,was,was,1
2422,d05-025-02-04,at,at,1
2423,d05-025-02-05,work,work,1
2424,d05-025-02-06,and,and,1
2425,d05-025-02-07,Milton,Milton,1
2426,d05-025-02-08,was,was,1
2427,d05-025-03-00,just,just,1
2428,d05-025-03-01,learning,learning,1
2429,d05-025-03-02,to,to,1
2430,d05-025-03-03,read,read,1
2431,d05-025-03-04,.,.,1
2432,d05-025-03-05,James,James,1
2433,d05-025-03-06,was,was,1
2434,d05-025-03-07,followed,followed,1
2435,d05-025-03-08,by,by,1
2436,d05-025-04-00,Charles,Charles,1
2437,d05-025-04-01,",",",",1
2438,d05-025-04-02,in,in,1
2439,d05-025-04-03,whose,whose,1
2440,d05-025-04-04,reign,reign,1
2441,d05-025-04-05,came,came,1
2442,d05-025-04-06,the,the,1
2443,d05-025-04-07,Scottish,Scottish,1
2444,d05-025-05-00,Prayer,Prayer,1
2445,d05-025-05-01,Book,Book,1
2446,d05-025-05-02,in,in,1
2447,d05-025-05-03,1637,1837,0
2448,d05-025-05-04,.,.,1
2449,d05-025-05-05,Significantly,Significantly,1
2450,d05-025-05-06,this,this,1
2451,d05-025-05-07,made,made,1
2452,d05-025-06-00,a,a,1
2453,d05-025-06-01,deliberate,deliberate,1
2454,d05-025-06-02,return,return,1
2455,d05-025-06-03,to,to,1
2456,d05-025-06-04,the,the,1
2457,d05-025-06-05,Book,Book,1
2458,d05-025-06-06,of,of,1
2459,d05-025-06-07,1549,1943,0
2460,d05-025-06-08,and,and,1
2461,d05-025-07-00,became,became,1
2462,d05-025-07-01,the,the,1
2463,d05-025-07-02,foster,foster,1
2464,d05-025-07-03,mother,mother,1
2465,d05-025-07-04,of,of,1
2466,d05-025-07-05,some,some,1
2467,d05-025-07-06,of,of,1
2468,d05-025-07-07,the,the,1
2469,d05-025-07-08,most,most,1
2470,d05-025-08-00,important,important,1
2471,d05-025-08-01,Prayer,Prayer,1
2472,d05-025-08-02,Books,Books,1
2473,d05-025-08-03,in,in,1
2474,d05-025-08-04,the,the,1
2475,d05-025-08-05,Anglican,Anglican,1
2476,d05-025-09-00,Communion,Communion,1
2477,d05-025-09-01,.,.,1
2478,d05-030-00-00,Forever,Forever,1
2479,d05-030-00-01,associated,associated,1
2480,d05-030-00-02,with,with,1
2481,d05-030-00-03,Charles,Charles,1
2482,d05-030-00-04,is,is,1
2483,d05-030-00-05,Archbishop,Archbishop,1
2484,d05-030-00-06,Laud,Land,0
2485,d05-030-00-07,",",",",1
2486,d05-030-01-00,now,how,0
2487,d05-030-01-01,so,so,1
2488,d05-030-01-02,much,much,1
2489,d05-030-01-03,nobler,nobler,1
2490,d05-030-01-04,a,a,1
2491,d05-030-01-05,figure,figure,1
2492,d05-030-01-06,than,than,1
2493,d05-030-01-07,former,former,1
2494,d05-030-01-08,historians,historians,1
2495,d05-030-02-00,led,led,1
2496,d05-030-02-01,us,us,1
2497,d05-030-02-02,to,to,1
2498,d05-030-02-03,believe,believe,1
2499,d05-030-02-04,.,.,1
2500,d05-030-02-05,Laud,Land,0
2501,d05-030-02-06,was,was,1
2502,d05-030-02-07,enthusiastically,enthusiastically,1
2503,d05-030-02-08,hated,hated,1
2504,d05-030-03-00,by,by,1
2505,d05-030-03-01,Calvinists,Calvinist,0
2506,d05-030-03-02,and,and,1
2507,d05-030-03-03,Puritans,Puritans,1
2508,d05-030-03-04,",",",",1
2509,d05-030-03-05,and,and,1
2510,d05-030-03-06,the,the,1
2511,d05-030-03-07,sentiment,sentiment,1
2512,d05-030-03-08,was,was,1
2513,d05-030-04-00,mutual,mutual,1
2514,d05-030-04-01,.,.,1
2515,d05-030-04-02,But,But,1
2516,d05-030-04-03,Laud,land,0
2517,d05-030-04-04,was,was,1
2518,d05-030-04-05,no,no,1
2519,d05-030-04-06,Romanizer,Romaniger,0
2520,d05-030-04-07,.,.,1
2521,d05-030-04-08,One,One,1
2522,d05-030-04-09,of,of,1
2523,d05-030-04-10,his,his,1
2524,d05-030-05-00,first,first,1
2525,d05-030-05-01,public,public,1
2526,d05-030-05-02,acts,acts,1
2527,d05-030-05-03,was,was,1
2528,d05-030-05-04,a,a,1
2529,d05-030-05-05,hard-hitting,hard-hitting,1
2530,d05-030-05-06,battle,battle,1
2531,d05-030-05-07,with,with,1
2532,d05-030-06-00,the,the,1
2533,d05-030-06-01,Jesuit,emit,0
2534,d05-030-06-02,",",",",1
2535,d05-030-06-03,Fisher,Fishes,0
2536,d05-030-06-04,.,.,1
2537,d05-030-06-05,But,But,1
2538,d05-030-06-06,anyone,anyone,1
2539,d05-030-06-07,who,who,1
2540,d05-030-06-08,was,was,1
2541,d05-030-06-09,friendly,friendly,1
2542,d05-030-07-00,with,with,1
2543,d05-030-07-01,James,James,1
2544,d05-030-07-02,and,and,1
2545,d05-030-07-03,Charles,Charles,1
2546,d05-030-07-04,",",",",1
2547,d05-030-07-05,the,the,1
2548,d05-030-07-06,Puritans,Puritans,1
2549,d05-030-07-07,argued,argued,1
2550,d05-030-07-08,",",",",1
2551,d05-030-08-00,was,was,1
2552,d05-030-08-01,necessarily,necessarily,1
2553,d05-030-08-02,a,a,1
2554,d05-030-08-03,menace,menace,1
2555,d05-030-08-04,.,.,1
2556,d05-040-01-00,Laud,Land,0
2557,d05-040-01-01,made,made,1
2558,d05-040-01-02,a,a,1
2559,d05-040-01-03,positive,positive,1
2560,d05-040-01-04,approach,approval,0
2561,d05-040-01-05,.,.,1
2562,d05-040-01-06,He,He,1
2563,d05-040-01-07,set,set,1
2564,d05-040-01-08,out,out,1
2565,d05-040-01-09,to,to,1
2566,d05-040-01-10,increase,increase,1
2567,d05-040-02-00,a,a,1
2568,d05-040-02-01,sense,are,0
2569,d05-040-02-02,of,of,1
2570,d05-040-02-03,reverence,reverence,1
2571,d05-040-02-04,.,.,1
2572,d05-040-02-05,The,The,1
2573,d05-040-02-06,Prayer,Prayer,1
2574,d05-040-02-07,Book,pool,0
2575,d05-040-02-08,was,was,1
2576,d05-040-02-09,to,to,1
2577,d05-040-02-10,be,be,1
2578,d05-040-02-11,respected,respected,1
2579,d05-040-03-00,and,and,1
2580,d05-040-03-01,so,so,1
2581,d05-040-03-02,was,was,1
2582,d05-040-03-03,the,the,1
2583,d05-040-03-04,office,office,1
2584,d05-040-03-05,of,of,1
2585,d05-040-03-06,a,a,1
2586,d05-040-03-07,bishop,bishop,1
2587,d05-040-03-08,.,.,1
2588,d05-040-03-09,Altars,altar,0
2589,d05-040-03-10,should,should,1
2590,d05-040-03-11,be,be,1
2591,d05-040-04-00,altars,altar,0
2592,d05-040-04-01,and,and,1
2593,d05-040-04-02,not,not,1
2594,d05-040-04-03,any,any,1
2595,d05-040-04-04,broken,roles,0
2596,d05-040-04-05,down,dawns,0
2597,d05-040-04-06,",",",",1
2598,d05-040-04-07,transportable,transportable,1
2599,d05-040-05-00,table,table,1
2600,d05-040-05-01,which,arid,0
2601,d05-040-05-02,was,was,1
2602,d05-040-05-03,handy,handy,1
2603,d05-040-05-04,for,for,1
2604,d05-040-05-05,the,the,1
2605,d05-040-05-06,most,most,1
2606,d05-040-05-07,improbable,improbable,1
2607,d05-040-05-08,uses,uses,1
2608,d05-040-05-09,.,.,1
2609,d06-003-00-00,Even,Even,1
2610,d06-003-00-01,worse,worse,1
2611,d06-003-00-02,is,is,1
2612,d06-003-00-03,to,to,1
2613,d06-003-00-04,laugh,laugh,1
2614,d06-003-00-05,.,.,1
2615,d06-003-00-06,Tremendous,tremendous,0
2616,d06-003-00-07,damage,damage,1
2617,d06-003-00-08,may,may,1
2618,d06-003-00-09,be,be,1
2619,d06-003-00-10,done,done,1
2620,d06-003-00-11,to,to,1
2621,d06-003-00-12,a,a,1
2622,d06-003-00-13,child,child,1
2623,d06-003-01-00,by,by,1
2624,d06-003-01-01,laughing,laughing,1
2625,d06-003-01-02,at,at,1
2626,d06-003-01-03,what,what,1
2627,d06-003-01-04,are,are,1
2628,d06-003-01-05,very,very,1
2629,d06-003-01-06,real,real,1
2630,d06-003-01-07,fears,fears,1
2631,d06-003-01-08,.,.,1
2632,d06-003-01-09,As,A,0
2633,d06-003-01-10,adults,adults,1
2634,d06-003-01-11,",",",",1
2635,d06-003-01-12,we,we,1
2636,d06-003-01-13,know,know,1
2637,d06-003-02-00,that,that,1
2638,d06-003-02-01,their,their,1
2639,d06-003-02-02,fears,heart,0
2640,d06-003-02-03,are,are,1
2641,d06-003-02-04,groundless,groundless,1
2642,d06-003-02-05,",",",",1
2643,d06-003-02-06,indeed,indeed,1
2644,d06-003-02-07,to,to,1
2645,d06-003-02-08,us,us,1
2646,d06-003-02-09,they,they,1
2647,d06-003-02-10,appear,appear,1
2648,d06-003-02-11,laughable,laughable,1
2649,d06-003-02-12,",",",",1
2650,d06-003-03-00,but,but,1
2651,d06-003-03-01,to,to,1
2652,d06-003-03-02,a,a,1
2653,d06-003-03-03,child,child,1
2654,d06-003-03-04,they,they,1
2655,d06-003-03-05,are,are,1
2656,d06-003-03-06,very,very,1
2657,d06-003-03-07,real,real,1
2658,d06-003-03-08,.,.,1
2659,d06-003-03-09,Not,Not,1
2660,d06-003-03-10,that,that,1
2661,d06-003-03-11,I,",",0
2662,d06-003-03-12,am,am,1
2663,d06-003-03-13,suggesting,jesting,0
2664,d06-003-04-00,that,that,1
2665,d06-003-04-01,children,children,1
2666,d06-003-04-02,should,should,1
2667,d06-003-04-03,be,be,1
2668,d06-003-04-04,molly-coddled,mweoly-codled,0
2669,d06-003-04-05,-,-,1
2670,d06-003-04-06,they,they,1
2671,d06-003-04-07,must,must,1
2672,d06-003-04-08,be,be,1
2673,d06-003-04-09,made,made,1
2674,d06-003-05-00,to,to,1
2675,d06-003-05-01,face,face,1
2676,d06-003-05-02,their,their,1
2677,d06-003-05-03,fears,fears,1
2678,d06-003-05-04,",",",",1
2679,d06-003-05-05,to,to,1
2680,d06-003-05-06,see,see,1
2681,d06-003-05-07,through,through,1
2682,d06-003-05-08,them,them,1
2683,d06-003-05-09,and,and,1
2684,d06-003-05-10,come,come,1
2685,d06-003-05-11,out,out,1
2686,d06-003-05-12,on,on,1
2687,d06-003-05-13,the,the,1
2688,d06-003-06-00,other,other,1
2689,d06-003-06-01,side,side,1
2690,d06-003-06-02,as,as,1
2691,d06-003-06-03,victors,victory,0
2692,d06-003-06-04,.,.,1
2693,d06-008-00-00,To,To,1
2694,d06-008-00-01,ridicule,ridicule,1
2695,d06-008-00-02,them,them,1
2696,d06-008-00-03,only,only,1
2697,d06-008-00-04,pushes,purges,0
2698,d06-008-00-05,them,them,1
2699,d06-008-00-06,farther,further,0
2700,d06-008-01-00,into,into,1
2701,d06-008-01-01,themselves,themselves,1
2702,d06-008-01-02,",",",",1
2703,d06-008-01-03,so,so,1
2704,d06-008-01-04,that,that,1
2705,d06-008-01-05,they,they,1
2706,d06-008-01-06,become,became,0
2707,d06-008-02-00,unable,unable,1
2708,d06-008-02-01,to,to,1
2709,d06-008-02-02,speak,speak,1
2710,d06-008-02-03,about,about,1
2711,d06-008-02-04,it,it,1
2712,d06-008-02-05,to,to,1
2713,d06-008-02-06,anybody,anybody,1
2714,d06-008-02-07,and,and,1
2715,d06-008-03-00,the,the,1
2716,d06-008-03-01,seeds,needs,0
2717,d06-008-03-02,of,of,1
2718,d06-008-03-03,any,any,1
2719,d06-008-03-04,amount,amount,1
2720,d06-008-03-05,of,of,1
2721,d06-008-03-06,trouble,troupe,0
2722,d06-008-03-07,are,are,1
2723,d06-008-03-08,sown,down,0
2724,d06-008-03-09,",",",",1
2725,d06-008-04-00,the,the,1
2726,d06-008-04-01,harvest,harvest,1
2727,d06-008-04-02,of,of,1
2728,d06-008-04-03,which,which,1
2729,d06-008-04-04,may,may,1
2730,d06-008-04-05,still,still,1
2731,d06-008-04-06,be,be,1
2732,d06-008-04-07,being,being,1
2733,d06-008-05-00,reaped,reaped,1
2734,d06-008-05-01,at,at,1
2735,d06-008-05-02,forty,Marty,0
2736,d06-008-05-03,or,a,0
2737,d06-008-05-04,fifty,fifty,1
2738,d06-008-05-05,.,.,1
2739,d06-008-05-06,Far,for,0
2740,d06-008-05-07,better,better,1
2741,d06-008-05-08,to,to,1
2742,d06-008-06-00,agree,agree,1
2743,d06-008-06-01,with,with,1
2744,d06-008-06-02,a,a,1
2745,d06-008-06-03,child,child,1
2746,d06-008-06-04,that,that,1
2747,d06-008-06-05,a,a,1
2748,d06-008-06-06,particular,particular,1
2749,d06-008-07-00,situation,situation,1
2750,d06-008-07-01,is,io,0
2751,d06-008-07-02,frightening,frightening,1
2752,d06-008-07-03,",",",",1
2753,d06-008-07-04,and,and,1
2754,d06-008-07-05,then,then,1
2755,d06-008-07-06,to,to,1
2756,d06-008-07-07,face,face,1
2757,d06-008-08-00,it,it,1
2758,d06-008-08-01,together,together,1
2759,d06-008-08-02,until,until,1
2760,d06-008-08-03,the,the,1
2761,d06-008-08-04,child,child,1
2762,d06-008-08-05,can,can,1
2763,d06-008-08-06,see,see,1
2764,d06-008-08-07,how,how,1
2765,d06-008-09-00,unnecessary,unnecessary,1
2766,d06-008-09-01,its,its,1
2767,d06-008-09-02,fears,fears,1
2768,d06-008-09-03,were,were,1
2769,d06-008-09-04,.,.,1
2770,d06-011-00-00,Because,Because,1
2771,d06-011-00-01,situations,situations,1
2772,d06-011-00-02,which,which,1
2773,d06-011-00-03,may,may,1
2774,d06-011-00-04,contain,contain,1
2775,d06-011-01-00,all,all,1
2776,d06-011-01-01,the,the,1
2777,d06-011-01-02,elements,elements,1
2778,d06-011-01-03,of,of,1
2779,d06-011-01-04,fear,fear,1
2780,d06-011-01-05,can,can,1
2781,d06-011-01-06,arise,arise,1
2782,d06-011-01-07,suddenly,seoblenty,0
2783,d06-011-01-08,",",",",1
2784,d06-011-02-00,it,it,1
2785,d06-011-02-01,is,is,1
2786,d06-011-02-02,a,a,1
2787,d06-011-02-03,good,good,1
2788,d06-011-02-04,idea,idea,1
2789,d06-011-02-05,to,to,1
2790,d06-011-02-06,condition,condition,1
2791,d06-011-02-07,a,a,1
2792,d06-011-02-08,child,child,1
2793,d06-011-03-00,to,to,1
2794,d06-011-03-01,some,some,1
2795,d06-011-03-02,extent,extent,1
2796,d06-011-03-03,against,against,1
2797,d06-011-03-04,it,it,1
2798,d06-011-03-05,.,.,1
2799,d06-011-03-06,To,To,1
2800,d06-011-03-07,keep,keep,1
2801,d06-011-03-08,a,a,1
2802,d06-011-03-09,child,child,1
2803,d06-011-04-00,of,of,1
2804,d06-011-04-01,twelve,twelve,1
2805,d06-011-04-02,or,art,0
2806,d06-011-04-03,thirteen,thirteen,1
2807,d06-011-04-04,under,under,1
2808,d06-011-04-05,the,the,1
2809,d06-011-05-00,impression,impressions,0
2810,d06-011-05-01,that,that,1
2811,d06-011-05-02,nothing,matching,0
2812,d06-011-05-03,nasty,nasty,1
2813,d06-011-05-04,ever,ever,1
2814,d06-011-06-00,happens,happens,1
2815,d06-011-06-01,is,is,1
2816,d06-011-06-02,not,not,1
2817,d06-011-06-03,merely,merely,1
2818,d06-011-06-04,dishonest,distant,0
2819,d06-011-06-05,",",",",1
2820,d06-011-06-06,it,it,1
2821,d06-011-07-00,is,is,1
2822,d06-011-07-01,unwise,unwise,1
2823,d06-011-07-02,.,.,1
2824,d06-011-07-03,As,as,0
2825,d06-011-07-04,I,I,1
2826,d06-011-07-05,shall,shall,1
2827,d06-011-07-06,suggest,suggest,1
2828,d06-011-07-07,in,in,1
2829,d06-011-07-08,a,a,1
2830,d06-011-08-00,later,later,1
2831,d06-011-08-01,chapter,chapter,1
2832,d06-011-08-02,there,there,1
2833,d06-011-08-03,are,are,1
2834,d06-011-08-04,some,some,1
2835,d06-011-08-05,situations,situations,1
2836,d06-011-09-00,which,which,1
2837,d06-011-09-01,occur,our,0
2838,d06-011-09-02,less,len,0
2839,d06-011-09-03,frequently,frequently,1
2840,d06-011-09-04,than,than,1
2841,d06-020-00-00,In,In,1
2842,d06-020-00-01,Gethsemane,Gethsemane,1
2843,d06-020-00-02,He,He,1
2844,d06-020-00-03,prayed,prayed,1
2845,d06-020-00-04,that,that,1
2846,d06-020-00-05,the,the,1
2847,d06-020-00-06,cup,cup,1
2848,d06-020-01-00,should,should,1
2849,d06-020-01-01,pass,pansy,0
2850,d06-020-01-02,from,from,1
2851,d06-020-01-03,Him,this,0
2852,d06-020-01-04,.,.,1
2853,d06-020-01-05,Jesus,teams,0
2854,d06-020-01-06,shows,shown,0
2855,d06-020-01-07,us,us,1
2856,d06-020-02-00,the,the,1
2857,d06-020-02-01,way,way,1
2858,d06-020-02-02,to,to,1
2859,d06-020-02-03,face,face,1
2860,d06-020-02-04,life,life,1
2861,d06-020-02-05,.,.,1
2862,d06-020-02-06,To,To,1
2863,d06-020-02-07,see,see,1
2864,d06-020-02-08,all,all,1
2865,d06-020-02-09,the,the,1
2866,d06-020-02-10,latent,latent,1
2867,d06-020-03-00,frightening,frightening,1
2868,d06-020-03-01,possibilities,possibilities,1
2869,d06-020-03-02,and,and,1
2870,d06-020-03-03,yet,yet,1
2871,d06-020-03-04,by,by,1
2872,d06-020-03-05,facing,facing,1
2873,d06-020-04-00,them,them,1
2874,d06-020-04-01,and,and,1
2875,d06-020-04-02,knowing,knowing,1
2876,d06-020-04-03,God,God,1
2877,d06-020-04-04,is,if,0
2878,d06-020-04-05,with,with,1
2879,d06-020-04-06,us,no,0
2880,d06-020-04-07,and,and,1
2881,d06-020-05-00,that,that,1
2882,d06-020-05-01,",",",",1
2883,d06-020-05-02,with,with,1
2884,d06-020-05-03,Him,Him,1
2885,d06-020-05-04,",",",",1
2886,d06-020-05-05,there,there,1
2887,d06-020-05-06,is,i,0
2888,d06-020-05-07,nothing,nothing,1
2889,d06-020-05-08,that,that,1
2890,d06-020-05-09,can,an,0
2891,d06-020-06-00,finally,finally,1
2892,d06-020-06-01,defeat,defeat,1
2893,d06-020-06-02,us,us,1
2894,d06-020-06-03,.,.,1
2895,d06-020-06-04,More,More,1
2896,d06-020-06-05,than,than,1
2897,d06-020-06-06,that,that,1
2898,d06-020-06-07,",",",",1
2899,d06-020-06-08,that,that,1
2900,d06-020-06-09,God,God,1
2901,d06-020-07-00,has,had,0
2902,d06-020-07-01,something,something,1
2903,d06-020-07-02,important,important,1
2904,d06-020-07-03,to,to,1
2905,d06-020-07-04,do,do,1
2906,d06-020-07-05,with,with,1
2907,d06-020-07-06,our,our,1
2908,d06-020-08-00,lives,lives,1
2909,d06-020-08-01,and,and,1
2910,d06-020-08-02,that,that,1
2911,d06-020-08-03,the,the,1
2912,d06-020-08-04,nearer,hearer,0
2913,d06-020-08-05,we,we,1
2914,d06-020-08-06,get,get,1
2915,d06-020-08-07,to,to,1
2916,d06-020-08-08,Him,tim,0
2917,d06-020-08-09,",",",",1
2918,d06-020-09-00,the,the,1
2919,d06-020-09-01,stronger,stranger,0
2920,d06-020-09-02,we,we,1
2921,d06-020-09-03,become,become,1
2922,d06-020-09-04,.,.,1
2923,d06-025-02-00,Was,was,0
2924,d06-025-02-01,this,this,1
2925,d06-025-02-02,:,:,1
2926,d06-025-02-03,That,That,1
2927,d06-025-02-04,a,a,1
2928,d06-025-02-05,secret,secret,1
2929,d06-025-02-06,plan,plan,1
2930,d06-025-02-07,Is,To,0
2931,d06-025-02-08,hid,hid,1
2932,d06-025-02-09,in,in,1
2933,d06-025-04-00,Because,Because,1
2934,d06-025-04-01,of,of,1
2935,d06-025-04-02,the,the,1
2936,d06-025-04-03,plan,plan,1
2937,d06-025-04-04,That,That,1
2938,d06-025-04-05,God,god,0
2939,d06-025-04-06,",",",",1
2940,d06-025-04-07,Who,who,0
2941,d06-025-05-00,dwells,dwells,1
2942,d06-025-05-01,in,in,1
2943,d06-025-05-02,my,my,1
2944,d06-025-05-03,hand,hand,1
2945,d06-025-05-04,",",",",1
2946,d06-025-05-05,Knows,knows,0
2947,d06-025-05-06,this,this,1
2948,d06-025-06-00,secret,secret,1
2949,d06-025-06-01,plan,plan,1
2950,d06-025-06-02,",",",",1
2951,d06-025-06-03,Of,Of,1
2952,d06-025-06-04,the,the,1
2953,d06-025-06-05,things,things,1
2954,d06-025-06-06,He,the,0
2955,d06-025-06-07,will,will,1
2956,d06-025-07-00,do,do,1
2957,d06-025-07-01,for,for,1
2958,d06-025-07-02,the,the,1
2959,d06-025-07-03,world,world,1
2960,d06-025-07-04,Using,using,0
2961,d06-025-07-05,my,my,1
2962,d06-025-07-06,hand,hand,1
2963,d06-025-07-07,.,.,1
2964,d06-027-00-00,Toyohiko,Toyohito,0
2965,d06-027-00-01,Kagawa,again,0
2966,d06-027-00-02,.,.,1
2967,d06-027-00-03,Loving,losing,0
2968,d06-027-00-04,Saviour,Saviour,1
2969,d06-027-00-05,",",",",1
2970,d06-027-00-06,who,who,1
2971,d06-027-00-07,experienced,experienced,1
2972,d06-027-01-00,all,all,1
2973,d06-027-01-01,human,human,1
2974,d06-027-01-02,emotion,emotion,1
2975,d06-027-01-03,",",",",1
2976,d06-027-01-04,and,and,1
2977,d06-027-01-05,whose,whose,1
2978,d06-027-01-06,sensitive,sensitive,1
2979,d06-027-02-00,nature,nature,1
2980,d06-027-02-01,knows,knows,1
2981,d06-027-02-02,better,better,1
2982,d06-027-02-03,than,than,1
2983,d06-027-02-04,we,we,1
2984,d06-027-02-05,do,do,1
2985,d06-027-02-06,",",",",1
2986,d06-027-02-07,what,what,1
2987,d06-027-02-08,it,it,1
2988,d06-027-02-09,is,is,1
2989,d06-027-02-10,to,to,1
2990,d06-027-03-00,be,be,1
2991,d06-027-03-01,really,really,1
2992,d06-027-03-02,afraid,afraid,1
2993,d06-027-03-03,",",",",1
2994,d06-027-03-04,help,help,1
2995,d06-027-03-05,us,to,0
2996,d06-027-03-06,to,to,1
2997,d06-027-03-07,know,know,1
2998,d06-027-03-08,that,that,1
2999,d06-027-03-09,when,When,0
3000,d06-027-04-00,we,we,1
3001,d06-027-04-01,face,face,1
3002,d06-027-04-02,life,life,1
3003,d06-027-04-03,boldly,boldly,1
3004,d06-027-04-04,",",",",1
3005,d06-027-04-05,many,many,1
3006,d06-027-04-06,of,of,1
3007,d06-027-04-07,the,the,1
3008,d06-027-04-08,shadows,shadows,1
3009,d06-027-04-09,are,are,1
3010,d06-027-06-00,come,come,1
3011,d06-027-06-01,what,what,1
3012,d06-027-06-02,may,may,1
3013,d06-027-06-03,",",",",1
3014,d06-027-06-04,we,we,1
3015,d06-027-06-05,are,are,1
3016,d06-027-06-06,never,never,1
3017,d06-027-06-07,alone,alone,1
3018,d06-027-06-08,when,when,1
3019,d06-027-07-00,we,we,1
3020,d06-027-07-01,are,are,1
3021,d06-027-07-02,with,with,1
3022,d06-027-07-03,Thee,The,0
3023,d06-027-07-04,.,.,1
3024,d06-037-00-00,To,To,1
3025,d06-037-00-01,others,others,1
3026,d06-037-00-02,",",",",1
3027,d06-037-00-03,the,the,1
3028,d06-037-00-04,long,long,1
3029,d06-037-00-05,hours,hours,1
3030,d06-037-00-06,of,of,1
3031,d06-037-00-07,the,the,1
3032,d06-037-00-08,night,night,1
3033,d06-037-00-09,bring,bring,1
3034,d06-037-01-00,only,only,1
3035,d06-037-01-01,a,a,1
3036,d06-037-01-02,disturbed,disturbed,1
3037,d06-037-01-03,tossing,housing,0
3038,d06-037-01-04,and,and,1
3039,d06-037-01-05,turning,turning,1
3040,d06-037-02-00,which,which,1
3041,d06-037-02-01,causes,causes,1
3042,d06-037-02-02,them,them,1
3043,d06-037-02-03,to,to,1
3044,d06-037-02-04,wake,wake,1
3045,d06-037-02-05,feeling,feeling,1
3046,d06-037-02-06,worse,worse,1
3047,d06-037-03-00,than,than,1
3048,d06-037-03-01,when,when,1
3049,d06-037-03-02,they,they,1
3050,d06-037-03-03,went,went,1
3051,d06-037-03-04,to,to,1
3052,d06-037-03-05,bed,bed,1
3053,d06-037-03-06,.,.,1
3054,d06-037-03-07,We,we,0
3055,d06-037-03-08,may,may,1
3056,d06-037-03-09,begin,begin,1
3057,d06-037-04-00,to,to,1
3058,d06-037-04-01,understand,understand,1
3059,d06-037-04-02,this,this,1
3060,d06-037-04-03,a,a,1
3061,d06-037-04-04,little,little,1
3062,d06-037-04-05,better,better,1
3063,d06-037-04-06,when,when,1
3064,d06-037-04-07,we,we,1
3065,d06-037-05-00,realize,realize,1
3066,d06-037-05-01,that,that,1
3067,d06-037-05-02,tiredness,tiredness,1
3068,d06-037-05-03,itself,itself,1
3069,d06-037-05-04,is,is,1
3070,d06-037-05-05,largely,largely,1
3071,d06-037-05-06,in,in,1
3072,d06-037-06-00,the,the,1
3073,d06-037-06-01,mind,mind,1
3074,d06-037-06-02,.,.,1
3075,d06-037-06-03,Very,very,0
3076,d06-037-06-04,few,few,1
3077,d06-037-06-05,people,People,0
3078,d06-037-06-06,",",",",1
3079,d06-037-06-07,under,under,1
3080,d06-037-06-08,normal,normal,1
3081,d06-037-07-00,conditions,conditions,1
3082,d06-037-07-01,",",",",1
3083,d06-037-07-02,work,work,1
3084,d06-037-07-03,themselves,themselves,1
3085,d06-037-07-04,to,to,1
3086,d06-037-07-05,a,a,1
3087,d06-037-07-06,standstill,standstill,1
3088,d06-037-07-07,.,.,1
3089,d06-041-00-00,The,The,1
3090,d06-041-00-01,mind,mind,1
3091,d06-041-00-02,tires,five,0
3092,d06-041-00-03,first,fist,0
3093,d06-041-00-04,and,and,1
3094,d06-041-00-05,conveys,coolly,0
3095,d06-041-00-06,the,the,1
3096,d06-041-00-07,impression,impurity,0
3097,d06-041-01-00,of,of,1
3098,d06-041-01-01,tiredness,fiatnnr,0
3099,d06-041-01-02,to,to,1
3100,d06-041-01-03,the,the,1
3101,d06-041-01-04,body,body,1
3102,d06-041-01-05,.,.,1
3103,d06-041-01-06,This,This,1
3104,d06-041-01-07,can,can,1
3105,d06-041-01-08,be,be,1
3106,d06-041-01-09,proved,proved,1
3107,d06-041-01-10,by,by,1
3108,d06-041-02-00,noting,moving,0
3109,d06-041-02-01,the,the,1
3110,d06-041-02-02,effect,aged,0
3111,d06-041-02-03,of,of,1
3112,d06-041-02-04,a,a,1
3113,d06-041-02-05,new,new,1
3114,d06-041-02-06,stimulus,stimutor,0
3115,d06-041-02-07,on,on,1
3116,d06-041-02-08,some-,some-,1
3117,d06-041-03-00,body,loy,0
3118,d06-041-03-01,who,who,1
3119,d06-041-03-02,feels,firms,0
3120,d06-041-03-03,thoroughly,therooghty,0
3121,d06-041-03-04,tired,find,0
3122,d06-041-03-05,.,.,1
3123,d06-041-03-06,Suppose,Suppose,1
3124,d06-041-04-00,a,a,1
3125,d06-041-04-01,mother,mother,1
3126,d06-041-04-02,has,has,1
3127,d06-041-04-03,news,norms,0
3128,d06-041-04-04,late,late,1
3129,d06-041-04-05,at,at,1
3130,d06-041-04-06,night,night,1
3131,d06-041-04-07,that,that,1
3132,d06-041-04-08,her,his,0
3133,d06-041-05-00,child,child,1
3134,d06-041-05-01,is,is,1
3135,d06-041-05-02,in,in,1
3136,d06-041-05-03,danger,danger,1
3137,d06-041-05-04,.,.,1
3138,d06-041-05-05,She,she,0
3139,d06-041-05-06,will,will,1
3140,d06-041-05-07,undertake,undulated,0
3141,d06-041-05-08,a,a,1
3142,d06-041-06-00,journey,journey,1
3143,d06-041-06-01,which,which,1
3144,d06-041-06-02,",",",",1
3145,d06-041-06-03,an,an,1
3146,d06-041-06-04,hour,hour,1
3147,d06-041-06-05,before,effort,0
3148,d06-041-06-06,",",",",1
3149,d06-041-06-07,she,the,0
3150,d06-041-06-08,would,would,1
3151,d06-041-07-00,have,have,1
3152,d06-041-07-01,declared,declared,1
3153,d06-041-07-02,impossible,impomidle,0
3154,d06-041-07-03,.,.,1
3155,d06-046-00-00,Even,Even,1
3156,d06-046-00-01,more,more,1
3157,d06-046-00-02,simply,simply,1
3158,d06-046-00-03,",",",",1
3159,d06-046-00-04,test,yet,0
3160,d06-046-00-05,your,your,1
3161,d06-046-00-06,own,own,1
3162,d06-046-00-07,reactions,reactions,1
3163,d06-046-01-00,to,to,1
3164,d06-046-01-01,different,different,1
3165,d06-046-01-02,situations,situations,1
3166,d06-046-01-03,.,.,1
3167,d06-046-01-04,There,There,1
3168,d06-046-01-05,are,are,1
3169,d06-046-01-06,some,some,1
3170,d06-046-01-07,which,which,1
3171,d06-046-02-00,bring,bring,1
3172,d06-046-02-01,on,on,1
3173,d06-046-02-02,an,an,1
3174,d06-046-02-03,almost,almost,1
3175,d06-046-02-04,immediate,immediate,1
3176,d06-046-02-05,feeling,feeling,1
3177,d06-046-02-06,of,of,1
3178,d06-046-03-00,tiredness,tiredness,1
3179,d06-046-03-01,-,-,1
3180,d06-046-03-02,such,such,1
3181,d06-046-03-03,as,as,1
3182,d06-046-03-04,when,when,1
3183,d06-046-03-05,your,your,1
3184,d06-046-03-06,wife,wife,1
3185,d06-046-03-07,mentions,mentions,1
3186,d06-046-05-00,refer,refer,1
3187,d06-046-05-01,to,to,1
3188,d06-046-05-02,something,something,1
3189,d06-046-05-03,you,you,1
3190,d06-046-05-04,like,like,1
3191,d06-046-05-05,doing,doing,1
3192,d06-046-05-06,",",",",1
3193,d06-046-05-07,bring,bring,1
3194,d06-046-05-08,a,a,1
3195,d06-046-06-00,veritable,veritable,1
3196,d06-046-06-01,surge,surge,1
3197,d06-046-06-02,of,of,1
3198,d06-046-06-03,energy,energy,1
3199,d06-046-06-04,.,.,1
3200,d06-046-06-05,Many,Many,1
3201,d06-046-06-06,a,a,1
3202,d06-046-06-07,girl,girl,1
3203,d06-046-06-08,who,who,1
3204,d06-046-08-00,up,up,1
3205,d06-046-08-01,with,with,1
3206,d06-046-08-02,no,no,1
3207,d06-046-08-03,apparent,apparent,1
3208,d06-046-08-04,tiredness,wieners,0
3209,d06-046-08-05,at,at,1
3210,d06-046-08-06,all,a,0
3211,d06-046-08-07,when,when,1
3212,d06-046-09-00,her,her,1
3213,d06-046-09-01,boy,boy,1
3214,d06-046-09-02,friend,friend,1
3215,d06-046-09-03,calls,calls,1
3216,d06-046-09-04,and,and,1
3217,d06-046-09-05,go,go,1
3218,d06-046-09-06,for,for,1
3219,d06-046-09-07,a,a,1
3220,d06-046-09-08,long,long,1
3221,d06-046-09-09,walk,walk,1
3222,d06-046-09-10,.,',0
3223,d06-056-01-00,a,a,1
3224,d06-056-01-01,burden,bewolen,0
3225,d06-056-01-02,to,to,1
3226,d06-056-01-03,their,their,1
3227,d06-056-01-04,families,families,1
3228,d06-056-01-05,and,and,1
3229,d06-056-01-06,their,their,1
3230,d06-056-01-07,friends,friends,1
3231,d06-056-01-08,.,.,1
3232,d06-056-02-00,Any,any,0
3233,d06-056-02-01,mental,mental,1
3234,d06-056-02-02,confusion,confusion,1
3235,d06-056-02-03,can,can,1
3236,d06-056-02-04,cause,cause,1
3237,d06-056-02-05,this,this,1
3238,d06-056-02-06,and,and,1
3239,d06-056-03-00,the,the,1
3240,d06-056-03-01,best,best,1
3241,d06-056-03-02,way,way,1
3242,d06-056-03-03,is,is,1
3243,d06-056-03-04,probably,probably,1
3244,d06-056-03-05,to,to,1
3245,d06-056-03-06,seek,seek,1
3246,d06-056-03-07,advice,advice,1
3247,d06-056-03-08,.,.,1
3248,d06-056-04-00,As,as,0
3249,d06-056-04-01,we,we,1
3250,d06-056-04-02,are,are,1
3251,d06-056-04-03,unable,unable,1
3252,d06-056-04-04,to,to,1
3253,d06-056-04-05,cure,cut,0
3254,d06-056-04-06,our,our,1
3255,d06-056-04-07,own,own,1
3256,d06-056-04-08,bodies,bodies,1
3257,d06-056-05-00,if,if,1
3258,d06-056-05-01,the,the,1
3259,d06-056-05-02,cause,cause,1
3260,d06-056-05-03,of,of,1
3261,d06-056-05-04,our,beer,0
3262,d06-056-05-05,pain,pain,1
3263,d06-056-05-06,is,is,1
3264,d06-056-05-07,too,too,1
3265,d06-056-05-08,deep,deep,1
3266,d06-056-05-09,seated,sealed,0
3267,d06-056-05-10,",",",",1
3268,d06-056-06-00,so,so,1
3269,d06-056-06-01,we,we,1
3270,d06-056-06-02,are,are,1
3271,d06-056-06-03,unable,unable,1
3272,d06-056-06-04,to,to,1
3273,d06-056-06-05,cure,care,0
3274,d06-056-06-06,our,our,1
3275,d06-056-06-07,own,owen,0
3276,d06-056-06-08,minds,mind,0
3277,d06-056-06-09,",",",",1
3278,d06-056-08-00,involving,involving,1
3279,d06-056-08-01,careful,careful,1
3280,d06-056-08-02,and,and,1
3281,d06-056-08-03,patient,patient,1
3282,d06-056-08-04,treatment,treatment,1
3283,d06-056-08-05,.,.,1
3284,d06-060-00-00,One,On,0
3285,d06-060-00-01,of,of,1
3286,d06-060-00-02,the,the,1
3287,d06-060-00-03,greatest,quoted,0
3288,d06-060-00-04,steps,steps,1
3289,d06-060-00-05,forward,toward,0
3290,d06-060-00-06,that,that,1
3291,d06-060-00-07,has,hat,0
3292,d06-060-00-08,been,has,0
3293,d06-060-01-00,made,mode,0
3294,d06-060-01-01,this,this,1
3295,d06-060-01-02,century,century,1
3296,d06-060-01-03,is,is,1
3297,d06-060-01-04,the,the,1
3298,d06-060-01-05,way,way,1
3299,d06-060-01-06,in,in,1
3300,d06-060-01-07,which,which,1
3301,d06-060-01-08,illness,this,0
3302,d06-060-02-00,of,of,1
3303,d06-060-02-01,the,The,0
3304,d06-060-02-02,mind,mind,1
3305,d06-060-02-03,is,is,1
3306,d06-060-02-04,no,no,1
3307,d06-060-02-05,longer,langer,0
3308,d06-060-02-06,feared,Grand,0
3309,d06-060-02-07,or,or,1
3310,d06-060-02-08,shunned,stunned,0
3311,d06-060-02-09,",",",",1
3312,d06-060-03-00,and,and,1
3313,d06-060-03-01,is,is,1
3314,d06-060-03-02,in,in,1
3315,d06-060-03-03,fact,jolt,0
3316,d06-060-03-04,no,no,1
3317,d06-060-03-05,differently,silently,0
3318,d06-060-03-06,regarded,regarded,1
3319,d06-060-03-07,than,than,1
3320,d06-060-04-00,physical,phycied,0
3321,d06-060-04-01,illness,million,0
3322,d06-060-04-02,.,.,1
3323,d06-060-04-03,There,The,0
3324,d06-060-04-04,is,in,0
3325,d06-060-04-05,",",",",1
3326,d06-060-04-06,nevertheless,numithilos,0
3327,d06-060-04-07,",",",",1
3328,d06-060-04-08,a,a,1
3329,d06-060-05-00,great,great,1
3330,d06-060-05-01,deal,deal,1
3331,d06-060-05-02,of,of,1
3332,d06-060-05-03,tiredness,Minot,0
3333,d06-060-05-04,which,which,1
3334,d06-060-05-05,comes,comes,1
3335,d06-060-05-06,from,from,1
3336,d06-060-06-00,no,10,0
3337,d06-060-06-01,major,major,1
3338,d06-060-06-02,complication,complication,1
3339,d06-060-06-03,but,hut,0
3340,d06-060-06-04,results,results,1
3341,d06-060-06-05,from,from,1
3342,d06-060-06-06,an,an,1
3343,d06-060-07-00,inability,inability,1
3344,d06-060-07-01,to,to,1
3345,d06-060-07-02,deal,date,0
3346,d06-060-07-03,with,with,1
3347,d06-060-07-04,life,life,1
3348,d06-060-07-05,",",",",1
3349,d06-060-07-06,especially,especially,1
3350,d06-060-07-07,under,unll,0
3351,d06-060-08-00,the,the,1
3352,d06-060-08-01,diverse,dive,0
3353,d06-060-08-02,pattern,polling,0
3354,d06-060-08-03,which,which,1
3355,d06-060-08-04,is,is,1
3356,d06-060-08-05,the,the,1
3357,d06-060-08-06,twentieth,Sountith,0
3358,d06-060-09-00,century,century,1
3359,d06-060-09-01,.,-,0
3360,d06-063-00-00,In,in,0
3361,d06-063-00-01,the,the,1
3362,d06-063-00-02,days,days,1
3363,d06-063-00-03,when,when,1
3364,d06-063-00-04,most,most,1
3365,d06-063-00-05,people,people,1
3366,d06-063-00-06,were,were,1
3367,d06-063-00-07,born,born,1
3368,d06-063-00-08,",",",",1
3369,d06-063-01-00,lived,lived,1
3370,d06-063-01-01,and,and,1
3371,d06-063-01-02,died,died,1
3372,d06-063-01-03,within,within,1
3373,d06-063-01-04,the,the,1
3374,d06-063-01-05,boundaries,boundaries,1
3375,d06-063-01-06,of,of,1
3376,d06-063-02-00,the,the,1
3377,d06-063-02-01,village,village,1
3378,d06-063-02-02,",",",",1
3379,d06-063-02-03,it,it,1
3380,d06-063-02-04,was,was,1
3381,d06-063-02-05,not,not,1
3382,d06-063-02-06,difficult,difficult,1
3383,d06-063-02-07,for,for,1
3384,d06-063-02-08,anybody,anybody,1
3385,d06-063-03-00,to,to,1
3386,d06-063-03-01,live,live,1
3387,d06-063-03-02,a,a,1
3388,d06-063-03-03,day,day,1
3389,d06-063-03-04,at,at,1
3390,d06-063-03-05,a,a,1
3391,d06-063-03-06,time,time,1
3392,d06-063-03-07,.,.,1
3393,d06-063-03-08,Even,Even,1
3394,d06-063-03-09,those,those,1
3395,d06-063-03-10,who,who,1
3396,d06-063-04-00,held,held,1
3397,d06-063-04-01,a,a,1
3398,d06-063-04-02,high,high,1
3399,d06-063-04-03,and,and,1
3400,d06-063-04-04,responsible,responsible,1
3401,d06-063-04-05,office,office,1
3402,d06-063-04-06,lived,lived,1
3403,d06-063-04-07,in,in,1
3404,d06-063-05-00,far,for,0
3405,d06-063-05-01,greater,great,0
3406,d06-063-05-02,simplicity,simplicity,1
3407,d06-063-05-03,than,than,1
3408,d06-063-05-04,their,their,1
3409,d06-063-05-05,successors,successors,1
3410,d06-063-05-06,.,.,1
3411,d06-063-06-00,When,When,1
3412,d06-063-06-01,news,news,1
3413,d06-063-06-02,from,from,1
3414,d06-063-06-03,the,the,1
3415,d06-063-06-04,Continent,Continent,1
3416,d06-063-06-05,took,took,1
3417,d06-063-06-06,days,days,1
3418,d06-063-06-07,",",",",1
3419,d06-063-07-00,from,from,1
3420,d06-063-07-01,America,America,1
3421,d06-063-07-02,weeks,weeks,1
3422,d06-063-07-03,",",",",1
3423,d06-063-07-04,from,from,1
3424,d06-063-07-05,the,the,1
3425,d06-063-07-06,Far,For,0
3426,d06-063-07-07,East,East,1
3427,d06-063-07-08,",",",",1
3428,d06-063-08-00,months,months,1
3429,d06-063-08-01,",",),0
3430,d06-063-08-02,even,even,1
3431,d06-063-08-03,a,a,1
3432,d06-063-08-04,Prime,Prime,1
3433,d06-063-08-05,Minister,Minister,1
3434,d06-063-08-06,could,could,1
3435,d06-063-08-07,go,go,1
3436,d06-063-08-08,to,to,1
3437,d06-063-09-00,sleep,keep,0
3438,d06-063-09-01,in,in,1
3439,d06-063-09-02,blissful,blissful,1
3440,d06-063-09-03,ignorance,ignorance,1
3441,d06-063-09-04,of,of,1
3442,d06-063-09-05,what,what,1
3443,d06-063-09-06,might,might,1
3444,d06-067-01-00,individual,individual,1
3445,d06-067-01-01,has,has,1
3446,d06-067-01-02,become,become,1
3447,d06-067-01-03,so,so,1
3448,d06-067-01-04,complex,complete,0
3449,d06-067-02-00,that,that,1
3450,d06-067-02-01,it,it,1
3451,d06-067-02-02,taxes,takes,0
3452,d06-067-02-03,the,the,1
3453,d06-067-02-04,mind,mind,1
3454,d06-067-02-05,.,"""",0
3455,d06-067-02-06,Two,Two,1
3456,d06-067-02-07,hundred,hundred,1
3457,d06-067-05-00,piece,piece,1
3458,d06-067-05-01,.,.,1
3459,d06-067-05-02,Now,Now,1
3460,d06-067-05-03,a,a,1
3461,d06-067-05-04,man,man,1
3462,d06-067-05-05,may,may,1
3463,d06-067-05-06,live,live,1
3464,d06-067-05-07,twenty,twenty,1
3465,d06-067-05-08,",",",",1
3466,d06-067-06-00,thirty,thirty,1
3467,d06-067-06-01,even,even,1
3468,d06-067-06-02,sixty,safety,0
3469,d06-067-06-03,miles,miles,1
3470,d06-067-06-04,from,from,1
3471,d06-067-06-05,his,his,1
3472,d06-067-07-00,work,work,1
3473,d06-067-07-01,.,.,1
3474,d06-067-07-02,The,The,1
3475,d06-067-07-03,only,only,1
3476,d06-067-07-04,connexion,completion,0
3477,d06-067-07-05,is,is,1
3478,d06-067-07-06,the,the,1
3479,d06-067-08-00,pipeline,pipeline,1
3480,d06-067-08-01,of,of,1
3481,d06-067-08-02,the,the,1
3482,d06-067-08-03,railway,railway,1
3483,d06-067-08-04,on,on,1
3484,d06-067-08-05,which,which,1
3485,d06-067-08-06,they,they,1
3486,d06-067-09-00,travel,Travel,0
3487,d06-067-09-01,day,day,1
3488,d06-067-09-02,by,by,1
3489,d06-067-09-03,day,clay,0
3490,d06-067-09-04,.,.,1
3491,d06-072-01-00,their,their,1
3492,d06-072-01-01,place,place,1
3493,d06-072-01-02,of,of,1
3494,d06-072-01-03,work,work,1
3495,d06-072-01-04,and,and,1
3496,d06-072-01-05,their,their,1
3497,d06-072-01-06,associates,associates,1
3498,d06-072-01-07,at,at,1
3499,d06-072-03-00,are,are,1
3500,d06-072-03-01,possibly,possibly,1
3501,d06-072-03-02,like,like,1
3502,d06-072-03-03,in,in,1
3503,d06-072-03-04,the,the,1
3504,d06-072-03-05,surroundings,surroundings,1
3505,d06-072-03-06,of,of,1
3506,d06-072-03-07,their,their,1
3507,d06-072-04-00,homes,homes,1
3508,d06-072-04-01,.,.,1
3509,d06-072-04-02,It,It,1
3510,d06-072-04-03,is,is,1
3511,d06-072-04-04,easy,easy,1
3512,d06-072-04-05,",",",",1
3513,d06-072-04-06,desperately,desperately,1
3514,d06-072-04-07,easy,cosy,0
3515,d06-072-04-08,",",",",1
3516,d06-072-04-09,to,to,1
3517,d06-072-04-10,lead,lead,1
3518,d06-072-05-00,a,a,1
3519,d06-072-05-01,',",",0
3520,d06-072-05-02,double,double,1
3521,d06-072-05-03,',',1
3522,d06-072-05-04,life,life,1
3523,d06-072-05-05,without,without,1
3524,d06-072-05-06,ever,ever,1
3525,d06-072-05-07,deliberately,detorerately,0
3526,d06-072-06-00,planning,planning,1
3527,d06-072-06-01,to,to,1
3528,d06-072-06-02,do,so,0
3529,d06-072-06-03,so,so,1
3530,d06-072-06-04,or,or,1
3531,d06-072-06-05,in,in,1
3532,d06-072-06-06,fact,fact,1
3533,d06-072-06-07,being,being,1
3534,d06-072-06-08,conscious,conscious,1
3535,d06-072-07-00,of,of,1
3536,d06-072-07-01,what,what,1
3537,d06-072-07-02,is,is,1
3538,d06-072-07-03,going,going,1
3539,d06-072-07-04,on,on,1
3540,d06-072-07-05,.,.,1
3541,d06-072-07-06,It,It,1
3542,d06-072-07-07,is,is,1
3543,d06-072-07-08,easier,easier,1
3544,d06-072-07-09,to,to,1
3545,d06-072-07-10,live,live,1
3546,d06-072-07-11,life,life,1
3547,d06-072-07-12,in,in,1
3548,d06-072-08-00,compartments,compartments,1
3549,d06-072-08-01,but,but,1
3550,d06-072-08-02,over,or,0
3551,d06-072-08-03,the,the,1
3552,d06-072-08-04,years,years,1
3553,d06-072-08-05,it,it,1
3554,d06-072-08-06,builds,builds,1
3555,d06-072-08-07,up,up,1
3556,d06-072-08-08,",",),0
3557,d06-072-09-00,and,and,1
3558,d06-072-09-01,to,to,1
3559,d06-072-09-02,do,do,1
3560,d06-072-09-03,so,in,0
3561,d06-072-09-04,inevitably,viitaidy,0
3562,d06-072-09-05,builds,builds,1
3563,d06-072-09-06,up,up,1
3564,d06-072-09-07,tensions,tensions,1
3565,d06-072-09-08,which,which,1
3566,d06-076-00-00,Can,Can,1
3567,d06-076-00-01,we,we,1
3568,d06-076-00-02,then,then,1
3569,d06-076-00-03,frame,frame,1
3570,d06-076-00-04,some,some,1
3571,d06-076-00-05,',",",0
3572,d06-076-00-06,rules,rules,1
3573,d06-076-00-07,',",",0
3574,d06-076-00-08,which,which,1
3575,d06-076-00-09,may,may,1
3576,d06-076-00-10,enable,enable,1
3577,d06-076-00-11,us,us,1
3578,d06-076-00-12,to,to,1
3579,d06-076-00-13,live,live,1
3580,d06-076-00-14,life,life,1
3581,d06-076-01-00,as,a,0
3582,d06-076-01-01,fully,fully,1
3583,d06-076-01-02,as,as,1
3584,d06-076-01-03,possible,possible,1
3585,d06-076-01-04,",",",",1
3586,d06-076-01-05,without,without,1
3587,d06-076-01-06,having,having,1
3588,d06-076-01-07,our,our,1
3589,d06-076-01-08,energy,energy,1
3590,d06-076-01-09,sapped,rapped,0
3591,d06-076-01-10,by,by,1
3592,d06-076-01-11,un-,--,0
3593,d06-076-03-00,We,We,1
3594,d06-076-03-01,have,have,1
3595,d06-076-03-02,a,a,1
3596,d06-076-03-03,saying,saying,1
3597,d06-076-03-04,',",",0
3598,d06-076-03-05,My,My,1
3599,d06-076-03-06,head,head,1
3600,d06-076-03-07,will,will,1
3601,d06-076-03-08,never,never,1
3602,d06-076-03-09,save,save,1
3603,d06-076-03-10,my,my,1
3604,d06-076-03-11,feet,out,0
3605,d06-076-03-12,',.,0
3606,d06-076-03-13,.,",",0
3607,d06-076-03-14,Time,Time,1
3608,d06-076-04-00,after,after,1
3609,d06-076-04-01,time,time,1
3610,d06-076-04-02,we,we,1
3611,d06-076-04-03,forget,forget,1
3612,d06-076-04-04,something,something,1
3613,d06-076-04-05,and,and,1
3614,d06-076-04-06,have,have,1
3615,d06-076-04-07,to,to,1
3616,d06-076-04-08,go,go,1
3617,d06-076-04-09,back,back,1
3618,d06-076-05-00,upstairs,upstairs,1
3619,d06-076-05-01,or,or,1
3620,d06-076-05-02,down,down,1
3621,d06-076-05-03,to,to,1
3622,d06-076-05-04,the,the,1
3623,d06-076-05-05,shops,shops,1
3624,d06-076-05-06,.,.,1
3625,d06-086-00-00,The,The,1
3626,d06-086-00-01,housewife,hoosswiff,0
3627,d06-086-00-02,would,would,1
3628,d06-086-00-03,find,find,1
3629,d06-086-00-04,life,The,0
3630,d06-086-00-05,far,for,0
3631,d06-086-00-06,less,In,0
3632,d06-086-00-07,tiring,thing,0
3633,d06-086-01-00,if,if,1
3634,d06-086-01-01,she,she,1
3635,d06-086-01-02,made,mode,0
3636,d06-086-01-03,a,a,1
3637,d06-086-01-04,list,fist,0
3638,d06-086-01-05,",",",",1
3639,d06-086-01-06,followed,found,0
3640,d06-086-01-07,a,a,1
3641,d06-086-01-08,routine,routine,1
3642,d06-086-01-09,of,of,1
3643,d06-086-01-10,work,words,0
3644,d06-086-02-00,rather,rather,1
3645,d06-086-02-01,than,than,1
3646,d06-086-02-02,getting,giving,0
3647,d06-086-02-03,from,from,1
3648,d06-086-02-04,one,one,1
3649,d06-086-02-05,thing,thing,1
3650,d06-086-02-06,to,to,1
3651,d06-086-02-07,the,the,1
3652,d06-086-02-08,next,next,1
3653,d06-086-02-09,.,.,1
3654,d06-086-03-00,The,The,1
3655,d06-086-03-01,business,buying,0
3656,d06-086-03-02,man,mon,0
3657,d06-086-03-03,would,would,1
3658,d06-086-03-04,find,find,1
3659,d06-086-03-05,that,that,1
3660,d06-086-03-06,he,the,0
3661,d06-086-03-07,reached,matched,0
3662,d06-086-04-00,the,She,0
3663,d06-086-04-01,end,ind,0
3664,d06-086-04-02,of,of,1
3665,d06-086-04-03,the,the,1
3666,d06-086-04-04,day,day,1
3667,d06-086-04-05,with,with,1
3668,d06-086-04-06,far,for,0
3669,d06-086-04-07,less,an,0
3670,d06-086-04-08,strain,strain,1
3671,d06-086-04-09,if,if,1
3672,d06-086-05-00,he,h,0
3673,d06-086-05-01,was,was,1
3674,d06-086-05-02,a,a,1
3675,d06-086-05-03,little,line,0
3676,d06-086-05-04,more,more,1
3677,d06-086-05-05,systematic,orilimalle,0
3678,d06-086-05-06,.,",",0
3679,d06-086-05-07,To,To,1
3680,d06-086-05-08,drift,shift,0
3681,d06-086-06-00,aimlessly,sinteimly,0
3682,d06-086-06-01,along,strong,0
3683,d06-086-06-02,is,is,1
3684,d06-086-06-03,more,more,1
3685,d06-086-06-04,wearying,varying,0
3686,d06-086-06-05,than,than,1
3687,d06-086-06-06,any-,any-,1
3688,d06-086-07-00,thing,thing,1
3689,d06-086-07-01,else,the,0
3690,d06-086-07-02,.,.,1
3691,d06-086-07-03,If,If,1
3692,d06-086-07-04,we,he,0
3693,d06-086-07-05,would,would,1
3694,d06-086-07-06,only,only,1
3695,d06-086-07-07,sit,si,0
3696,d06-086-07-08,down,down,1
3697,d06-086-07-09,and,and,1
3698,d06-086-08-00,write,with,0
3699,d06-086-08-01,out,out,1
3700,d06-086-08-02,all,all,1
3701,d06-086-08-03,the,the,1
3702,d06-086-08-04,necessary,neeemary,0
3703,d06-086-08-05,jobs,Pels,0
3704,d06-086-08-06,waiting,warning,0
3705,d06-086-08-07,to,to,1
3706,d06-086-09-00,be,t,0
3707,d06-086-09-01,done,done,1
3708,d06-086-09-02,and,and,1
3709,d06-086-09-03,then,The,0
3710,d06-086-09-04,work,works,0
3711,d06-086-09-05,quietly,equally,0
3712,d06-086-09-06,through,through,1
3713,d06-086-09-07,them,them,1
3714,d06-086-09-08,",",",",1
3715,d06-086-10-00,we,us,0
3716,d06-086-10-01,would,would,1
3717,d06-086-10-02,find,find,1
3718,d06-086-10-03,life,life,1
3719,d06-086-10-04,considerably,corvidrabty,0
3720,d06-086-10-05,less,to,0
3721,d06-086-10-06,exhausting,exhausting,1
3722,d06-096-00-00,I,I,1
3723,d06-096-00-01,am,am,1
3724,d06-096-00-02,more,more,1
3725,d06-096-00-03,than,than,1
3726,d06-096-00-04,conscious,conscisens,0
3727,d06-096-00-05,of,of,1
3728,d06-096-00-06,this,this,1
3729,d06-096-00-07,.,.,1
3730,d06-096-00-08,How,How,1
3731,d06-096-00-09,anybody,anybody,1
3732,d06-096-01-00,can,can,1
3733,d06-096-01-01,go,go,1
3734,d06-096-01-02,through,through,1
3735,d06-096-01-03,the,the,1
3736,d06-096-01-04,same,same,1
3737,d06-096-01-05,routine,routine,1
3738,d06-096-01-06,day,day,1
3739,d06-096-01-07,in,in,1
3740,d06-096-01-08,and,and,1
3741,d06-096-01-09,day,lay,0
3742,d06-096-02-00,out,cut,0
3743,d06-096-02-01,for,far,0
3744,d06-096-02-02,forty,Party,0
3745,d06-096-02-03,years,years,1
3746,d06-096-02-04,I,I,1
3747,d06-096-02-05,find,find,1
3748,d06-096-02-06,difficult,difficult,1
3749,d06-096-02-07,to,to,1
3750,d06-096-02-08,understand,understand,1
3751,d06-096-02-09,.,.,1
3752,d06-096-03-00,A,a,0
3753,d06-096-03-01,lot,lot,1
3754,d06-096-03-02,of,of,1
3755,d06-096-03-03,it,it,1
3756,d06-096-03-04,is,is,1
3757,d06-096-03-05,inevitable,inevitable,1
3758,d06-096-03-06,so,so,1
3759,d06-096-03-07,that,that,1
3760,d06-096-03-08,industry,industry,1
3761,d06-096-03-09,and,and,1
3762,d06-096-04-00,commerce,commerce,1
3763,d06-096-04-01,may,may,1
3764,d06-096-04-02,be,be,1
3765,d06-096-04-03,kept,kept,1
3766,d06-096-04-04,going,going,1
3767,d06-096-04-05,-,-,1
3768,d06-096-04-06,though,though,1
3769,d06-096-04-07,if,if,1
3770,d06-096-04-08,ever,ever,1
3771,d06-096-05-00,it,it,1
3772,d06-096-05-01,becomes,became,0
3773,d06-096-05-02,possible,possible,1
3774,d06-096-05-03,to,to,1
3775,d06-096-05-04,work,work,1
3776,d06-096-05-05,out,out,1
3777,d06-096-05-06,a,a,1
3778,d06-096-05-07,system,system,1
3779,d06-096-06-00,of,of,1
3780,d06-096-06-01,',"""",0
3781,d06-096-06-02,staggered,staggered,1
3782,d06-096-06-03,',"""",0
3783,d06-096-06-04,hours,hours,1
3784,d06-096-06-05,it,it,1
3785,d06-096-06-06,may,may,1
3786,d06-096-06-07,do,do,1
3787,d06-096-06-08,an,an,1
3788,d06-096-06-09,immense,immense,1
3789,d06-096-07-00,amount,amount,1
3790,d06-096-07-01,of,of,1
3791,d06-096-07-02,good,good,1
3792,d06-096-07-03,over,over,1
3793,d06-096-07-04,and,and,1
3794,d06-096-07-05,above,above,1
3795,d06-096-07-06,relieving,relieving,1
3796,d06-100-00-00,As,to,0
3797,d06-100-00-01,it,it,1
3798,d06-100-00-02,is,is,1
3799,d06-100-00-03,",",",",1
3800,d06-100-00-04,with,with,1
3801,d06-100-00-05,so,so,1
3802,d06-100-00-06,much,man,0
3803,d06-100-00-07,of,of,1
3804,d06-100-00-08,our,our,1
3805,d06-100-00-09,life,life,1
3806,d06-100-00-10,already,already,1
3807,d06-100-01-00,in,in,1
3808,d06-100-01-01,a,a,1
3809,d06-100-01-02,predetermined,predefamined,0
3810,d06-100-01-03,groove,groove,1
3811,d06-100-01-04,",",",",1
3812,d06-100-01-05,I,I,1
3813,d06-100-01-06,would,would,1
3814,d06-100-02-00,hardly,hardly,1
3815,d06-100-02-01,like,like,1
3816,d06-100-02-02,to,to,1
3817,d06-100-02-03,add,odd,0
3818,d06-100-02-04,further,further,1
3819,d06-100-02-05,to,to,1
3820,d06-100-02-06,the,the,1
3821,d06-100-02-07,dullness,dullness,1
3822,d06-100-04-00,for,for,1
3823,d06-100-04-01,this,this,1
3824,d06-100-04-02,.,.,1
3825,d06-100-04-03,I,I,1
3826,d06-100-04-04,know,know,1
3827,d06-100-04-05,how,now,0
3828,d06-100-04-06,much,much,1
3829,d06-100-04-07,of,of,1
3830,d06-100-04-08,a,a,1
3831,d06-100-04-09,drag,dog,0
3832,d06-100-04-10,it,it,1
3833,d06-100-04-11,can,can,1
3834,d06-100-04-12,be,be,1
3835,d06-100-05-00,and,and,1
3836,d06-100-05-01,I,I,1
3837,d06-100-05-02,was,was,1
3838,d06-100-05-03,interested,interested,1
3839,d06-100-05-04,some,some,1
3840,d06-100-05-05,little,little,1
3841,d06-100-05-06,while,while,1
3842,d06-100-06-00,ago,ago,1
3843,d06-100-06-01,to,to,1
3844,d06-100-06-02,hear,near,0
3845,d06-100-06-03,of,of,1
3846,d06-100-06-04,a,a,1
3847,d06-100-06-05,school,school,1
3848,d06-100-06-06,who,who,1
3849,d06-100-06-07,tried,tried,1
3850,d06-100-06-08,a,a,1
3851,d06-100-06-09,six-,Sir,0
3852,d06-100-07-00,day,say,0
3853,d06-100-07-01,timetable,tintable,0
3854,d06-100-07-02,.,.,1
3855,d06-104-00-00,They,They,1
3856,d06-104-00-01,only,only,1
3857,d06-104-00-02,worked,worked,1
3858,d06-104-00-03,",",",",1
3859,d06-104-00-04,of,of,1
3860,d06-104-00-05,course,course,1
3861,d06-104-00-06,",",",",1
3862,d06-104-00-07,a,a,1
3863,d06-104-00-08,five-,five,0
3864,d06-104-01-00,day,day,1
3865,d06-104-01-01,week,week,1
3866,d06-104-01-02,so,so,1
3867,d06-104-01-03,that,that,1
3868,d06-104-01-04,in,in,1
3869,d06-104-01-05,the,the,1
3870,d06-104-01-06,first,first,1
3871,d06-104-01-07,week,week,1
3872,d06-104-02-00,Monday,monday,0
3873,d06-104-02-01,to,to,1
3874,d06-104-02-02,Friday,Friday,1
3875,d06-104-02-03,were,were,1
3876,d06-104-02-04,days,days,1
3877,d06-104-02-05,one,one,1
3878,d06-104-03-00,to,to,1
3879,d06-104-03-01,five,five,1
3880,d06-104-03-02,of,of,1
3881,d06-104-03-03,the,the,1
3882,d06-104-03-04,timetable,timetable,1
3883,d06-104-03-05,",",",",1
3884,d06-104-03-06,the,the,1
3885,d06-104-03-07,following,following,1
3886,d06-104-04-00,Monday,Monday,1
3887,d06-104-04-01,was,was,1
3888,d06-104-04-02,day,day,1
3889,d06-104-04-03,six,Sit,0
3890,d06-104-04-04,and,and,1
3891,d06-104-04-05,Tuesday,Tuesday,1
3892,d06-104-05-00,started,Started,0
3893,d06-104-05-01,day,day,1
3894,d06-104-05-02,one,one,1
3895,d06-104-05-03,again,again,1
3896,d06-104-05-04,and,and,1
3897,d06-104-05-05,so,so,1
3898,d06-104-05-06,on,on,1
3899,d06-104-05-07,.,.,1
3900,d06-104-06-00,By,By,1
3901,d06-104-06-01,this,this,1
3902,d06-104-06-02,means,means,1
3903,d06-104-06-03,they,they,1
3904,d06-104-06-04,avoided,avoided,1
3905,d06-104-06-05,each,each,1
3906,d06-104-07-00,week,week,1
3907,d06-104-07-01,being,being,1
3908,d06-104-07-02,the,the,1
3909,d06-104-07-03,same,same,1
3910,d06-104-07-04,with,with,1
3911,d06-104-07-05,a,a,1
3912,d06-104-07-06,pupil,pupil,1
3913,d06-104-08-00,knowing,knowing,1
3914,d06-104-08-01,exactly,exactly,1
3915,d06-104-08-02,what,what,1
3916,d06-104-08-03,the,the,1
3917,d06-104-08-04,subject,subject,1
3918,d06-104-09-00,would,would,1
3919,d06-104-09-01,be,he,0
3920,d06-104-09-02,on,on,1
3921,d06-104-09-03,Friday,Friday,1
3922,d06-104-09-04,afternoon,afternoon,1
3923,d06-104-09-05,at,at,1
3924,d06-104-10-00,3,3,1
3925,d06-104-10-01,p.m.,p.m.,1
3926,d06-104-10-02,.,.,1
3927,d06-107-00-00,It,It,1
3928,d06-107-00-01,was,was,1
3929,d06-107-00-02,a,a,1
3930,d06-107-00-03,little,little,1
3931,d06-107-00-04,complicated,complicated,1
3932,d06-107-00-05,to,to,1
3933,d06-107-00-06,work,work,1
3934,d06-107-00-07,",",",",1
3935,d06-107-02-00,notice,notice,1
3936,d06-107-02-01,in,in,1
3937,d06-107-02-02,the,the,1
3938,d06-107-02-03,entrance,entrance,1
3939,d06-107-02-04,saying,saying,1
3940,d06-107-02-05,which,which,1
3941,d06-107-03-00,day,day,1
3942,d06-107-03-01,of,of,1
3943,d06-107-03-02,the,the,1
3944,d06-107-03-03,timetable,tintable,0
3945,d06-107-03-04,it,it,1
3946,d06-107-03-05,was,was,1
3947,d06-107-03-06,-,.,0
3948,d06-107-03-07,but,but,1
3949,d06-107-05-00,and,and,1
3950,d06-107-05-01,kept,kept,1
3951,d06-107-05-02,everybody,everybody,1
3952,d06-107-05-03,on,on,1
3953,d06-107-05-04,their,their,1
3954,d06-107-05-05,toes,this,0
3955,d06-107-05-06,.,",",0
3956,d06-107-06-00,To,To,1
3957,d06-107-06-01,have,have,1
3958,d06-107-06-02,order,order,1
3959,d06-107-06-03,does,does,1
3960,d06-107-06-04,not,not,1
3961,d06-107-06-05,mean,mean,1
3962,d06-107-06-06,getting,getting,1
3963,d06-107-07-00,into,into,1
3964,d06-107-07-01,a,a,1
3965,d06-107-07-02,dull,dull,1
3966,d06-107-07-03,routine,routine,1
3967,d06-107-07-04,.,.,1
3968,d06-107-07-05,I,I,1
3969,d06-107-07-06,have,habe,0
3970,d06-107-07-07,great,great,1
3971,d06-107-08-00,sympathy,sympathy,1
3972,d06-107-08-01,with,with,1
3973,d06-107-08-02,the,the,1
3974,d06-107-08-03,young,young,1
3975,d06-107-08-04,wife,wife,1
3976,d06-107-09-00,who,who,1
3977,d06-107-09-01,does,does,1
3978,d06-107-09-02,not,not,1
3979,d06-107-09-03,always,always,1
3980,d06-107-09-04,want,want,1
3981,d06-107-09-05,to,to,1
3982,d06-107-09-06,do,do,1
3983,d06-111-00-00,I,",",0
3984,d06-111-00-01,would,would,1
3985,d06-111-00-02,not,not,1
3986,d06-111-00-03,want,want,1
3987,d06-111-00-04,to,to,1
3988,d06-111-00-05,either,either,1
3989,d06-111-00-06,",",I,0
3990,d06-111-00-07,but,but,1
3991,d06-111-00-08,if,if,1
3992,d06-111-00-09,she,she,1
3993,d06-111-00-10,wants,wants,1
3994,d06-111-00-11,to,to,1
3995,d06-111-00-12,get,get,1
3996,d06-111-00-13,through,though,0
3997,d06-111-02-00,sit,sit,1
3998,d06-111-02-01,down,down,1
3999,d06-111-02-02,quietly,quietly,1
4000,d06-111-02-03,and,and,1
4001,d06-111-02-04,make,make,1
4002,d06-111-02-05,a,a,1
4003,d06-111-02-06,list,list,1
4004,d06-111-02-07,of,of,1
4005,d06-111-02-08,everything,everything,1
4006,d06-111-02-09,she,she,1
4007,d06-111-02-10,has,has,1
4008,d06-111-02-11,got,get,0
4009,d06-111-02-12,to,to,1
4010,d06-111-03-00,do,do,1
4011,d06-111-03-01,",",",",1
4012,d06-111-03-02,note,note,1
4013,d06-111-03-03,the,the,1
4014,d06-111-03-04,order,order,1
4015,d06-111-03-05,in,in,1
4016,d06-111-03-06,which,which,1
4017,d06-111-03-07,they,they,1
4018,d06-111-03-08,can,can,1
4019,d06-111-03-09,most,most,1
4020,d06-111-03-10,conveniently,conveniently,1
4021,d06-111-03-11,be,be,1
4022,d06-111-04-00,done,done,1
4023,d06-111-04-01,(,(,1
4024,d06-111-04-02,or,or,1
4025,d06-111-04-03,must,must,1
4026,d06-111-04-04,be,be,1
4027,d06-111-04-05,done,done,1
4028,d06-111-04-06,because,because,1
4029,d06-111-04-07,of,of,1
4030,d06-111-04-08,other,other,1
4031,d06-111-04-09,predetermined,predetermined,1
4032,d06-111-04-10,factors,factors,1
4033,d06-111-05-00,-,-,1
4034,d06-111-05-01,you,you,1
4035,d06-111-05-02,must,must,1
4036,d06-111-05-03,",",",",1
4037,d06-111-05-04,for,for,1
4038,d06-111-05-05,example,example,1
4039,d06-111-05-06,",",",",1
4040,d06-111-05-07,do,do,1
4041,d06-111-05-08,your,your,1
4042,d06-111-05-09,shopping,shopping,1
4043,d06-111-05-10,on,on,1
4044,d06-111-05-11,the,the,1
4045,d06-111-05-12,morning,morning,1
4046,d06-111-05-13,of,of,1
4047,d06-113-00-00,She,She,1
4048,d06-113-00-01,will,with,0
4049,d06-113-00-02,",",",",1
4050,d06-113-00-03,in,in,1
4051,d06-113-00-04,fact,jolt,0
4052,d06-113-00-05,",",",",1
4053,d06-113-00-06,be,be,1
4054,d06-113-00-07,surprised,surprividd,0
4055,d06-113-00-08,at,a,0
4056,d06-113-00-09,what,what,1
4057,d06-113-00-10,peace,place,0
4058,d06-113-03-00,put,put,1
4059,d06-113-03-01,all,all,1
4060,d06-113-03-02,our,our,1
4061,d06-113-03-03,energies,singing,0
4062,d06-113-03-04,into,into,1
4063,d06-113-03-05,the,the,1
4064,d06-113-03-06,particular,particular,1
4065,d06-113-04-00,matter,mother,0
4066,d06-113-04-01,on,on,1
4067,d06-113-04-02,hand,hand,1
4068,d06-113-04-03,.,.,1
4069,d07-082-00-00,(,I,0
4070,d07-082-00-01,Actually,Actually,1
4071,d07-082-00-02,",",",",1
4072,d07-082-00-03,the,the,1
4073,d07-082-00-04,Mishnah,Hishaak,0
4074,d07-082-00-05,quotes,quotes,1
4075,d07-082-00-06,two,two,1
4076,d07-082-00-07,further,further,1
4077,d07-082-00-08,proof,proof,1
4078,d07-082-01-00,texts,texts,1
4079,d07-082-01-01,and,and,1
4080,d07-082-01-02,the,the,1
4081,d07-082-01-03,Gemara,remark,0
4082,d07-082-01-04,explains,explains,1
4083,d07-082-01-05,why,why,1
4084,d07-082-01-06,these,these,1
4085,d07-082-01-07,",",",",1
4086,d07-082-02-00,too,too,1
4087,d07-082-02-01,",",",",1
4088,d07-082-02-02,are,are,1
4089,d07-082-02-03,necessary,necessary,1
4090,d07-082-02-04,",",",",1
4091,d07-082-02-05,but,but,1
4092,d07-082-02-06,a,a,1
4093,d07-082-02-07,careful,careful,1
4094,d07-082-02-08,examination,examination,1
4095,d07-082-03-00,of,of,1
4096,d07-082-03-01,that,that,1
4097,d07-082-03-02,passage,passage,1
4098,d07-082-03-03,makes,makes,1
4099,d07-082-03-04,it,it,1
4100,d07-082-03-05,clear,clear,1
4101,d07-082-03-06,that,that,1
4102,d07-082-03-07,these,these,1
4103,d07-082-03-08,are,are,1
4104,d07-082-04-00,not,not,1
4105,d07-082-04-01,quoted,quoted,1
4106,d07-082-04-02,here,here,1
4107,d07-082-04-03,because,because,1
4108,d07-082-04-04,they,they,1
4109,d07-082-04-05,are,are,1
4110,d07-082-04-06,not,not,1
4111,d07-082-05-00,necessary,necessary,1
4112,d07-082-05-01,to,to,1
4113,d07-082-05-02,prove,prove,1
4114,d07-082-05-03,the,the,1
4115,d07-082-05-04,point,point,1
4116,d07-082-05-05,made,made,1
4117,d07-082-05-06,by,by,1
4118,d07-082-06-00,R.,R.,1
4119,d07-082-06-01,Joshua,Joshua,1
4120,d07-082-06-02,b.,b.,1
4121,d07-082-06-03,Levi,Les,0
4122,d07-082-06-04,.,.,1
4123,d07-082-06-05,),),1
4124,d07-082-06-06,Finally,Finally,1
4125,d07-082-06-07,",",",",1
4126,d07-082-06-08,we,we,1
4127,d07-082-06-09,note,note,1
4128,d07-082-06-10,that,that,1
4129,d07-082-07-00,the,the,1
4130,d07-082-07-01,comment,comment,1
4131,d07-082-07-02,of,of,1
4132,d07-082-07-03,Rami,Radic,0
4133,d07-082-07-04,bar,bar,1
4134,d07-082-07-05,Rabh,table,0
4135,d07-082-07-06,is,is,1
4136,d07-082-07-07,quoted,quoted,1
4137,d07-082-08-00,elsewhere,elsewhere,1
4138,d07-082-08-01,.,.,1
4139,d07-085-00-00,From,from,0
4140,d07-085-00-01,the,the,1
4141,d07-085-00-02,above,above,1
4142,d07-085-00-03,it,it,1
4143,d07-085-00-04,follows,follows,1
4144,d07-085-00-05,that,that,1
4145,d07-085-00-06,here,here,1
4146,d07-085-00-07,",",",",1
4147,d07-085-00-08,once,once,1
4148,d07-085-00-09,again,again,1
4149,d07-085-00-10,",",",",1
4150,d07-085-01-00,we,we,1
4151,d07-085-01-01,have,have,1
4152,d07-085-01-02,a,a,1
4153,d07-085-01-03,good,good,1
4154,d07-085-01-04,illustration,illustration,1
4155,d07-085-01-05,of,of,1
4156,d07-085-01-06,how,how,1
4157,d07-085-01-07,a,a,1
4158,d07-085-02-00,sugya,sugar,0
4159,d07-085-02-01,has,has,1
4160,d07-085-02-02,been,been,1
4161,d07-085-02-03,fashioned,fashioned,1
4162,d07-085-02-04,from,from,1
4163,d07-085-02-05,material,material,1
4164,d07-085-03-00,already,already,1
4165,d07-085-03-01,in,in,1
4166,d07-085-03-02,the,the,1
4167,d07-085-03-03,hands,hands,1
4168,d07-085-03-04,of,of,1
4169,d07-085-03-05,the,the,1
4170,d07-085-03-06,Redactors,reactors,0
4171,d07-085-03-07,.,.,1
4172,d07-085-04-00,The,The,1
4173,d07-085-04-01,sugya,sugar,0
4174,d07-085-04-02,is,is,1
4175,d07-085-04-03,built,built,1
4176,d07-085-04-04,around,around,1
4177,d07-085-04-05,the,the,1
4178,d07-085-04-06,saying,saying,1
4179,d07-085-04-07,of,of,1
4180,d07-085-05-00,R.,R.,1
4181,d07-085-05-01,Joshua,Joshua,1
4182,d07-085-05-02,b.,b.,1
4183,d07-085-05-03,Levi,evil,0
4184,d07-085-05-04,.,",",0
4185,d07-085-05-05,The,The,1
4186,d07-085-05-06,proof,proof,1
4187,d07-085-05-07,text,text,1
4188,d07-085-05-08,for,for,1
4189,d07-085-05-09,the,the,1
4190,d07-085-06-00,reading,reading,1
4191,d07-085-06-01,of,of,1
4192,d07-085-06-02,the,the,1
4193,d07-085-06-03,Book,Book,1
4194,d07-085-06-04,of,of,1
4195,d07-085-06-05,Esther,either,0
4196,d07-085-06-06,is,is,1
4197,d07-085-06-07,quoted,quoted,1
4198,d07-085-07-00,with,with,1
4199,d07-085-07-01,the,the,1
4200,d07-085-07-02,comment,comment,1
4201,d07-085-07-03,given,given,1
4202,d07-085-07-04,by,by,1
4203,d07-085-07-05,Samuel,Samuel,1
4204,d07-085-07-06,.,.,1
4205,d07-089-01-00,known,known,1
4206,d07-089-01-01,comment,comment,1
4207,d07-089-01-02,on,on,1
4208,d07-089-01-03,the,the,1
4209,d07-089-01-04,verse,verse,1
4210,d07-089-01-05,;,;,1
4211,d07-089-01-06,quoted,quoted,1
4212,d07-089-01-07,by,by,1
4213,d07-089-02-00,Samuel,Samuel,1
4214,d07-089-02-01,in,in,1
4215,d07-089-02-02,support,support,1
4216,d07-089-02-03,of,of,1
4217,d07-089-02-04,his,his,1
4218,d07-089-02-05,thesis,thesis,1
4219,d07-089-02-06,and,and,1
4220,d07-089-02-07,quoted,quoted,1
4221,d07-089-03-00,by,by,1
4222,d07-089-03-01,the,the,1
4223,d07-089-03-02,Gemara,remark,0
4224,d07-089-03-03,in,in,1
4225,d07-089-03-04,support,support,1
4226,d07-089-03-05,of,of,1
4227,d07-089-03-06,R.,R.,1
4228,d07-089-03-07,Joshua,Joshua,1
4229,d07-089-03-08,b.,b.,1
4230,d07-089-04-00,Levi's,Lewis,0
4231,d07-089-04-01,thesis,thesis,1
4232,d07-089-04-02,!,!,1
4233,d07-089-04-03,),),1
4234,d07-089-04-04,The,The,1
4235,d07-089-04-05,proof,proof,1
4236,d07-089-04-06,text,text,1
4237,d07-089-04-07,of,of,1
4238,d07-089-04-08,greeting,greeting,1
4239,d07-089-04-09,by,by,1
4240,d07-089-05-00,the,the,1
4241,d07-089-05-01,divine,divine,1
4242,d07-089-05-02,Name,Name,1
4243,d07-089-05-03,is,is,1
4244,d07-089-05-04,taken,taken,1
4245,d07-089-05-05,from,from,1
4246,d07-089-05-06,the,the,1
4247,d07-089-05-07,Mishnah,Mister,0
4248,d07-089-05-08,.,.,1
4249,d07-089-06-00,There,There,1
4250,d07-089-06-01,is,is,1
4251,d07-089-06-02,no,no,1
4252,d07-089-06-03,reference,reference,1
4253,d07-089-06-04,to,to,1
4254,d07-089-06-05,the,the,1
4255,d07-089-06-06,Mishnah,Hishuah,0
4256,d07-089-06-07,here,here,1
4257,d07-089-07-00,because,because,1
4258,d07-089-07-01,the,the,1
4259,d07-089-07-02,Mishnah,Kishuale,0
4260,d07-089-07-03,deals,deals,1
4261,d07-089-07-04,with,with,1
4262,d07-089-07-05,the,the,1
4263,d07-089-08-00,actual,actual,1
4264,d07-089-08-01,practice,practice,1
4265,d07-089-08-02,of,of,1
4266,d07-089-08-03,greeting,greeting,1
4267,d07-089-08-04,by,by,1
4268,d07-089-08-05,the,the,1
4269,d07-089-08-06,divine,divine,1
4270,d07-089-09-00,Name,Name,1
4271,d07-089-09-01,and,and,1
4272,d07-089-09-02,the,the,1
4273,d07-089-09-03,Gemara,remark,0
4274,d07-089-09-04,here,here,1
4275,d07-089-09-05,quotes,quotes,1
4276,d07-089-09-06,the,the,1
4277,d07-089-10-00,texts,texts,1
4278,d07-089-10-01,to,to,1
4279,d07-089-10-02,support,support,1
4280,d07-089-10-03,the,the,1
4281,d07-089-10-04,thesis,thesis,1
4282,d07-089-10-05,of,of,1
4283,d07-089-10-06,R.,R.,1
4284,d07-089-10-07,Joshua,Joshua,1
4285,d07-089-10-08,b.,b.,1
4286,d07-089-10-09,Levi,Let,0
4287,d07-089-10-10,.,.,1
4288,d07-093-00-00,The,The,1
4289,d07-093-00-01,question,question,1
4290,d07-093-00-02,and,and,1
4291,d07-093-00-03,answer,answer,1
4292,d07-093-00-04,with,with,1
4293,d07-093-00-05,regard,regard,1
4294,d07-093-00-06,to,to,1
4295,d07-093-00-07,the,the,1
4296,d07-093-01-00,need,need,1
4297,d07-093-01-01,for,for,1
4298,d07-093-01-02,the,the,1
4299,d07-093-01-03,text,text,1
4300,d07-093-01-04,of,of,1
4301,d07-093-01-05,the,the,1
4302,d07-093-01-06,angel,angel,1
4303,d07-093-01-07,are,are,1
4304,d07-093-01-08,quoted,quoted,1
4305,d07-093-02-00,here,here,1
4306,d07-093-02-01,in,in,1
4307,d07-093-02-02,the,the,1
4308,d07-093-02-03,same,same,1
4309,d07-093-02-04,words,words,1
4310,d07-093-02-05,in,in,1
4311,d07-093-02-06,which,which,1
4312,d07-093-02-07,they,they,1
4313,d07-093-02-08,are,are,1
4314,d07-093-03-00,quoted,quoted,1
4315,d07-093-03-01,in,in,1
4316,d07-093-03-02,the,the,1
4317,d07-093-03-03,discussion,discussion,1
4318,d07-093-03-04,on,on,1
4319,d07-093-03-05,the,the,1
4320,d07-093-03-06,Mishnah,Hishuah,0
4321,d07-093-03-07,.,.,1
4322,d07-093-04-00,This,This,1
4323,d07-093-04-01,can,can,1
4324,d07-093-04-02,either,either,1
4325,d07-093-04-03,mean,mean,1
4326,d07-093-04-04,that,that,1
4327,d07-093-04-05,both,both,1
4328,d07-093-04-06,sugyas,sugar,0
4329,d07-093-04-07,are,are,1
4330,d07-093-06-00,answer,answer,1
4331,d07-093-06-01,or,or,1
4332,d07-093-06-02,that,that,1
4333,d07-093-06-03,our,our,1
4334,d07-093-06-04,sugya,sugar,0
4335,d07-093-06-05,is,is,1
4336,d07-093-06-06,quoting,quoting,1
4337,d07-093-06-07,from,from,1
4338,d07-093-07-00,the,the,1
4339,d07-093-07-01,longer,longer,1
4340,d07-093-07-02,sugya,sugar,0
4341,d07-093-07-03,which,which,1
4342,d07-093-07-04,deals,deals,1
4343,d07-093-07-05,with,with,1
4344,d07-093-07-06,all,all,1
4345,d07-093-08-00,four,four,1
4346,d07-093-08-01,texts,texts,1
4347,d07-093-08-02,quoted,quoted,1
4348,d07-093-08-03,in,in,1
4349,d07-093-08-04,the,the,1
4350,d07-093-08-05,Mishnah,Rishuah,0
4351,d07-093-08-06,.,.,1
4352,d07-096-00-00,Or,as,0
4353,d07-096-00-01,it,it,1
4354,d07-096-00-02,is,is,1
4355,d07-096-00-03,possible,possible,1
4356,d07-096-00-04,that,that,1
4357,d07-096-00-05,our,our,1
4358,d07-096-00-06,sugya,saga,0
4359,d07-096-00-07,contains,contains,1
4360,d07-096-00-08,the,the,1
4361,d07-096-01-00,original,original,1
4362,d07-096-01-01,question,question,1
4363,d07-096-01-02,and,and,1
4364,d07-096-01-03,answer,answer,1
4365,d07-096-01-04,and,and,1
4366,d07-096-01-05,this,this,1
4367,d07-096-01-06,is,is,1
4368,d07-096-01-07,quoted,grated,0
4369,d07-096-02-00,in,in,1
4370,d07-096-02-01,the,the,1
4371,d07-096-02-02,other,other,1
4372,d07-096-02-03,sugya,saga,0
4373,d07-096-02-04,.,:,0
4374,d07-096-02-05,(,I,0
4375,d07-096-02-06,This,This,1
4376,d07-096-02-07,can,can,1
4377,d07-096-02-08,be,be,1
4378,d07-096-02-09,supported,supported,1
4379,d07-096-02-10,by,by,1
4380,d07-096-02-11,the,the,1
4381,d07-096-04-00,accord,accord,1
4382,d07-096-04-01,but,but,1
4383,d07-096-04-02,there,there,1
4384,d07-096-04-03,was,was,1
4385,d07-096-04-04,no,no,1
4386,d07-096-04-05,approval,approval,1
4387,d07-096-04-06,of,of,1
4388,d07-096-04-07,his,his,1
4389,d07-096-04-08,action,action,1
4390,d07-096-06-00,expression,expression,1
4391,d07-096-06-01,appears,appears,1
4392,d07-096-06-02,to,to,1
4393,d07-096-06-03,have,have,1
4394,d07-096-06-04,been,been,1
4395,d07-096-06-05,framed,framed,1
4396,d07-096-06-06,in,in,1
4397,d07-096-08-00,whether,whether,1
4398,d07-096-08-01,the,the,1
4399,d07-096-08-02,Heavenly,Heavenly,1
4400,d07-096-08-03,Court,court,0
4401,d07-096-08-04,concurred,concurred,1
4402,d07-100-00-00,The,The,1
4403,d07-100-00-01,proof,proof,1
4404,d07-100-00-02,text,text,1
4405,d07-100-00-03,of,of,1
4406,d07-100-00-04,bringing,bringing,1
4407,d07-100-00-05,the,the,1
4408,d07-100-00-06,tithe,lithe,0
4409,d07-100-00-07,to,to,1
4410,d07-100-00-08,the,the,1
4411,d07-100-00-09,Temple,temple,0
4412,d07-100-01-00,is,is,1
4413,d07-100-01-01,then,them,0
4414,d07-100-01-02,quoted,quoted,1
4415,d07-100-01-03,and,and,1
4416,d07-100-01-04,the,the,1
4417,d07-100-01-05,interpretation,interpretation,1
4418,d07-100-01-06,of,of,1
4419,d07-100-01-07,the,the,1
4420,d07-100-02-00,latter,latter,1
4421,d07-100-02-01,part,part,1
4422,d07-100-02-02,of,of,1
4423,d07-100-02-03,the,the,1
4424,d07-100-02-04,verse,were,0
4425,d07-100-02-05,by,by,1
4426,d07-100-02-06,Rami,Paula,0
4427,d07-100-02-07,bar,tar,0
4428,d07-100-02-08,Rabh,table,0
4429,d07-100-03-00,is,is,1
4430,d07-100-03-01,added,added,1
4431,d07-100-03-02,",",",",1
4432,d07-100-03-03,not,not,1
4433,d07-100-03-04,because,because,1
4434,d07-100-03-05,this,this,1
4435,d07-100-03-06,is,is,1
4436,d07-100-03-07,at,at,1
4437,d07-100-03-08,all,all,1
4438,d07-100-03-09,relevant,relevant,1
4439,d07-100-05-00,a,a,1
4440,d07-100-05-01,familiar,familiar,1
4441,d07-100-05-02,interpretation,interpretation,1
4442,d07-100-05-03,which,which,1
4443,d07-100-05-04,had,had,1
4444,d07-100-06-00,become,become,1
4445,d07-100-06-01,so,so,1
4446,d07-100-06-02,well,well,1
4447,d07-100-06-03,known,known,1
4448,d07-100-06-04,that,that,1
4449,d07-100-06-05,it,it,1
4450,d07-100-06-06,was,was,1
4451,d07-100-07-00,invariably,invariably,1
4452,d07-100-07-01,quoted,quoted,1
4453,d07-100-07-02,whenever,whenever,1
4454,d07-100-07-03,the,the,1
4455,d07-100-07-04,verse,verse,1
4456,d07-100-08-00,itself,itself,1
4457,d07-100-08-01,was,was,1
4458,d07-100-08-02,quoted,quoted,1
4459,d07-100-08-03,",",",",1
4460,d07-100-08-04,almost,almost,1
4461,d07-100-08-05,as,as,1
4462,d07-100-08-06,if,if,1
4463,d07-100-08-07,it,it,1
4464,d07-100-08-08,were,were,1
4465,d07-100-08-09,a,a,1
4466,d07-100-09-00,part,part,1
4467,d07-100-09-01,of,of,1
4468,d07-100-09-02,the,the,1
4469,d07-100-09-03,verse,verse,1
4470,d07-100-09-04,.,.,1
4471,d07-102-00-00,The,The,1
4472,d07-102-00-01,Gemara,remark,0
4473,d07-102-00-02,continues,continues,1
4474,d07-102-00-03,with,with,1
4475,d07-102-00-04,a,a,1
4476,d07-102-00-05,saying,saying,1
4477,d07-102-00-06,of,of,1
4478,d07-102-00-07,the,the,1
4479,d07-102-01-00,Palestinian,Palestine,0
4480,d07-102-01-01,teacher,teacher,1
4481,d07-102-01-02,",",",",1
4482,d07-102-01-03,R.,R.,1
4483,d07-102-01-04,Eleazar,Eleazar,1
4484,d07-102-01-05,(,(,1
4485,d07-102-01-06,3rd,God,0
4486,d07-102-01-07,Cent.,Cent.,1
4487,d07-102-01-08,),I,0
4488,d07-102-01-09,:,:,1
4489,d07-102-02-00,',',1
4490,d07-102-02-01,The,The,1
4491,d07-102-02-02,Holy,Holy,1
4492,d07-102-02-03,Spirit,spirit,0
4493,d07-102-02-04,manifested,manifested,1
4494,d07-102-02-05,itself,itself,1
4495,d07-102-02-06,in,in,1
4496,d07-102-02-07,three,three,1
4497,d07-102-02-08,places,places,1
4498,d07-102-02-09,:,:,1
4499,d07-102-03-00,the,the,1
4500,d07-102-03-01,court,court,1
4501,d07-102-03-02,of,of,1
4502,d07-102-03-03,Shem,them,0
4503,d07-102-03-04,",",",",1
4504,d07-102-03-05,the,the,1
4505,d07-102-03-06,court,court,1
4506,d07-102-03-07,of,of,1
4507,d07-102-03-08,Samuel,Samuel,1
4508,d07-102-03-09,of,of,1
4509,d07-102-03-10,Ramah,Pampa,0
4510,d07-102-03-11,",",",",1
4511,d07-102-04-00,and,and,1
4512,d07-102-04-01,the,the,1
4513,d07-102-04-02,court,court,1
4514,d07-102-04-03,of,of,1
4515,d07-102-04-04,Solomon,Solomon,1
4516,d07-102-04-05,.,.,1
4517,d07-102-04-06,',",",0
4518,d07-102-04-07,The,The,1
4519,d07-102-04-08,place,place,1
4520,d07-102-04-09,of,of,1
4521,d07-102-04-10,this,this,1
4522,d07-102-06-00,on,on,1
4523,d07-102-06-01,the,the,1
4524,d07-102-06-02,saying,saying,1
4525,d07-102-06-03,of,of,1
4526,d07-102-06-04,R.,R.,1
4527,d07-102-06-05,Joshua,Joshua,1
4528,d07-102-06-06,b.,b.,1
4529,d07-102-06-07,Levi,Lee,0
4530,d07-102-06-08,which,which,1
4531,d07-102-07-00,deals,deals,1
4532,d07-102-07-01,with,with,1
4533,d07-102-07-02,a,a,1
4534,d07-102-07-03,similar,similar,1
4535,d07-102-07-04,theme,theme,1
4536,d07-102-07-05,.,.,1
4537,e01-055-00-00,One,One,1
4538,e01-055-00-01,can,can,1
4539,e01-055-00-02,remember,remember,1
4540,e01-055-00-03,with,with,1
4541,e01-055-00-04,horror,horror,1
4542,e01-055-00-05,the,the,1
4543,e01-055-00-06,pictures,pictures,1
4544,e01-055-00-07,of,of,1
4545,e01-055-00-08,the,the,1
4546,e01-055-01-00,overcrowded,overcrowded,1
4547,e01-055-01-01,and,and,1
4548,e01-055-01-02,over-embellished,over-embillished,0
4549,e01-055-01-03,drawing-rooms,drawing-rooms,1
4550,e01-055-02-00,complete,complete,1
4551,e01-055-02-01,with,with,1
4552,e01-055-02-02,heavy,heavy,1
4553,e01-055-02-03,crochet,crochet,1
4554,e01-055-02-04,antimacassars,antimacamars,0
4555,e01-055-02-05,",",",",1
4556,e01-055-02-06,mantel-,mantel,0
4557,e01-055-03-00,piece,piece,1
4558,e01-055-03-01,covers,covers,1
4559,e01-055-03-02,with,with,1
4560,e01-055-03-03,a,a,1
4561,e01-055-03-04,fringing,ringing,0
4562,e01-055-03-05,of,of,1
4563,e01-055-03-06,clumsy,clumsy,1
4564,e01-055-03-07,bobbles,bobbles,1
4565,e01-055-03-08,and,and,1
4566,e01-055-04-00,numerous,numerous,1
4567,e01-055-04-01,other,other,1
4568,e01-055-04-02,crocheted,crocketed,0
4569,e01-055-04-03,pieces,pieces,1
4570,e01-055-04-04,.,.,1
4571,e01-055-04-05,It,It,1
4572,e01-055-04-06,was,was,1
4573,e01-055-04-07,some,some,1
4574,e01-055-04-08,years,years,1
4575,e01-055-05-00,after,after,1
4576,e01-055-05-01,the,the,1
4577,e01-055-05-02,Victorian,Victorian,1
4578,e01-055-05-03,period,period,1
4579,e01-055-05-04,that,that,1
4580,e01-055-05-05,designers,designers,1
4581,e01-055-05-06,realised,realised,1
4582,e01-055-06-00,the,the,1
4583,e01-055-06-01,potentialities,potentialities,1
4584,e01-055-06-02,of,of,1
4585,e01-055-06-03,the,the,1
4586,e01-055-06-04,craft,craft,1
4587,e01-055-06-05,",",",",1
4588,e01-055-06-06,and,and,1
4589,e01-055-06-07,crochet,rocket,0
4590,e01-055-06-08,was,was,1
4591,e01-055-07-00,revived,revived,1
4592,e01-055-07-01,with,with,1
4593,e01-055-07-02,designs,designs,1
4594,e01-055-07-03,suitable,suitable,1
4595,e01-055-07-04,for,for,1
4596,e01-055-07-05,contemporary,contemporary,1
4597,e01-055-08-00,trends,trends,1
4598,e01-055-08-01,.,.,1
4599,e01-055-08-02,Crochet,Crochet,1
4600,e01-055-08-03,today,today,1
4601,e01-055-08-04,has,has,1
4602,e01-055-08-05,a,a,1
4603,e01-055-08-06,variety,variety,1
4604,e01-055-08-07,of,of,1
4605,e01-055-08-08,uses,uses,1
4606,e01-055-08-09,",",",",1
4607,e01-055-08-10,and,and,1
4608,e01-055-09-00,has,has,1
4609,e01-055-09-01,even,even,1
4610,e01-055-09-02,stepped,stepped,1
4611,e01-055-09-03,into,into,1
4612,e01-055-09-04,the,the,1
4613,e01-055-09-05,field,field,1
4614,e01-055-09-06,of,of,1
4615,e01-055-09-07,high,high,1
4616,e01-055-09-08,fashion,fashion,1
4617,e01-055-09-09,.,.,1
4618,e06-000-00-00,This,This,1
4619,e06-000-00-01,could,could,1
4620,e06-000-00-02,hardly,barely,0
4621,e06-000-00-03,happen,happen,1
4622,e06-000-00-04,without,without,1
4623,e06-000-00-05,the,the,1
4624,e06-000-01-00,herring,homing,0
4625,e06-000-01-01,having,leaving,0
4626,e06-000-01-02,some,some,1
4627,e06-000-01-03,orientation,alienation,0
4628,e06-000-01-04,with,with,1
4629,e06-000-01-05,the,the,1
4630,e06-000-02-00,sea,sea,1
4631,e06-000-02-01,bottom,bottom,1
4632,e06-000-02-02,.,.,1
4633,e06-000-02-03,It,It,1
4634,e06-000-02-04,means,means,1
4635,e06-000-02-05,that,that,1
4636,e06-000-02-06,the,the,1
4637,e06-000-02-07,crowding,crowding,1
4638,e06-000-03-00,is,is,1
4639,e06-000-03-01,caused,caused,1
4640,e06-000-03-02,during,during,1
4641,e06-000-03-03,the,the,1
4642,e06-000-03-04,daytime,daytime,1
4643,e06-000-03-05,",",",",1
4644,e06-000-03-06,and,and,1
4645,e06-000-03-07,that,that,1
4646,e06-000-04-00,the,the,1
4647,e06-000-04-01,herring,herding,0
4648,e06-000-04-02,must,must,1
4649,e06-000-04-03,continue,continue,1
4650,e06-000-04-04,to,to,1
4651,e06-000-04-05,migrate,migrate,1
4652,e06-000-04-06,over,over,1
4653,e06-000-05-00,the,the,1
4654,e06-000-05-01,ground,ground,1
4655,e06-000-05-02,as,as,1
4656,e06-000-05-03,well,well,1
4657,e06-000-05-04,as,as,1
4658,e06-000-05-05,in,in,1
4659,e06-000-05-06,midwater,migrates,0
4660,e06-000-05-07,and,and,1
4661,e06-000-06-00,during,testing,0
4662,e06-000-06-01,the,the,1
4663,e06-000-06-02,swim,sum,0
4664,e06-000-06-03,(,(,1
4665,e06-000-06-04,the,the,1
4666,e06-000-06-05,swim,sun,0
4667,e06-000-06-06,at,at,1
4668,e06-000-06-07,East,East,1
4669,e06-000-06-08,Anglia,Anglia,1
4670,e06-003-00-00,Thus,Thus,1
4671,e06-003-00-01,we,we,1
4672,e06-003-00-02,can,can,1
4673,e06-003-00-03,see,1,0
4674,e06-003-00-04,that,that,1
4675,e06-003-00-05,herring,hissing,0
4676,e06-003-01-00,movements,movements,1
4677,e06-003-01-01,",",(,0
4678,e06-003-01-02,although,although,1
4679,e06-003-01-03,primarily,primarily,1
4680,e06-003-04-00,are,are,1
4681,e06-003-04-01,also,also,1
4682,e06-003-04-02,closely,closely,1
4683,e06-003-04-03,related,related,1
4684,e06-003-04-04,to,to,1
4685,e06-003-04-05,the,the,1
4686,e06-003-04-06,sea-bed,learned,0
4687,e06-003-05-00,geography,geography,1
4688,e06-003-05-01,.,.,1
4689,e06-003-05-02,Geography,geography,0
4690,e06-003-05-03,",",",",1
4691,e06-003-05-04,too,too,1
4692,e06-003-05-05,",",",",1
4693,e06-003-05-06,names,mares,0
4694,e06-003-05-07,the,the,1
4695,e06-003-06-00,great,great,1
4696,e06-003-06-01,fisheries,fishermen,0
4697,e06-003-06-02,that,that,1
4698,e06-003-06-03,depend,depend,1
4699,e06-003-06-04,on,on,1
4700,e06-003-06-05,them,them,1
4701,e06-003-06-06,:,:,1
4702,e06-003-10-00,the,hee,0
4703,e06-003-10-01,herring,herding,0
4704,e06-003-10-02,spawn,seems,0
4705,e06-003-10-03,along,along,1
4706,e06-003-10-04,the,the,1
4707,e06-003-10-05,northern,Northern,0
4708,e06-010-00-00,In,In,1
4709,e06-010-00-01,this,this,1
4710,e06-010-00-02,200-fathom,l0o-fathom,0
4711,e06-010-00-03,trench,trench,1
4712,e06-010-00-04,the,the,1
4713,e06-010-00-05,herring,herring,1
4714,e06-010-00-06,do,do,1
4715,e06-010-00-07,not,not,1
4716,e06-010-00-08,touch,touch,1
4717,e06-010-00-09,the,the,1
4718,e06-010-00-10,bottom,bottom,1
4719,e06-010-00-11,.,.,1
4720,e06-010-01-00,Their,Their,1
4721,e06-010-01-01,descent,percent,0
4722,e06-010-01-02,stops,steps,0
4723,e06-010-01-03,at,at,1
4724,e06-010-01-04,the,the,1
4725,e06-010-01-05,end,and,0
4726,e06-010-01-06,of,of,1
4727,e06-010-01-07,the,the,1
4728,e06-010-01-08,light,light,1
4729,e06-010-01-09,pressure,pressure,1
4730,e06-010-01-10,.,.,1
4731,e06-010-01-11,But,But,1
4732,e06-010-02-00,they,they,1
4733,e06-010-02-01,migrate,migrate,1
4734,e06-010-02-02,easterly,eagerly,0
4735,e06-010-02-03,to,to,1
4736,e06-010-02-04,the,the,1
4737,e06-010-02-05,Norwegian,Horweyion,0
4738,e06-010-02-06,side,olde,0
4739,e06-010-02-07,",",",",1
4740,e06-010-02-08,or,or,1
4741,e06-010-02-09,westerly,westerly,1
4742,e06-010-02-10,",",",",1
4743,e06-010-02-11,until,until,1
4744,e06-010-03-00,in,in,1
4745,e06-010-03-01,the,the,1
4746,e06-010-03-02,shallower,shallower,1
4747,e06-010-03-03,water,water,1
4748,e06-010-03-04,the,the,1
4749,e06-010-03-05,mile,mile,1
4750,e06-010-03-06,wide,wide,1
4751,e06-010-03-07,layers,lagers,0
4752,e06-010-03-08,disappear,disappear,1
4753,e06-010-03-09,from,from,1
4754,e06-010-03-10,the,the,1
4755,e06-010-04-00,echo-sounders,ado-sounders,0
4756,e06-010-04-01,.,.,1
4757,e06-010-04-02,Bottom,Bottom,1
4758,e06-010-04-03,crowding,crowding,1
4759,e06-010-04-04,comes,comes,1
4760,e06-010-04-05,when,when,1
4761,e06-010-04-06,they,they,1
4762,e06-010-04-07,cannot,cannot,1
4763,e06-010-04-08,reach,reach,1
4764,e06-010-05-00,their,their,1
4765,e06-010-05-01,optimum,optimal,0
4766,e06-010-05-02,depth,depth,1
4767,e06-010-05-03,;,",",0
4768,e06-010-05-04,and,and,1
4769,e06-010-05-05,this,this,1
4770,e06-010-05-06,coincides,coincides,1
4771,e06-010-05-07,with,with,1
4772,e06-010-05-08,the,the,1
4773,e06-010-05-09,suitable,suitable,1
4774,e06-010-06-00,gravelly,gravely,0
4775,e06-010-06-01,soil,soil,1
4776,e06-010-06-02,of,of,1
4777,e06-010-06-03,these,there,0
4778,e06-010-06-04,many,many,1
4779,e06-010-06-05,roughs,brought,0
4780,e06-010-06-06,where,where,1
4781,e06-010-06-07,the,the,1
4782,e06-010-06-08,spring-,spring,0
4783,e06-010-07-00,spawning,owning,0
4784,e06-010-07-01,herring,herring,1
4785,e06-010-07-02,are,are,1
4786,e06-010-07-03,always,always,1
4787,e06-010-07-04,found,found,1
4788,e06-010-07-05,.,.,1
4789,e06-015-01-00,and,and,1
4790,e06-015-01-01,fishing,finding,0
4791,e06-015-01-02,gear,great,0
4792,e06-015-01-03,leads,leads,1
4793,e06-015-01-04,to,to,1
4794,e06-015-01-05,an,an,1
4795,e06-015-01-06,overall,overall,1
4796,e06-015-02-00,though,though,1
4797,e06-015-02-01,somewhat,mental,0
4798,e06-015-02-02,dim,din,0
4799,e06-015-02-03,picture,picture,1
4800,e06-015-02-04,.,.,1
4801,e06-015-03-00,The,the,0
4802,e06-015-03-01,details,details,1
4803,e06-015-03-02,are,are,1
4804,e06-015-03-03,harder,harder,1
4805,e06-015-03-04,still,skill,0
4806,e06-015-03-05,to,to,1
4807,e06-015-03-06,see,see,1
4808,e06-015-03-07,.,",",0
4809,e06-015-05-00,shoals,shoals,1
4810,e06-015-05-01,that,that,1
4811,e06-015-05-02,gather,gather,1
4812,e06-015-05-03,at,at,1
4813,e06-015-05-04,the,the,1
4814,e06-015-05-05,Knoll,hall,0
4815,e06-015-05-06,or,or,1
4816,e06-015-06-00,other,other,1
4817,e06-015-06-01,banks,banks,1
4818,e06-015-06-02,are,are,1
4819,e06-015-06-03,most,most,1
4820,e06-015-06-04,of,of,1
4821,e06-015-06-05,them,them,1
4822,e06-015-07-00,going,going,1
4823,e06-015-07-01,to,to,1
4824,e06-015-07-02,travel,travel,1
4825,e06-015-07-03,a,a,1
4826,e06-015-07-04,hundred,hundred,1
4827,e06-015-08-00,miles,miles,1
4828,e06-015-08-01,farther,farther,1
4829,e06-015-08-02,south,South,0
4830,e06-015-08-03,before,before,1
4831,e06-015-08-04,they,they,1
4832,e06-015-09-00,spawn,shown,0
4833,e06-015-09-01,.,"""",0
4834,e06-015-09-02,Some,same,0
4835,e06-015-09-03,will,will,1
4836,e06-015-09-04,spawn,pawn,0
4837,e06-015-09-05,at,at,1
4838,e06-015-09-06,the,We,0
4839,e06-021-00-00,So,to,0
4840,e06-021-00-01,the,use,0
4841,e06-021-00-02,arrival,arrival,1
4842,e06-021-00-03,of,of,1
4843,e06-021-00-04,any,any,1
4844,e06-021-00-05,particular,particular,1
4845,e06-021-00-06,shoal,shoals,0
4846,e06-021-01-00,fish,Ross,0
4847,e06-021-01-01,at,at,1
4848,e06-021-01-02,a,a,1
4849,e06-021-01-03,certain,certain,1
4850,e06-021-01-04,spawning,spanning,0
4851,e06-021-01-05,ground,ground,1
4852,e06-021-01-06,may,may,1
4853,e06-021-02-00,be,be,1
4854,e06-021-02-01,accidental,accidental,1
4855,e06-021-02-02,.,.,1
4856,e06-021-02-03,Yet,Yet,1
4857,e06-021-02-04,there,there,1
4858,e06-021-02-05,will,will,1
4859,e06-021-02-06,always,always,1
4860,e06-021-02-07,be,be,1
4861,e06-021-02-08,some,some,1
4862,e06-021-03-00,that,that,1
4863,e06-021-03-01,find,find,1
4864,e06-021-03-02,it,it,1
4865,e06-021-03-03,if,it,0
4866,e06-021-03-04,enough,enough,1
4867,e06-021-03-05,are,are,1
4868,e06-021-03-06,travelling,travelling,1
4869,e06-021-03-07,",",",",1
4870,e06-021-03-08,just,first,0
4871,e06-021-03-09,as,as,1
4872,e06-021-04-00,the,the,1
4873,e06-021-04-01,robin,robin,1
4874,e06-021-04-02,who,who,1
4875,e06-021-04-03,gets,gets,1
4876,e06-021-04-04,back,back,1
4877,e06-021-04-05,exactly,exactly,1
4878,e06-021-04-06,may,may,1
4879,e06-021-04-07,be,be,1
4880,e06-021-05-00,only,only,1
4881,e06-021-05-01,one,one,1
4882,e06-021-05-02,among,among,1
4883,e06-021-05-03,thousands,thousand,0
4884,e06-021-05-04,who,who,1
4885,e06-021-05-05,do,do,1
4886,e06-021-05-06,not,not,1
4887,e06-021-05-07,.,.,1
4888,e06-021-06-00,But,But,1
4889,e06-021-06-01,this,this,1
4890,e06-021-06-02,southerly,southern,0
4891,e06-021-06-03,migration,migration,1
4892,e06-021-06-04,is,is,1
4893,e06-021-06-05,not,not,1
4894,e06-021-07-00,accidental,accidental,1
4895,e06-021-07-01,.,.,1
4896,e06-021-07-02,Being,Bring,0
4897,e06-021-07-03,contranatant,contranatant,1
4898,e06-021-07-04,or,as,0
4899,e06-021-07-05,against,against,1
4900,e06-021-08-00,the,the,1
4901,e06-021-08-01,drift,drift,1
4902,e06-021-08-02,",",",",1
4903,e06-021-08-03,it,it,1
4904,e06-021-08-04,probably,probably,1
4905,e06-021-08-05,has,has,1
4906,e06-021-08-06,a,a,1
4907,e06-021-08-07,survival,seiivival,0
4908,e06-021-08-08,value,value,1
4909,e06-021-09-00,in,in,1
4910,e06-021-09-01,ensuring,enduring,0
4911,e06-021-09-02,that,that,1
4912,e06-021-09-03,the,the,1
4913,e06-021-09-04,fry,boy,0
4914,e06-021-09-05,after,after,1
4915,e06-021-09-06,hatching,handling,0
4916,e06-021-10-00,are,are,1
4917,e06-021-10-01,drifted,shifted,0
4918,e06-021-10-02,back,back,1
4919,e06-021-10-03,into,into,1
4920,e06-021-10-04,the,the,1
4921,e06-021-10-05,normal,normal,1
4922,e06-021-10-06,home,home,1
4923,e06-026-01-00,explains,explains,1
4924,e06-026-01-01,how,how,1
4925,e06-026-01-02,these,these,1
4926,e06-026-01-03,migrating,migrating,1
4927,e06-026-01-04,herring,herring,1
4928,e06-026-02-00,are,are,1
4929,e06-026-02-01,biased,billed,0
4930,e06-026-02-02,to,to,1
4931,e06-026-02-03,east,east,1
4932,e06-026-02-04,or,or,1
4933,e06-026-02-05,west,west,1
4934,e06-026-02-06,by,by,1
4935,e06-026-02-07,the,the,1
4936,e06-026-03-00,different,different,1
4937,e06-026-03-01,winds,winds,1
4938,e06-026-03-02,.,.,1
4939,e06-026-03-03,Strong,strong,0
4940,e06-026-03-04,westerlies,westerlies,1
4941,e06-026-04-00,are,are,1
4942,e06-026-04-01,well,well,1
4943,e06-026-04-02,known,known,1
4944,e06-026-04-03,to,to,1
4945,e06-026-04-04,bring,bring,1
4946,e06-026-04-05,good,good,1
4947,e06-026-05-00,longshore,longhorn,0
4948,e06-026-05-01,fishings,fishing,0
4949,e06-026-05-02,.,.,1
4950,e06-026-05-03,The,The,1
4951,e06-026-05-04,surface,surface,1
4952,e06-026-06-00,water,water,1
4953,e06-026-06-01,that,that,1
4954,e06-026-06-02,is,is,1
4955,e06-026-06-03,blown,blown,1
4956,e06-026-06-04,offshore,offshore,1
4957,e06-026-06-05,must,must,1
4958,e06-026-07-00,be,he,0
4959,e06-026-07-01,replaced,replaced,1
4960,e06-026-07-02,by,by,1
4961,e06-026-07-03,an,an,1
4962,e06-026-07-04,underflow,underfoot,0
4963,e06-026-07-05,bringing,bringing,1
4964,e06-026-08-00,with,with,1
4965,e06-026-08-01,it,it,1
4966,e06-026-08-02,the,the,1
4967,e06-026-08-03,herring,herring,1
4968,e06-026-08-04,to,to,1
4969,e06-026-08-05,the,the,1
4970,e06-026-08-06,Norfolk,Norfolk,1
4971,e06-026-09-00,and,and,1
4972,e06-026-09-01,Suffolk,Buffalo,0
4973,e06-026-09-02,beaches,beaches,1
4974,e06-026-09-03,.,.,1
4975,e06-030-00-00,Easterly,masterly,0
4976,e06-030-00-01,winds,wines,0
4977,e06-030-00-02,",",",",1
4978,e06-030-00-03,on,an,0
4979,e06-030-00-04,the,the,1
4980,e06-030-00-05,other,other,1
4981,e06-030-00-06,hand,hand,1
4982,e06-030-00-07,",",",",1
4983,e06-030-02-00,recent,agent,0
4984,e06-030-02-01,years,years,1
4985,e06-030-02-02,have,have,1
4986,e06-030-02-03,shown,than,0
4987,e06-030-02-04,.,.,1
4988,e06-030-02-05,A,a,0
4989,e06-030-02-06,succession,succession,1
4990,e06-030-03-00,of,of,1
4991,e06-030-03-01,winds,winds,1
4992,e06-030-03-02,is,is,1
4993,e06-030-03-03,needed,needed,1
4994,e06-030-03-04,for,far,0
4995,e06-030-03-05,this,this,1
4996,e06-030-03-06,effect,effect,1
4997,e06-030-03-07,of,of,1
4998,e06-030-04-00,course,come,0
4999,e06-030-04-01,-,-,1
5000,e06-030-04-02,one,one,1
5001,e06-030-04-03,breeze,breeze,1
5002,e06-030-04-04,will,his,0
5003,e06-030-04-05,not,not,1
5004,e06-030-04-06,do,do,1
5005,e06-030-04-07,it,it,1
5006,e06-030-04-08,",",",",1
5007,e06-030-07-00,but,but,1
5008,e06-030-07-01,quite,quite,1
5009,e06-030-07-02,apart,apart,1
5010,e06-030-07-03,from,from,1
5011,e06-030-07-04,this,this,1
5012,e06-030-07-05,wind,wind,1
5013,e06-030-07-06,effect,effect,1
5014,e06-030-08-00,there,their,0
5015,e06-030-08-01,is,is,1
5016,e06-030-08-02,an,an,1
5017,e06-030-08-03,easterly,masterly,0
5018,e06-030-08-04,drift,chief,0
5019,e06-030-08-05,special,special,1
5020,e06-030-09-00,to,to,1
5021,e06-030-09-01,this,this,1
5022,e06-030-09-02,rump,sum,0
5023,e06-030-09-03,of,of,1
5024,e06-030-09-04,coastline,Coarthines,0
5025,e06-030-09-05,",",",",1
5026,e06-030-09-06,caused,caused,1
5027,e06-030-09-07,by,by,1
5028,e06-033-00-00,Herring,losing,0
5029,e06-033-00-01,fishermen,fishermen,1
5030,e06-033-00-02,call,call,1
5031,e06-033-00-03,this,this,1
5032,e06-033-00-04,"""","""",1
5033,e06-033-00-05,the,the,1
5034,e06-033-00-06,outset,outset,1
5035,e06-033-00-07,"""",i,0
5036,e06-033-00-08,.,.,1
5037,e06-033-00-09,It,It,1
5038,e06-033-01-00,is,is,1
5039,e06-033-01-01,strongest,strongest,1
5040,e06-033-01-02,at,at,1
5041,e06-033-01-03,spring,spring,1
5042,e06-033-01-04,tides,tides,1
5043,e06-033-01-05,",",I,0
5044,e06-033-01-06,when,when,1
5045,e06-033-01-07,without,without,1
5046,e06-033-02-00,wind,wind,1
5047,e06-033-02-01,you,you,1
5048,e06-033-02-02,will,will,1
5049,e06-033-02-03,"""","""",1
5050,e06-033-02-04,set,set,1
5051,e06-033-02-05,"""","""",1
5052,e06-033-02-06,out,out,1
5053,e06-033-02-07,-,-,1
5054,e06-033-02-08,or,or,1
5055,e06-033-02-09,drift,drift,1
5056,e06-033-02-10,to,to,1
5057,e06-033-02-11,the,the,1
5058,e06-033-02-12,east-,last,0
5059,e06-033-03-00,ward,word,0
5060,e06-033-03-01,",",I,0
5061,e06-033-03-02,the,the,1
5062,e06-033-03-03,length,length,1
5063,e06-033-03-04,of,of,1
5064,e06-033-03-05,half,half,1
5065,e06-033-03-06,a,a,1
5066,e06-033-03-07,fleet,fleet,1
5067,e06-033-03-08,of,of,1
5068,e06-033-03-09,nets,nets,1
5069,e06-033-03-10,-,-,1
5070,e06-033-04-00,almost,almost,1
5071,e06-033-04-01,a,a,1
5072,e06-033-04-02,mile,mile,1
5073,e06-033-04-03,on,on,1
5074,e06-033-04-04,every,every,1
5075,e06-033-04-05,tide,tide,1
5076,e06-033-04-06,at,of,0
5077,e06-033-04-07,the,the,1
5078,e06-033-04-08,Smith's,Smith's,1
5079,e06-033-05-00,Knoll,to,0
5080,e06-033-05-01,.,.,1
5081,e06-033-05-02,Without,Without,1
5082,e06-033-05-03,an,an,1
5083,e06-033-05-04,explanation,explanation,1
5084,e06-033-05-05,of,of,1
5085,e06-033-05-06,how,how,1
5086,e06-033-05-07,it,it,1
5087,e06-033-07-00,to,to,1
5088,e06-033-07-01,the,the,1
5089,e06-033-07-02,mouth,month,0
5090,e06-033-07-03,of,of,1
5091,e06-033-07-04,a,a,1
5092,e06-033-07-05,great,great,1
5093,e06-033-07-06,salmon,salmon,1
5094,e06-033-07-07,river,river,1
5095,e06-033-07-08,",",",",1
5096,e06-033-07-09,has,has,1
5097,e06-033-08-00,been,been,1
5098,e06-033-08-01,the,the,1
5099,e06-033-08-02,biggest,biggest,1
5100,e06-033-08-03,factor,factor,1
5101,e06-033-08-04,through,though,0
5102,e06-033-08-05,the,the,1
5103,e06-033-08-06,ages,ages,1
5104,e06-033-09-00,in,in,1
5105,e06-033-09-01,the,the,1
5106,e06-033-09-02,constancy,constancy,1
5107,e06-033-09-03,of,of,1
5108,e06-033-09-04,this,this,1
5109,e06-033-09-05,great,great,1
5110,e06-033-09-06,herring,herring,1
5111,e06-033-09-07,fishery,fishes,0
5112,e06-033-09-08,.,.,1
5113,e06-046-02-00,sand,wand,0
5114,e06-046-02-01,;,",",0
5115,e06-046-02-02,or,"""",0
5116,e06-046-02-03,even,even,1
5117,e06-046-02-04,in,in,1
5118,e06-046-02-05,the,the,1
5119,e06-046-02-06,case,case,1
5120,e06-046-02-07,of,of,1
5121,e06-046-02-08,flat,flat,1
5122,e06-046-02-09,fish,rich,0
5123,e06-046-02-10,",",",",1
5124,e06-046-02-11,by,by,1
5125,e06-046-02-12,vibrations,vibration,0
5126,e06-046-03-00,through,through,1
5127,e06-046-03-01,or,or,1
5128,e06-046-03-02,along,along,1
5129,e06-046-03-03,the,the,1
5130,e06-046-03-04,bottom,bottom,1
5131,e06-046-03-05,.,.,1
5132,e06-046-03-06,),),1
5133,e06-046-03-07,But,But,1
5134,e06-046-03-08,given,given,1
5135,e06-046-03-09,such,such,1
5136,e06-046-03-10,a,a,1
5137,e06-046-03-11,bow,bow,1
5138,e06-046-04-00,wave,wave,1
5139,e06-046-04-01,of,of,1
5140,e06-046-04-02,disturbance,disturbance,1
5141,e06-046-04-03,",",",",1
5142,e06-046-04-04,it,it,1
5143,e06-046-04-05,is,is,1
5144,e06-046-04-06,obvious,obvious,1
5145,e06-046-04-07,that,that,1
5146,e06-046-04-08,without,without,1
5147,e06-046-04-09,something,something,1
5148,e06-049-00-00,Let,Let,1
5149,e06-049-00-01,us,us,1
5150,e06-049-00-02,consider,consider,1
5151,e06-049-00-03,first,first,1
5152,e06-049-00-04,what,what,1
5153,e06-049-00-05,would,would,1
5154,e06-049-01-00,appear,appear,1
5155,e06-049-01-01,to,to,1
5156,e06-049-01-02,be,he,0
5157,e06-049-01-03,the,the,1
5158,e06-049-01-04,simplest,simplest,1
5159,e06-049-01-05,case,case,1
5160,e06-049-01-06,-,.,0
5161,e06-049-02-00,that,that,1
5162,e06-049-02-01,of,of,1
5163,e06-049-02-02,flat,flat,1
5164,e06-049-02-03,fish,high,0
5165,e06-049-02-04,on,on,1
5166,e06-049-02-05,the,the,1
5167,e06-049-02-06,bottom,bottom,1
5168,e06-049-02-07,.,.,1
5169,e06-049-03-00,The,The,1
5170,e06-049-03-01,evidence,evidence,1
5171,e06-049-03-02,suggest,suggest,1
5172,e06-049-03-03,that,that,1
5173,e06-049-03-04,the,the,1
5174,e06-049-03-05,fish,sick,0
5175,e06-049-03-06,are,are,1
5176,e06-049-04-00,aware,aware,1
5177,e06-049-04-01,of,of,1
5178,e06-049-04-02,the,the,1
5179,e06-049-04-03,moving,moving,1
5180,e06-049-04-04,footrope,footnote,0
5181,e06-049-04-05,before,before,1
5182,e06-049-06-00,it,it,1
5183,e06-049-06-01,",",",",1
5184,e06-049-06-02,swimming,swimming,1
5185,e06-049-06-03,at,at,1
5186,e06-049-06-04,the,the,1
5187,e06-049-06-05,same,same,1
5188,e06-049-06-06,speed,speed,1
5189,e06-049-07-00,for,for,1
5190,e06-049-07-01,an,an,1
5191,e06-049-07-02,unknown,unknown,1
5192,e06-049-07-03,period,period,1
5193,e06-049-07-04,of,of,1
5194,e06-049-07-05,time,time,1
5195,e06-049-07-06,",",",",1
5196,e06-049-07-07,until,until,1
5197,e06-053-00-00,Then,The,0
5198,e06-053-00-01,they,they,1
5199,e06-053-00-02,stop,stop,1
5200,e06-053-00-03,swimming,swimming,1
5201,e06-053-00-04,and,and,1
5202,e06-053-00-05,are,all,0
5203,e06-053-00-06,caught,right,0
5204,e06-053-00-07,.,.,1
5205,e06-053-00-08,In,It,0
5206,e06-053-01-00,the,the,1
5207,e06-053-01-01,seine-net,minc-oits,0
5208,e06-053-01-02,film,film,1
5209,e06-053-01-03,this,his,0
5210,e06-053-01-04,usually,rally,0
5211,e06-053-01-05,seemed,summed,0
5212,e06-053-01-06,to,to,1
5213,e06-053-02-00,happen,happen,1
5214,e06-053-02-01,just,girl,0
5215,e06-053-02-02,after,city,0
5216,e06-053-02-03,the,his,0
5217,e06-053-02-04,fish,fists,0
5218,e06-053-02-05,had,had,1
5219,e06-053-02-06,risen,-ism,0
5220,e06-053-02-07,above,above,1
5221,e06-053-03-00,the,the,1
5222,e06-053-03-01,footrope,Jeotrope,0
5223,e06-053-03-02,",",",",1
5224,e06-053-03-03,and,and,1
5225,e06-053-03-04,presumably,oprunabty,0
5226,e06-053-03-05,out,out,1
5227,e06-053-03-06,of,of,1
5228,e06-053-03-07,its,this,0
5229,e06-053-04-00,field,field,1
5230,e06-053-04-01,of,of,1
5231,e06-053-04-02,disturbance,chhistarbonds,0
5232,e06-053-04-03,",",",",1
5233,e06-053-04-04,or,or,1
5234,e06-053-04-05,bow,how,0
5235,e06-053-04-06,wave,well,0
5236,e06-053-04-07,.,.,1
5237,e06-053-04-08,This,This,1
5238,e06-053-04-09,suggests,supports,0
5239,e06-053-05-00,that,that,1
5240,e06-053-05-01,the,the,1
5241,e06-053-05-02,wave,ware,0
5242,e06-053-05-03,might,might,1
5243,e06-053-05-04,be,In,0
5244,e06-053-05-05,transmitted,trammitheods,0
5245,e06-053-05-06,by,by,1
5246,e06-053-05-07,the,the,1
5247,e06-053-06-00,sea-bed,stabbed,0
5248,e06-053-06-01,",",",",1
5249,e06-053-06-02,though,though,1
5250,e06-053-06-03,the,the,1
5251,e06-053-06-04,footrope,Yoodrope,0
5252,e06-053-06-05,in,in,1
5253,e06-053-06-06,this,this,1
5254,e06-053-06-07,case,care,0
5255,e06-053-07-00,was,was,1
5256,e06-053-07-01,actually,actually,1
5257,e06-053-07-02,just,just,1
5258,e06-053-07-03,off,of,0
5259,e06-053-07-04,the,the,1
5260,e06-053-07-05,bottom,bottom,1
5261,e06-053-07-06,and,and,1
5262,e06-053-07-07,was,was,1
5263,e06-053-08-00,indeed,indeed,1
5264,e06-053-08-01,passing,poring,0
5265,e06-053-08-02,over,Oil,0
5266,e06-053-08-03,some,some,1
5267,e06-053-08-04,fish,high,0
5268,e06-053-08-05,.,.,1
5269,e06-070-00-00,Actually,Actually,1
5270,e06-070-00-01,the,the,1
5271,e06-070-00-02,seine,spine,0
5272,e06-070-00-03,net,net,1
5273,e06-070-00-04,has,has,1
5274,e06-070-00-05,little,little,1
5275,e06-070-00-06,or,or,1
5276,e06-070-00-07,no,no,1
5277,e06-070-00-08,cover,cover,1
5278,e06-070-00-09,.,.,1
5279,e06-070-01-00,And,And,1
5280,e06-070-01-01,in,in,1
5281,e06-070-01-02,this,this,1
5282,e06-070-01-03,film,film,1
5283,e06-070-01-04,the,the,1
5284,e06-070-01-05,rise,rise,1
5285,e06-070-01-06,of,of,1
5286,e06-070-01-07,the,the,1
5287,e06-070-01-08,fish,fish,1
5288,e06-070-01-09,was,was,1
5289,e06-070-02-00,small,small,1
5290,e06-070-02-01,",",",",1
5291,e06-070-02-02,a,a,1
5292,e06-070-02-03,matter,matter,1
5293,e06-070-02-04,of,of,1
5294,e06-070-02-05,a,a,1
5295,e06-070-02-06,foot,foot,1
5296,e06-070-02-07,or,or,1
5297,e06-070-02-08,two,two,1
5298,e06-070-02-09,.,.,1
5299,e06-070-02-10,With,with,0
5300,e06-070-02-11,round,round,1
5301,e06-070-03-00,fish,lion,0
5302,e06-070-03-01,like,like,1
5303,e06-070-03-02,haddock,haddock,1
5304,e06-070-03-03,",",",",1
5305,e06-070-03-04,which,which,1
5306,e06-070-03-05,would,would,1
5307,e06-070-03-06,hardly,hardly,1
5308,e06-070-05-00,would,would,1
5309,e06-070-05-01,seem,seen,0
5310,e06-070-05-02,to,to,1
5311,e06-070-05-03,be,be,1
5312,e06-070-05-04,even,even,1
5313,e06-070-05-05,more,more,1
5314,e06-070-05-06,essential,essential,1
5315,e06-070-05-07,;,;,1
5316,e06-070-06-00,but,but,1
5317,e06-070-06-01,more,more,1
5318,e06-070-06-02,films,films,1
5319,e06-070-06-03,are,are,1
5320,e06-070-06-04,needed,needed,1
5321,e06-070-06-05,to,to,1
5322,e06-070-06-06,prove,prove,1
5323,e06-070-06-07,this,this,1
5324,e06-070-06-08,.,.,1
5325,e06-070-08-00,essential,essential,1
5326,e06-070-08-01,to,to,1
5327,e06-070-08-02,catch,catch,1
5328,e06-070-08-03,round,round,1
5329,e06-070-08-04,fish,lion,0
5330,e06-070-08-05,whose,whose,1
5331,e06-070-09-00,reaction,reaction,1
5332,e06-070-09-01,to,to,1
5333,e06-070-09-02,disturbance,disturbance,1
5334,e06-070-09-03,would,would,1
5335,e06-070-09-04,be,be,1
5336,e06-070-09-05,upwards,upwards,1
5337,e06-070-09-06,.,.,1
5338,f04-032-01-00,me,me,1
5339,f04-032-01-01,well,well,1
5340,f04-032-01-02,meant,meant,1
5341,f04-032-01-03,",",",",1
5342,f04-032-01-04,some,some,1
5343,f04-032-01-05,mischievous,mischievous,1
5344,f04-032-01-06,",",",",1
5345,f04-032-01-07,including,including,1
5346,f04-032-01-08,one,one,1
5347,f04-032-01-09,that,that,1
5348,f04-032-01-10,a,a,1
5349,f04-032-02-00,man,man,1
5350,f04-032-02-01,had,has,0
5351,f04-032-02-02,been,been,1
5352,f04-032-02-03,seen,seen,1
5353,f04-032-02-04,fleeing,fleeing,1
5354,f04-032-02-05,from,from,1
5355,f04-032-02-06,Vauxhall,wauthall,0
5356,f04-032-02-07,station,station,1
5357,f04-032-02-08,on,on,1
5358,f04-032-03-00,the,the,1
5359,f04-032-03-01,Thursday,Thursday,1
5360,f04-032-03-02,evening,evening,1
5361,f04-032-03-03,",",",",1
5362,f04-032-03-04,with,with,1
5363,f04-032-03-05,blood,good,0
5364,f04-032-03-06,actually,actually,1
5365,f04-032-03-07,dripping,gripping,0
5366,f04-032-03-08,from,from,1
5367,f04-032-05-00,beyond,beyond,1
5368,f04-032-05-01,the,the,1
5369,f04-032-05-02,jury,Jury,0
5370,f04-032-05-03,hearing,hearing,1
5371,f04-032-05-04,a,a,1
5372,f04-032-05-05,formal,formal,1
5373,f04-032-05-06,identification,identification,1
5374,f04-032-05-07,of,of,1
5375,f04-032-06-00,the,the,1
5376,f04-032-06-01,victim,victim,1
5377,f04-032-06-02,and,and,1
5378,f04-032-06-03,inspecting,Inspecting,0
5379,f04-032-06-04,at,att,0
5380,f04-032-06-05,Waterloo,waterloo,0
5381,f04-032-06-06,the,the,1
5382,f04-032-06-07,carriage,carriage,1
5383,f04-032-07-00,in,in,1
5384,f04-032-07-01,which,which,1
5385,f04-032-07-02,she,She,0
5386,f04-032-07-03,had,has,0
5387,f04-032-07-04,died,brief,0
5388,f04-032-07-05,",",",",1
5389,f04-032-07-06,there,there,1
5390,f04-032-07-07,was,was,1
5391,f04-032-07-08,nothing,nothing,1
5392,f04-032-07-09,on,on,1
5393,f04-032-09-00,adjourned,adjourned,1
5394,f04-032-09-01,.,.,1
5395,f04-035-00-00,Day,Day,1
5396,f04-035-00-01,by,by,1
5397,f04-035-00-02,day,day,1
5398,f04-035-00-03,the,the,1
5399,f04-035-00-04,police,police,1
5400,f04-035-00-05,followed,followed,1
5401,f04-035-00-06,up,up,1
5402,f04-035-00-07,likely,likely,1
5403,f04-035-00-08,and,and,1
5404,f04-035-00-09,even,even,1
5405,f04-035-00-10,unlikely,unlikely,1
5406,f04-035-01-00,trails,trails,1
5407,f04-035-01-01,.,.,1
5408,f04-035-01-02,It,It,1
5409,f04-035-01-03,was,was,1
5410,f04-035-01-04,learned,learned,1
5411,f04-035-01-05,that,that,1
5412,f04-035-01-06,Elizabeth,Elizabeth,1
5413,f04-035-01-07,Camp,Camp,1
5414,f04-035-01-08,had,had,1
5415,f04-035-01-09,been,been,1
5416,f04-035-01-10,lending,leaning,0
5417,f04-035-02-00,money,money,1
5418,f04-035-02-01,to,to,1
5419,f04-035-02-02,her,her,1
5420,f04-035-02-03,relatives,relatives,1
5421,f04-035-02-04,",",",",1
5422,f04-035-02-05,and,and,1
5423,f04-035-02-06,her,her,1
5424,f04-035-02-07,brother-in-law,brother-in-law,1
5425,f04-035-02-08,was,was,1
5426,f04-035-02-09,asked,asked,1
5427,f04-035-02-10,for,for,1
5428,f04-035-04-00,woman,woman,1
5429,f04-035-04-01,had,had,1
5430,f04-035-04-02,been,been,1
5431,f04-035-04-03,engaged,engaged,1
5432,f04-035-04-04,once,once,1
5433,f04-035-04-05,before,before,1
5434,f04-035-04-06,-,-,1
5435,f04-035-04-07,to,to,1
5436,f04-035-04-08,a,a,1
5437,f04-035-04-09,barman,German,0
5438,f04-035-05-00,named,names,0
5439,f04-035-05-01,Brown,Brown,1
5440,f04-035-05-02,.,.,1
5441,f04-039-00-00,This,This,1
5442,f04-039-00-01,man,man,1
5443,f04-039-00-02,agreed,agreed,1
5444,f04-039-00-03,that,that,1
5445,f04-039-00-04,his,his,1
5446,f04-039-00-05,engagement,engagement,1
5447,f04-039-00-06,had,Lord,0
5448,f04-039-02-00,tiff,stiff,0
5449,f04-039-02-01,",",",",1
5450,f04-039-02-02,but,but,1
5451,f04-039-02-03,denied,denied,1
5452,f04-039-02-04,that,that,1
5453,f04-039-02-05,he,he,1
5454,f04-039-02-06,owed,owed,1
5455,f04-039-02-07,Miss,Miss,1
5456,f04-039-02-08,Camp,Camp,1
5457,f04-039-02-09,any,any,1
5458,f04-039-03-00,money,money,1
5459,f04-039-03-01,.,.,1
5460,f04-039-03-02,All,All,1
5461,f04-039-03-03,the,the,1
5462,f04-039-03-04,while,while,1
5463,f04-039-03-05,the,the,1
5464,f04-039-03-06,police,police,1
5465,f04-039-03-07,were,were,1
5466,f04-039-03-08,casting,casting,1
5467,f04-039-03-09,about,about,1
5468,f04-039-04-00,for,for,1
5469,f04-039-04-01,a,a,1
5470,f04-039-04-02,man,man,1
5471,f04-039-04-03,who,who,1
5472,f04-039-04-04,had,had,1
5473,f04-039-04-05,been,been,1
5474,f04-039-04-06,seen,seen,1
5475,f04-039-04-07,leaving,leaving,1
5476,f04-039-04-08,the,the,1
5477,f04-039-04-09,train,train,1
5478,f04-039-05-00,at,at,1
5479,f04-039-05-01,Wandsworth,handiwork,0
5480,f04-039-05-02,.,.,1
5481,f04-039-05-03,A,A,1
5482,f04-039-05-04,passenger,passenger,1
5483,f04-039-05-05,described,described,1
5484,f04-039-05-06,this,this,1
5485,f04-039-05-07,individual,individual,1
5486,f04-039-07-00,a,a,1
5487,f04-039-07-01,dark,dark,1
5488,f04-039-07-02,moustache,moustache,1
5489,f04-039-07-03,",",",",1
5490,f04-039-07-04,and,and,1
5491,f04-039-07-05,wearing,wearing,1
5492,f04-039-07-06,a,a,1
5493,f04-039-07-07,frockcoat,frockcoat,1
5494,f04-039-08-00,and,and,1
5495,f04-039-08-01,a,a,1
5496,f04-039-08-02,top-hat,topcoat,0
5497,f04-039-08-03,.,.,1
5498,f04-043-00-00,The,The,1
5499,f04-043-00-01,porter,porter,1
5500,f04-043-00-02,at,at,1
5501,f04-043-00-03,the,the,1
5502,f04-043-00-04,station,station,1
5503,f04-043-00-05,bore,bore,1
5504,f04-043-00-06,out,out,1
5505,f04-043-00-07,this,this,1
5506,f04-043-02-00,Perhaps,perhaps,0
5507,f04-043-02-01,the,the,1
5508,f04-043-02-02,news,news,1
5509,f04-043-02-03,of,of,1
5510,f04-043-02-04,their,their,1
5511,f04-043-02-05,search,search,1
5512,f04-043-02-06,got,got,1
5513,f04-043-02-07,around,around,1
5514,f04-043-02-08,",",",",1
5515,f04-043-03-00,for,for,1
5516,f04-043-03-01,a,a,1
5517,f04-043-03-02,man,man,1
5518,f04-043-03-03,did,did,1
5519,f04-043-03-04,obligingly,obligingly,1
5520,f04-043-03-05,present,present,1
5521,f04-043-03-06,himself,himself,1
5522,f04-043-05-00,committed,committed,1
5523,f04-043-05-01,the,the,1
5524,f04-043-05-02,murder,murder,1
5525,f04-043-05-03,-,-,1
5526,f04-043-05-04,but,but,1
5527,f04-043-05-05,he,he,1
5528,f04-043-05-06,was,was,1
5529,f04-043-05-07,mentally,mentally,1
5530,f04-043-07-00,had,had,1
5531,f04-043-07-01,been,been,1
5532,f04-043-07-02,nowhere,nowhere,1
5533,f04-043-07-03,near,near,1
5534,f04-043-07-04,the,the,1
5535,f04-043-07-05,7.42,742,0
5536,f04-043-07-06,that,that,1
5537,f04-043-07-07,evening,evening,1
5538,f04-043-07-08,.,.,1
5539,f04-053-00-00,And,And,1
5540,f04-053-00-01,so,so,1
5541,f04-053-00-02,the,the,1
5542,f04-053-00-03,inquest,inquest,1
5543,f04-053-00-04,",",.,0
5544,f04-053-00-05,which,which,1
5545,f04-053-00-06,had,had,1
5546,f04-053-00-07,dragged,dragged,1
5547,f04-053-00-08,on,on,1
5548,f04-053-00-09,",",",",1
5549,f04-053-00-10,with,with,1
5550,f04-053-01-00,adjournments,adjournment,0
5551,f04-053-01-01,",",",",1
5552,f04-053-01-02,until,until,1
5553,f04-053-01-03,April,April,1
5554,f04-053-01-04,7,I,0
5555,f04-053-01-05,",",",",1
5556,f04-053-01-06,finally,finally,1
5557,f04-053-01-07,had,had,1
5558,f04-053-01-08,to,to,1
5559,f04-053-01-09,be,be,1
5560,f04-053-01-10,content,content,1
5561,f04-053-01-11,to,to,1
5562,f04-053-01-12,return,return,1
5563,f04-053-02-00,a,a,1
5564,f04-053-02-01,verdict,verdict,1
5565,f04-053-02-02,of,of,1
5566,f04-053-02-03,"""","""",1
5567,f04-053-02-04,wilful,willful,0
5568,f04-053-02-05,murder,murder,1
5569,f04-053-02-06,against,against,1
5570,f04-053-02-07,some,some,1
5571,f04-053-02-08,person,person,1
5572,f04-053-02-09,or,or,1
5573,f04-053-03-00,persons,persons,1
5574,f04-053-03-01,unknown,unknown,1
5575,f04-053-03-02,.,.,1
5576,f04-053-03-03,"""","""",1
5577,f04-053-03-04,The,The,1
5578,f04-053-03-05,most,most,1
5579,f04-053-03-06,vital,vital,1
5580,f04-053-03-07,clue,clue,1
5581,f04-053-03-08,of,of,1
5582,f04-053-03-09,the,the,1
5583,f04-053-03-10,Wedgwood,redwood,0
5584,f04-053-05-00,have,have,1
5585,f04-053-05-01,been,been,1
5586,f04-053-05-02,very,very,1
5587,f04-053-05-03,thankful,thankful,1
5588,f04-053-05-04,that,that,1
5589,f04-053-05-05,the,the,1
5590,f04-053-05-06,science,science,1
5591,f04-053-05-07,of,of,1
5592,f04-053-06-00,dactyloscopy,Sackyloscopy,0
5593,f04-053-06-01,was,is,0
5594,f04-053-06-02,only,only,1
5595,f04-053-06-03,in,in,1
5596,f04-053-06-04,its,its,1
5597,f04-053-06-05,beginnings,beginnings,1
5598,f04-053-06-06,.,.,1
5599,f04-057-00-00,The,The,1
5600,f04-057-00-01,next,next,1
5601,f04-057-00-02,female,Female,0
5602,f04-057-00-03,fatality,fatality,1
5603,f04-057-00-04,occurred,occurred,1
5604,f04-057-00-05,eight,eight,1
5605,f04-057-00-06,years,years,1
5606,f04-057-00-07,later,later,1
5607,f04-057-00-08,",",",",1
5608,f04-057-01-00,yet,yet,1
5609,f04-057-01-01,so,so,1
5610,f04-057-01-02,strange,strange,1
5611,f04-057-01-03,were,were,1
5612,f04-057-01-04,the,the,1
5613,f04-057-01-05,circumstances,circumstances,1
5614,f04-057-01-06,that,that,1
5615,f04-057-01-07,it,it,1
5616,f04-057-01-08,was,was,1
5617,f04-057-02-00,a,a,1
5618,f04-057-02-01,further,further,1
5619,f04-057-02-02,seven,seven,1
5620,f04-057-02-03,years,years,1
5621,f04-057-02-04,before,before,1
5622,f04-057-02-05,even,even,1
5623,f04-057-02-06,a,a,1
5624,f04-057-02-07,ghost,ghost,1
5625,f04-057-02-08,of,off,0
5626,f04-057-02-09,a,a,1
5627,f04-057-03-00,solution,solution,1
5628,f04-057-03-01,emerged,emerged,1
5629,f04-057-03-02,.,.,1
5630,f04-057-03-03,There,There,1
5631,f04-057-03-04,has,has,1
5632,f04-057-03-05,always,always,1
5633,f04-057-03-06,been,been,1
5634,f04-057-03-07,something,something,1
5635,f04-057-04-00,sinister,sinister,1
5636,f04-057-04-01,in,in,1
5637,f04-057-04-02,the,the,1
5638,f04-057-04-03,idea,idea,1
5639,f04-057-04-04,of,of,1
5640,f04-057-04-05,tunnels,tunnels,1
5641,f04-057-04-06,.,.,1
5642,f04-057-04-07,The,The,1
5643,f04-057-04-08,building,building,1
5644,f04-057-04-09,of,of,1
5645,f04-057-05-00,them,them,1
5646,f04-057-05-01,was,was,1
5647,f04-057-05-02,one,one,1
5648,f04-057-05-03,of,of,1
5649,f04-057-05-04,the,the,1
5650,f04-057-05-05,most,most,1
5651,f04-057-05-06,dangerous,dangerous,1
5652,f04-057-05-07,jobs,jobs,1
5653,f04-057-05-08,con-,con-,1
5654,f04-057-06-00,nected,melted,0
5655,f04-057-06-01,with,with,1
5656,f04-057-06-02,railway,railway,1
5657,f04-057-06-03,construction,construction,1
5658,f04-057-06-04,;,;,1
5659,f04-057-06-05,and,and,1
5660,f04-057-06-06,there,there,1
5661,f04-057-07-00,were,were,1
5662,f04-057-07-01,many,many,1
5663,f04-057-07-02,people,people,1
5664,f04-057-07-03,who,who,1
5665,f04-057-07-04,believed,believed,1
5666,f04-057-07-05,that,that,1
5667,f04-057-07-06,to,to,1
5668,f04-057-07-07,travel,travel,1
5669,f04-057-08-00,through,through,1
5670,f04-057-08-01,tunnels,tunnels,1
5671,f04-057-08-02,would,would,1
5672,f04-057-08-03,be,be,1
5673,f04-057-08-04,an,an,1
5674,f04-057-08-05,equally,equally,1
5675,f04-057-09-00,hazardous,hazardous,1
5676,f04-057-09-01,business,business,1
5677,f04-057-09-02,.,.,1
5678,f04-061-00-00,Some,some,0
5679,f04-061-00-01,thought,thought,1
5680,f04-061-00-02,that,that,1
5681,f04-061-00-03,the,the,1
5682,f04-061-00-04,result,result,1
5683,f04-061-00-05,would,would,1
5684,f04-061-00-06,be,be,1
5685,f04-061-00-07,all,all,1
5686,f04-061-01-00,sorts,does,0
5687,f04-061-01-01,of,of,1
5688,f04-061-01-02,horrible,horrible,1
5689,f04-061-01-03,illnesses,witnesses,0
5690,f04-061-01-04,brought,brought,1
5691,f04-061-01-05,on,on,1
5692,f04-061-01-06,by,by,1
5693,f04-061-01-07,the,the,1
5694,f04-061-02-00,confined,confined,1
5695,f04-061-02-01,atmosphere,atmosphere,1
5696,f04-061-02-02,.,.,1
5697,f04-061-02-03,"""","""",1
5698,f04-061-02-04,The,The,1
5699,f04-061-02-05,shareholders,shareholders,1
5700,f04-061-02-06,who,who,1
5701,f04-061-02-07,travel,travel,1
5702,f04-061-03-00,by,by,1
5703,f04-061-03-01,it,it,1
5704,f04-061-03-02,will,will,1
5705,f04-061-03-03,be,be,1
5706,f04-061-03-04,so,so,1
5707,f04-061-03-05,heartily,heartily,1
5708,f04-061-03-06,sick,sick,1
5709,f04-061-03-07,",",",",1
5710,f04-061-03-08,what,what,1
5711,f04-061-03-09,with,with,1
5712,f04-061-03-10,the,the,1
5713,f04-061-04-00,foul,foul,1
5714,f04-061-04-01,air,ai,0
5715,f04-061-04-02,",",",",1
5716,f04-061-04-03,smoke,smoke,1
5717,f04-061-04-04,and,and,1
5718,f04-061-04-05,sulphur,support,0
5719,f04-061-04-06,",",",",1
5720,f04-061-04-07,that,that,1
5721,f04-061-04-08,the,the,1
5722,f04-061-04-09,mention,mention,1
5723,f04-061-06-00,wrote,weave,0
5724,f04-061-06-01,an,an,1
5725,f04-061-06-02,anti-railway,anef-ailwary,0
5726,f04-061-06-03,industrialist,infusetialise,0
5727,f04-061-06-04,when,when,1
5728,f04-061-06-05,it,it,1
5729,f04-061-06-06,was,was,1
5730,f04-061-07-00,proposed,proposed,1
5731,f04-061-07-01,to,to,1
5732,f04-061-07-02,build,build,1
5733,f04-061-07-03,the,the,1
5734,f04-061-07-04,Box,box,0
5735,f04-061-07-05,Tunnel,Tunnel,1
5736,f04-061-07-06,.,.,1
5737,f04-064-00-00,The,The,1
5738,f04-064-00-01,mere,mere,1
5739,f04-064-00-02,thought,thought,1
5740,f04-064-00-03,of,of,1
5741,f04-064-00-04,subterranean,subverianeen,0
5742,f04-064-00-05,travel,travel,1
5743,f04-064-01-00,gave,gave,1
5744,f04-064-01-01,others,others,1
5745,f04-064-01-02,a,a,1
5746,f04-064-01-03,feeling,felling,0
5747,f04-064-01-04,of,of,1
5748,f04-064-01-05,danger,danger,1
5749,f04-064-01-06,.,.,1
5750,f04-064-01-07,A,A,1
5751,f04-064-01-08,medical,medical,1
5752,f04-064-01-09,journal,neutral,0
5753,f04-064-02-00,said,said,1
5754,f04-064-02-01,",",",",1
5755,f04-064-02-02,"""","""",1
5756,f04-064-02-03,the,the,1
5757,f04-064-02-04,deafening,tapering,0
5758,f04-064-02-05,peal,peal,1
5759,f04-064-02-06,of,of,1
5760,f04-064-02-07,thunder,thunder,1
5761,f04-064-02-08,",",",",1
5762,f04-064-02-09,the,the,1
5763,f04-064-02-10,sudden,sudden,1
5764,f04-064-03-00,immersion,immersion,1
5765,f04-064-03-01,in,in,1
5766,f04-064-03-02,gloom,gloom,1
5767,f04-064-03-03,",",:,0
5768,f04-064-03-04,and,and,1
5769,f04-064-03-05,the,the,1
5770,f04-064-03-06,clash,clash,1
5771,f04-064-03-07,of,of,1
5772,f04-064-03-08,reverberated,reverberated,1
5773,f04-064-04-00,sounds,sounds,1
5774,f04-064-04-01,in,in,1
5775,f04-064-04-02,a,a,1
5776,f04-064-04-03,confined,confined,1
5777,f04-064-04-04,space,Space,0
5778,f04-064-04-05,combine,combine,1
5779,f04-064-04-06,to,to,1
5780,f04-064-04-07,produce,produce,1
5781,f04-064-04-08,a,a,1
5782,f04-064-05-00,momentary,mpomenearcy,0
5783,f04-064-05-01,shudder,Shualders,0
5784,f04-064-05-02,",",",",1
5785,f04-064-05-03,or,or,1
5786,f04-064-05-04,idea,idea,1
5787,f04-064-05-05,of,of,1
5788,f04-064-05-06,destruction,destruction,1
5789,f04-064-05-07,",",",",1
5790,f04-064-05-08,a,a,1
5791,f04-064-05-09,thrill,hill,0
5792,f04-064-07-00,passengers,passengers,1
5793,f04-064-07-01,would,wold,0
5794,f04-064-07-02,be,be,1
5795,f04-064-07-03,robbed,robbed,1
5796,f04-064-07-04,and,and,1
5797,f04-064-07-05,assaulted,assaulted,1
5798,f04-064-07-06,in,in,1
5799,f04-064-07-07,the,the,1
5800,f04-064-08-00,darkness,darkness,1
5801,f04-064-08-01,.,.,1
5802,f04-068-00-00,For,for,0
5803,f04-068-00-01,all,all,1
5804,f04-068-00-02,that,that,1
5805,f04-068-00-03,",",",",1
5806,f04-068-00-04,as,as,1
5807,f04-068-00-05,far,far,1
5808,f04-068-00-06,as,as,1
5809,f04-068-00-07,England,England,1
5810,f04-068-00-08,is,is,1
5811,f04-068-00-09,concerned,concerned,1
5812,f04-068-00-10,",",",",1
5813,f04-068-01-00,there,there,1
5814,f04-068-01-01,have,have,1
5815,f04-068-01-02,been,been,1
5816,f04-068-01-03,only,only,1
5817,f04-068-01-04,two,two,1
5818,f04-068-01-05,occasions,occasions,1
5819,f04-068-01-06,on,on,1
5820,f04-068-02-00,which,which,1
5821,f04-068-02-01,a,a,1
5822,f04-068-02-02,body,body,1
5823,f04-068-02-03,has,key,0
5824,f04-068-02-04,been,been,1
5825,f04-068-02-05,found,found,1
5826,f04-068-02-06,in,in,1
5827,f04-068-02-07,a,a,1
5828,f04-068-02-08,tunnel,stunned,0
5829,f04-068-06-00,occurred,occurred,1
5830,f04-068-06-01,on,on,1
5831,f04-068-06-02,the,the,1
5832,f04-068-06-03,same,same,1
5833,f04-068-06-04,line,line,1
5834,f04-068-06-05,",",",",1
5835,f04-068-06-06,although,although,1
5836,f04-068-06-07,this,this,1
5837,f04-068-06-08,time,time,1
5838,f04-068-06-09,the,the,1
5839,f04-068-07-00,victim,victim,1
5840,f04-068-07-01,was,was,1
5841,f04-068-07-02,a,a,1
5842,f04-068-07-03,woman,woman,1
5843,f04-068-07-04,.,.,1
5844,f04-071-00-00,Though,Though,1
5845,f04-071-00-01,in,in,1
5846,f04-071-00-02,the,the,1
5847,f04-071-00-03,minds,minds,1
5848,f04-071-00-04,of,of,1
5849,f04-071-00-05,most,most,1
5850,f04-071-00-06,people,people,1
5851,f04-071-00-07,there,there,1
5852,f04-071-00-08,was,way,0
5853,f04-071-01-00,no,no,1
5854,f04-071-01-01,doubt,doubt,1
5855,f04-071-01-02,that,that,1
5856,f04-071-01-03,the,the,1
5857,f04-071-01-04,woman,human,0
5858,f04-071-01-05,had,had,1
5859,f04-071-01-06,been,Been,0
5860,f04-071-01-07,the,the,1
5861,f04-071-01-08,victim,victim,1
5862,f04-071-03-00,was,was,1
5863,f04-071-03-01,not,not,1
5864,f04-071-03-02,sufficient,sufficient,1
5865,f04-071-03-03,evidence,evidence,1
5866,f04-071-03-04,to,to,1
5867,f04-071-03-05,show,slow,0
5868,f04-071-03-06,whether,whether,1
5869,f04-071-07-00,and,and,1
5870,f04-071-07-01,some,some,1
5871,f04-071-07-02,time,time,1
5872,f04-071-07-03,before,before,1
5873,f04-071-07-04,midnight,midnight,1
5874,f04-071-07-05,on,on,1
5875,f04-071-07-06,September,September,1
5876,f04-071-08-00,24,as,0
5877,f04-071-08-01,",",.,0
5878,f04-071-08-02,1905,1900,0
5879,f04-071-08-03,",",",",1
5880,f04-071-08-04,a,a,1
5881,f04-071-08-05,Sunday,sunday,0
5882,f04-071-08-06,",",",",1
5883,f04-071-08-07,Sub-Inspector,sub-lunspecior,0
5884,f04-071-08-08,Peacock,Peacock,1
5885,f04-071-08-09,",",",",1
5886,f04-071-08-10,of,of,1
5887,f04-074-00-00,It,It,1
5888,f04-074-00-01,was,was,1
5889,f04-074-00-02,the,the,1
5890,f04-074-00-03,battered,battered,1
5891,f04-074-00-04,and,and,1
5892,f04-074-00-05,broken,brown,0
5893,f04-074-00-06,body,body,1
5894,f04-074-00-07,of,of,1
5895,f04-074-00-08,a,a,1
5896,f04-074-00-09,woman,woman,1
5897,f04-074-00-10,.,.,1
5898,f04-074-01-00,He,He,1
5899,f04-074-01-01,sent,sent,1
5900,f04-074-01-02,word,word,1
5901,f04-074-01-03,straight,straight,1
5902,f04-074-01-04,away,away,1
5903,f04-074-01-05,to,to,1
5904,f04-074-01-06,near-by,near-by,1
5905,f04-074-01-07,Merstham,Nerstham,0
5906,f04-074-02-00,Station,Station,1
5907,f04-074-02-01,",",I,0
5908,f04-074-02-02,and,and,1
5909,f04-074-02-03,a,a,1
5910,f04-074-02-04,stretcher,stretcher,1
5911,f04-074-02-05,party,party,1
5912,f04-074-02-06,took,took,1
5913,f04-074-02-07,the,the,1
5914,f04-074-02-08,body,body,1
5915,f04-074-02-09,to,to,1
5916,f04-074-03-00,the,the,1
5917,f04-074-03-01,Feathers,feathers,0
5918,f04-074-03-02,Hotel,Hotel,1
5919,f04-074-03-03,to,to,1
5920,f04-074-03-04,await,await,1
5921,f04-074-03-05,identification,identification,1
5922,f04-074-03-06,.,.,1
5923,f04-074-04-00,Was,was,0
5924,f04-074-04-01,it,it,1
5925,f04-074-04-02,a,a,1
5926,f04-074-04-03,case,close,0
5927,f04-074-04-04,of,of,1
5928,f04-074-04-05,suicide,suicide,1
5929,f04-074-04-06,",",I,0
5930,f04-074-04-07,where,where,1
5931,f04-074-04-08,some,some,1
5932,f04-074-04-09,unhappy,centrally,0
5933,f04-074-04-10,soul,soul,1
5934,f04-074-05-00,had,had,1
5935,f04-074-05-01,walked,walked,1
5936,f04-074-05-02,deliberately,deliberately,1
5937,f04-074-05-03,into,into,1
5938,f04-074-05-04,the,the,1
5939,f04-074-05-05,blackness,blackness,1
5940,f04-074-05-06,and,and,1
5941,f04-074-06-00,into,into,1
5942,f04-074-06-01,the,the,1
5943,f04-074-06-02,path,North,0
5944,f04-074-06-03,of,of,1
5945,f04-074-06-04,some,some,1
5946,f04-074-06-05,train,vain,0
5947,f04-074-06-06,?,?,1
5948,f04-074-06-07,This,This,1
5949,f04-074-06-08,hardly,hardly,1
5950,f04-074-06-09,seemed,seemed,1
5951,f04-074-09-00,was,was,1
5952,f04-074-09-01,found,found,1
5953,f04-074-09-02,to,to,1
5954,f04-074-09-03,have,have,1
5955,f04-074-09-04,her,her,1
5956,f04-074-09-05,own,own,1
5957,f04-074-09-06,silk,silk,1
5958,f04-074-09-07,scarf,start,0
5959,f04-074-09-08,drawn,drawn,1
5960,f04-074-10-00,almost,almost,1
5961,f04-074-10-01,tight,fight,0
5962,f04-074-10-02,enough,enough,1
5963,f04-074-10-03,to,to,1
5964,f04-074-10-04,strangle,strange,0
5965,f04-074-10-05,her,her,1
5966,f04-074-10-06,",",",",1
5967,f04-074-10-07,and,and,1
5968,f04-074-10-08,the,the,1
5969,f04-074-10-09,ends,ends,1
5970,f04-079-00-00,Both,Both,1
5971,f04-079-00-01,her,her,1
5972,f04-079-00-02,wrists,wrists,1
5973,f04-079-00-03,bore,bore,1
5974,f04-079-00-04,the,the,1
5975,f04-079-00-05,marks,mares,0
5976,f04-079-00-06,of,of,1
5977,f04-079-00-07,severe,severe,1
5978,f04-079-00-08,bruising,bruising,1
5979,f04-079-00-09,",",",",1
5980,f04-079-01-00,and,and,1
5981,f04-079-01-01,there,there,1
5982,f04-079-01-02,were,were,1
5983,f04-079-01-03,other,other,1
5984,f04-079-01-04,injuries,injuries,1
5985,f04-079-01-05,on,on,1
5986,f04-079-01-06,her,her,1
5987,f04-079-01-07,body,body,1
5988,f04-079-01-08,which,which,1
5989,f04-079-01-09,had,had,1
5990,f04-079-02-00,occurred,occurred,1
5991,f04-079-02-01,before,before,1
5992,f04-079-02-02,her,her,1
5993,f04-079-02-03,death,death,1
5994,f04-079-02-04,was,was,1
5995,f04-079-02-05,ensured,endured,0
5996,f04-079-02-06,by,by,1
5997,f04-079-02-07,some,some,1
5998,f04-079-03-00,train,train,1
5999,f04-079-03-01,which,which,1
6000,f04-079-03-02,had,had,1
6001,f04-079-03-03,roared,roared,1
6002,f04-079-03-04,through,through,1
6003,f04-079-03-05,the,the,1
6004,f04-079-03-06,tunnel,tunnel,1
6005,f04-079-03-07,.,.,1
6006,f04-079-03-08,There,There,1
6007,f04-079-03-09,were,were,1
6008,f04-079-04-00,no,no,1
6009,f04-079-04-01,letters,letters,1
6010,f04-079-04-02,or,or,1
6011,f04-079-04-03,papers,papers,1
6012,f04-079-04-04,found,found,1
6013,f04-079-04-05,on,on,1
6014,f04-079-04-06,her,her,1
6015,f04-079-04-07,to,to,1
6016,f04-079-04-08,assist,assist,1
6017,f04-079-04-09,identi,identity,0
6018,f04-079-05-00,fication,fiction,0
6019,f04-079-05-01,",",I,0
6020,f04-079-05-02,no,no,1
6021,f04-079-05-03,money,money,1
6022,f04-079-05-04,",",",",1
6023,f04-079-05-05,and,and,1
6024,f04-079-05-06,no,no,1
6025,f04-079-05-07,railway,railway,1
6026,f04-079-05-08,ticket,ticket,1
6027,f04-079-05-09,.,.,1
6028,f04-079-05-10,By,By,1
6029,f04-079-05-11,then,then,1
6030,f04-079-06-00,reports,reports,1
6031,f04-079-06-01,were,were,1
6032,f04-079-06-02,being,being,1
6033,f04-079-06-03,gathered,gathered,1
6034,f04-079-06-04,about,about,1
6035,f04-079-06-05,all,all,1
6036,f04-079-06-06,traffic,traffic,1
6037,f04-079-06-07,over,over,1
6038,f04-079-07-00,this,this,1
6039,f04-079-07-01,stretch,stretch,1
6040,f04-079-07-02,of,of,1
6041,f04-079-07-03,line,line,1
6042,f04-079-07-04,",",I,0
6043,f04-079-07-05,but,but,1
6044,f04-079-07-06,no,no,1
6045,f04-079-07-07,information,information,1
6046,f04-079-07-08,was,was,1
6047,f04-079-08-00,forthcoming,forthcoming,1
6048,f04-079-08-01,about,about,1
6049,f04-079-08-02,any,any,1
6050,f04-079-08-03,carriage,carriage,1
6051,f04-079-08-04,with,with,1
6052,f04-079-08-05,an,an,1
6053,f04-079-08-06,open,open,1
6054,f04-079-09-00,door,door,1
6055,f04-079-09-01,",",I,0
6056,f04-079-09-02,nor,nor,1
6057,f04-079-09-03,any,any,1
6058,f04-079-09-04,passenger,passenger,1
6059,f04-079-09-05,reporting,reporting,1
6060,f04-079-09-06,an,an,1
6061,f04-079-09-07,incident,incident,1
6062,f04-079-10-00,which,which,1
6063,f04-079-10-01,might,might,1
6064,f04-079-10-02,relate,relate,1
6065,f04-079-10-03,.,.,1
6066,f04-083-01-00,long,log,0
6067,f04-083-01-01,brown,brown,1
6068,f04-083-01-02,hair,hair,1
6069,f04-083-01-03,in,in,1
6070,f04-083-01-04,a,a,1
6071,f04-083-01-05,bun,bun,1
6072,f04-083-01-06,at,at,1
6073,f04-083-01-07,the,the,1
6074,f04-083-01-08,back,back,1
6075,f04-083-01-09,of,of,1
6076,f04-083-01-10,her,her,1
6077,f04-083-01-11,head,head,1
6078,f04-083-02-00,remained,remained,1
6079,f04-083-02-01,a,a,1
6080,f04-083-02-02,mystery,mystery,1
6081,f04-083-02-03,until,until,1
6082,f04-083-02-04,later,later,1
6083,f04-083-02-05,the,the,1
6084,f04-083-02-06,following,following,1
6085,f04-083-02-07,day,day,1
6086,f04-083-02-08,.,',0
6087,f04-083-03-00,During,During,1
6088,f04-083-03-01,that,that,1
6089,f04-083-03-02,time,time,1
6090,f04-083-03-03,a,a,1
6091,f04-083-03-04,description,description,1
6092,f04-083-03-05,of,of,1
6093,f04-083-03-06,the,the,1
6094,f04-083-03-07,girl,girl,1
6095,f04-083-03-08,was,was,1
6096,f04-083-04-00,circulated,circulated,1
6097,f04-083-04-01,",",",",1
6098,f04-083-04-02,and,and,1
6099,f04-083-04-03,a,a,1
6100,f04-083-04-04,Mr,Mr.,0
6101,f04-083-04-05,Robert,Robert,1
6102,f04-083-04-06,Money,money,0
6103,f04-083-04-07,came,came,1
6104,f04-083-04-08,forward,forward,1
6105,f04-083-04-09,to,to,1
6106,f04-083-05-00,identify,identity,0
6107,f04-083-05-01,her,her,1
6108,f04-083-05-02,as,as,1
6109,f04-083-05-03,his,his,1
6110,f04-083-05-04,sister,sister,1
6111,f04-083-05-05,",",",",1
6112,f04-083-05-06,Mary,Mary,1
6113,f04-083-05-07,Money,Money,1
6114,f04-083-05-08,",",",",1
6115,f04-083-05-09,aged,aged,1
6116,f04-083-05-10,twenty-two,twenty-two,1
6117,f04-083-05-11,.,.,1
6118,f04-087-00-00,On,on,0
6119,f04-087-00-01,the,the,1
6120,f04-087-00-02,Sunday,sunday,0
6121,f04-087-00-03,",",.,0
6122,f04-087-00-04,the,the,1
6123,f04-087-00-05,day,day,1
6124,f04-087-00-06,of,of,1
6125,f04-087-00-07,her,her,1
6126,f04-087-00-08,death,death,1
6127,f04-087-00-09,",",.,0
6128,f04-087-00-10,she,she,1
6129,f04-087-00-11,had,had,1
6130,f04-087-00-12,gone,gone,1
6131,f04-087-00-13,out,out,1
6132,f04-087-00-14,in,in,1
6133,f04-087-00-15,the,the,1
6134,f04-087-01-00,evening,evening,1
6135,f04-087-01-01,at,a,0
6136,f04-087-01-02,about,about,1
6137,f04-087-01-03,seven,Seven,0
6138,f04-087-01-04,o'clock,o'clock,1
6139,f04-087-01-05,",",",",1
6140,f04-087-01-06,telling,telling,1
6141,f04-087-01-07,her,her,1
6142,f04-087-01-08,room-mate,fooul-Nate,0
6143,f04-087-01-09,",",",",1
6144,f04-087-01-10,Emma,pain,0
6145,f04-087-02-00,Hone,Hove,0
6146,f04-087-02-01,",",",",1
6147,f04-087-02-02,that,that,1
6148,f04-087-02-03,she,she,1
6149,f04-087-02-04,was,was,1
6150,f04-087-02-05,going,going,1
6151,f04-087-02-06,for,for,1
6152,f04-087-02-07,a,a,1
6153,f04-087-02-08,walk,walk,1
6154,f04-087-02-09,",",",",1
6155,f04-087-02-10,but,but,1
6156,f04-087-02-11,would,would,1
6157,f04-087-02-12,not,not,1
6158,f04-087-02-13,be,be,1
6159,f04-087-03-00,gone,done,0
6160,f04-087-03-01,for,for,1
6161,f04-087-03-02,long,long,1
6162,f04-087-03-03,.,.,1
6163,f04-087-03-04,According,According,1
6164,f04-087-03-05,to,to,1
6165,f04-087-03-06,Miss,Miss,1
6166,f04-087-03-07,Hone,House,0
6167,f04-087-03-08,",",",",1
6168,f04-087-03-09,she,she,1
6169,f04-087-03-10,had,had,1
6170,f04-087-03-11,not,not,1
6171,f04-087-03-12,been,been,1
6172,f04-087-04-00,carrying,carrying,1
6173,f04-087-04-01,a,a,1
6174,f04-087-04-02,handbag,handbag,1
6175,f04-087-04-03,",",",",1
6176,f04-087-04-04,but,but,1
6177,f04-087-04-05,she,She,0
6178,f04-087-04-06,believed,believed,1
6179,f04-087-04-07,she,she,1
6180,f04-087-04-08,had,had,1
6181,f04-087-04-09,had,had,1
6182,f04-087-04-10,a,a,1
6183,f04-087-04-11,small,small,1
6184,f04-087-05-00,purse,curse,0
6185,f04-087-05-01,.,.,1
6186,f07-000-00-00,SOME,sOmE,0
6187,f07-000-00-01,years,years,1
6188,f07-000-00-02,ago,ago,1
6189,f07-000-00-03,a,a,1
6190,f07-000-00-04,contemporary,contemporary,1
6191,f07-000-00-05,philosopher,philosopher,1
6192,f07-000-01-00,told,told,1
6193,f07-000-01-01,us,us,1
6194,f07-000-01-02,that,that,1
6195,f07-000-01-03,there,there,1
6196,f07-000-01-04,was,was,1
6197,f07-000-01-05,nothing,nothing,1
6198,f07-000-01-06,an,an,1
6199,f07-000-01-07,En-,in-,0
6200,f07-000-03-00,rican,Rican,0
6201,f07-000-03-01,would,would,1
6202,f07-000-03-02,not,not,1
6203,f07-000-03-03,say,say,1
6204,f07-000-03-04,;,;,1
6205,f07-000-03-05,nothing,nothing,1
6206,f07-000-03-06,an,an,1
6207,f07-000-04-00,Italian,Italian,1
6208,f07-000-04-01,would,would,1
6209,f07-000-04-02,not,not,1
6210,f07-000-04-03,sing,sing,1
6211,f07-000-04-04,;,;,1
6212,f07-000-04-05,no,no,1
6213,f07-000-04-06,music,music,1
6214,f07-000-06-00,dance,dance,1
6215,f07-000-06-01,;,;,1
6216,f07-000-06-02,nothing,nothing,1
6217,f07-000-06-03,the,The,0
6218,f07-000-06-04,German,German,1
6219,f07-000-06-05,would,would,1
6220,f07-000-08-00,would,would,1
6221,f07-000-08-01,not,not,1
6222,f07-000-08-02,eat,eat,1
6223,f07-000-08-03,.,.,1
6224,f07-000b-00-00,SOME,Some,0
6225,f07-000b-00-01,years,years,1
6226,f07-000b-00-02,ago,ago,1
6227,f07-000b-00-03,a,a,1
6228,f07-000b-00-04,contemporary,contemporary,1
6229,f07-000b-00-05,philosopher,philosopher,1
6230,f07-000b-01-00,told,told,1
6231,f07-000b-01-01,us,us,1
6232,f07-000b-01-02,that,that,1
6233,f07-000b-01-03,there,there,1
6234,f07-000b-01-04,was,was,1
6235,f07-000b-01-05,nothing,nothing,1
6236,f07-000b-01-06,an,an,1
6237,f07-000b-01-07,Englishman,Englishman,1
6238,f07-000b-02-00,would,would,1
6239,f07-000b-02-01,not,not,1
6240,f07-000b-02-02,do,do,1
6241,f07-000b-02-03,;,",",0
6242,f07-000b-02-04,nothing,nothing,1
6243,f07-000b-02-05,an,an,1
6244,f07-000b-02-06,American,American,1
6245,f07-000b-02-07,would,would,1
6246,f07-000b-02-08,not,not,1
6247,f07-000b-03-00,say,say,1
6248,f07-000b-03-01,;,I,0
6249,f07-000b-03-02,nothing,nothing,1
6250,f07-000b-03-03,an,an,1
6251,f07-000b-03-04,Italian,Italian,1
6252,f07-000b-03-05,would,would,1
6253,f07-000b-03-06,not,not,1
6254,f07-000b-03-07,sing,sing,1
6255,f07-000b-03-08,;,;,1
6256,f07-000b-03-09,no,no,1
6257,f07-000b-04-00,music,music,1
6258,f07-000b-04-01,to,to,1
6259,f07-000b-04-02,which,which,1
6260,f07-000b-04-03,the,the,1
6261,f07-000b-04-04,Frenchman,Frenchman,1
6262,f07-000b-04-05,would,would,1
6263,f07-000b-04-06,not,not,1
6264,f07-000b-04-07,dance,dance,1
6265,f07-000b-04-08,;,:,0
6266,f07-000b-05-00,nothing,nothing,1
6267,f07-000b-05-01,the,the,1
6268,f07-000b-05-02,German,German,1
6269,f07-000b-05-03,would,would,1
6270,f07-000b-05-04,not,not,1
6271,f07-000b-05-05,covet,covet,1
6272,f07-000b-05-06,;,;,1
6273,f07-000b-05-07,and,and,1
6274,f07-000b-06-00,nothing,nothing,1
6275,f07-000b-06-01,the,the,1
6276,f07-000b-06-02,Chinese,Chinese,1
6277,f07-000b-06-03,would,would,1
6278,f07-000b-06-04,not,not,1
6279,f07-000b-06-05,eat,eat,1
6280,f07-000b-06-06,.,.,1
6281,f07-002-00-00,It,It,1
6282,f07-002-00-01,is,is,1
6283,f07-002-00-02,not,not,1
6284,f07-002-00-03,our,our,1
6285,f07-002-00-04,purpose,purpose,1
6286,f07-002-00-05,to,to,1
6287,f07-002-00-06,discuss,discuss,1
6288,f07-002-00-07,this,this,1
6289,f07-002-00-08,dictum,dictum,1
6290,f07-002-00-09,.,.,1
6291,f07-002-01-00,Suffice,Suffice,1
6292,f07-002-01-01,to,to,1
6293,f07-002-01-02,say,say,1
6294,f07-002-01-03,that,that,1
6295,f07-002-01-04,few,fer,0
6296,f07-002-01-05,of,of,1
6297,f07-002-01-06,us,us,1
6298,f07-002-01-07,stop,stop,1
6299,f07-002-01-08,to,to,1
6300,f07-002-01-09,marvel,marvel,1
6301,f07-002-01-10,at,at,1
6302,f07-002-02-00,the,the,1
6303,f07-002-02-01,progress,progress,1
6304,f07-002-02-02,of,of,1
6305,f07-002-02-03,civilisation,civilization,0
6306,f07-002-02-04,which,which,1
6307,f07-002-02-05,allows,allows,1
6308,f07-002-02-06,a,a,1
6309,f07-002-02-07,dish,dish,1
6310,f07-002-03-00,borrowed,borrowed,1
6311,f07-002-03-01,straight,straight,1
6312,f07-002-03-02,from,from,1
6313,f07-002-03-03,the,the,1
6314,f07-002-03-04,prehistoric,prehistond,0
6315,f07-002-03-05,.,.,1
6316,f07-002-03-06,How,How,1
6317,f07-002-04-00,many,many,1
6318,f07-002-04-01,centuries,Celituries,0
6319,f07-002-04-02,ago,ago,1
6320,f07-002-04-03,",",",",1
6321,f07-002-04-04,in,in,1
6322,f07-002-04-05,some,some,1
6323,f07-002-04-06,cave,came,0
6324,f07-002-04-07,or,or,1
6325,f07-002-04-08,hilly,hills,0
6326,f07-002-05-00,hide,hide,1
6327,f07-002-05-01,",",",",1
6328,f07-002-05-02,did,did,1
6329,f07-002-05-03,our,our,1
6330,f07-002-05-04,forebears,forebears,1
6331,f07-002-05-05,home,home,1
6332,f07-002-05-06,from,from,1
6333,f07-002-05-07,the,the,1
6334,f07-002-05-08,chase,chase,1
6335,f07-002-06-00,hold,hold,1
6336,f07-002-06-01,forth,forth,1
6337,f07-002-06-02,from,from,1
6338,f07-002-06-03,a,a,1
6339,f07-002-06-04,spear,spear,1
6340,f07-002-06-05,the,the,1
6341,f07-002-06-06,welcome,welcome,1
6342,f07-002-06-07,gobbet,gibbet,0
6343,f07-002-06-08,of,of,1
6344,f07-002-07-00,meat,meat,1
6345,f07-002-07-01,or,or,1
6346,f07-002-07-02,fish,fish,1
6347,f07-002-07-03,burnt,burnt,1
6348,f07-002-07-04,and,and,1
6349,f07-002-07-05,roasted,tasted,0
6350,f07-002-07-06,in,in,1
6351,f07-002-07-07,the,the,1
6352,f07-002-08-00,homely,Holy,0
6353,f07-002-08-01,and,and,1
6354,f07-002-08-02,protecting,protecting,1
6355,f07-002-08-03,flame,flame,1
6356,f07-002-08-04,.,.,1
6357,f07-006-00-00,How,How,1
6358,f07-006-00-01,many,many,1
6359,f07-006-00-02,centuries,centuries,1
6360,f07-006-00-03,later,later,1
6361,f07-006-00-04,did,did,1
6362,f07-006-00-05,the,the,1
6363,f07-006-00-06,mercenary,mercenary,1
6364,f07-006-00-07,in,in,1
6365,f07-006-01-00,the,the,1
6366,f07-006-01-01,Roman,Roman,1
6367,f07-006-01-02,wars,was,0
6368,f07-006-01-03,thus,thus,1
6369,f07-006-01-04,impale,impose,0
6370,f07-006-01-05,on,on,1
6371,f07-006-01-06,pike,pike,1
6372,f07-006-01-07,or,of,0
6373,f07-006-01-08,lance,lance,1
6374,f07-006-01-09,his,his,1
6375,f07-006-02-00,evening,evening,1
6376,f07-006-02-01,meal,meal,1
6377,f07-006-02-02,.,.,1
6378,f07-006-02-03,Later,later,0
6379,f07-006-02-04,came,cam,0
6380,f07-006-02-05,the,the,1
6381,f07-006-02-06,thrifty,thrifty,1
6382,f07-006-02-07,peasant,peasant,1
6383,f07-006-02-08,",",",",1
6384,f07-006-03-00,later,later,1
6385,f07-006-03-01,still,still,1
6386,f07-006-03-02,the,the,1
6387,f07-006-03-03,young,young,1
6388,f07-006-03-04,Victorian,Victorian,1
6389,f07-006-03-05,buck,buck,1
6390,f07-006-03-06,adventuring,adventuring,1
6391,f07-006-04-00,in,in,1
6392,f07-006-04-01,Paris,land,0
6393,f07-006-04-02,",",",",1
6394,f07-006-04-03,and,and,1
6395,f07-006-04-04,even,even,1
6396,f07-006-04-05,later,later,1
6397,f07-006-04-06,our,bar,0
6398,f07-006-04-07,attractive,attactive,0
6399,f07-006-04-08,young,young,1
6400,f07-006-05-00,ladies,ladies,1
6401,f07-006-05-01,toying,toying,1
6402,f07-006-05-02,with,with,1
6403,f07-006-05-03,these,these,1
6404,f07-006-05-04,primitive,primitive,1
6405,f07-006-05-05,morsels,More's,0
6406,f07-006-05-06,in,in,1
6407,f07-006-05-07,the,the,1
6408,f07-006-06-00,gleam,fleet,0
6409,f07-006-06-01,and,and,1
6410,f07-006-06-02,glitter,glitter,1
6411,f07-006-06-03,of,of,1
6412,f07-006-06-04,our,our,1
6413,f07-006-06-05,latter-day,latter-day,1
6414,f07-006-06-06,restaurants,restaurants,1
6415,f07-006-06-07,.,.,1
6416,f07-009-00-00,And,And,1
6417,f07-009-00-01,",",",",1
6418,f07-009-00-02,if,if,1
6419,f07-009-00-03,certain,certain,1
6420,f07-009-00-04,dishes,dishes,1
6421,f07-009-00-05,and,and,1
6422,f07-009-00-06,modes,modes,1
6423,f07-009-00-07,of,of,1
6424,f07-009-00-08,food,good,0
6425,f07-009-00-09,have,have,1
6426,f07-009-01-00,persisted,persisted,1
6427,f07-009-01-01,down,down,1
6428,f07-009-01-02,the,the,1
6429,f07-009-01-03,ages,ages,1
6430,f07-009-01-04,",",",",1
6431,f07-009-01-05,the,the,1
6432,f07-009-01-06,motive,motive,1
6433,f07-009-01-07,that,that,1
6434,f07-009-01-08,preserved,preserved,1
6435,f07-009-04-00,always,always,1
6436,f07-009-04-01,been,been,1
6437,f07-009-04-02,strong,strong,1
6438,f07-009-04-03,in,in,1
6439,f07-009-04-04,mankind,mankind,1
6440,f07-009-04-05,.,",",0
6441,f07-009-04-06,The,The,1
6442,f07-009-04-07,sharing,sharing,1
6443,f07-009-04-08,of,of,1
6444,f07-009-05-00,a,a,1
6445,f07-009-05-01,meal,meal,1
6446,f07-009-05-02,in,in,1
6447,f07-009-05-03,those,those,1
6448,f07-009-05-04,earliest,earliest,1
6449,f07-009-05-05,dangerous,dangerous,1
6450,f07-009-05-06,days,days,1
6451,f07-009-05-07,was,was,1
6452,f07-009-05-08,an,an,1
6453,f07-009-06-00,admittance,admittance,1
6454,f07-009-06-01,into,into,1
6455,f07-009-06-02,an,an,1
6456,f07-009-06-03,acquaintanceship,acquentomashp,0
6457,f07-009-06-04,far,far,1
6458,f07-009-06-05,more,more,1
6459,f07-009-07-00,important,important,1
6460,f07-009-07-01,than,than,1
6461,f07-009-07-02,the,the,1
6462,f07-009-07-03,casual,casual,1
6463,f07-009-07-04,meetings,meetings,1
6464,f07-009-07-05,of,of,1
6465,f07-009-07-06,the,the,1
6466,f07-009-07-07,present,present,1
6467,f07-009-08-00,day,day,1
6468,f07-009-08-01,;,;,1
6469,f07-009-08-02,the,the,1
6470,f07-009-08-03,desire,desire,1
6471,f07-009-08-04,to,to,1
6472,f07-009-08-05,share,share,1
6473,f07-009-08-06,something,something,1
6474,f07-009-08-07,more,more,1
6475,f07-009-08-08,intimate,intimate,1
6476,f07-009-09-00,than,than,1
6477,f07-009-09-01,mere,mere,1
6478,f07-009-09-02,converse,converse,1
6479,f07-009-09-03,has,has,1
6480,f07-009-09-04,always,always,1
6481,f07-009-09-05,been,been,1
6482,f07-009-09-06,there,there,1
6483,f07-009-09-07,.,.,1
6484,f07-013-00-00,The,The,1
6485,f07-013-00-01,truth,truth,1
6486,f07-013-00-02,is,is,1
6487,f07-013-00-03,that,that,1
6488,f07-013-00-04,good,good,1
6489,f07-013-00-05,food,food,1
6490,f07-013-00-06,offers,offers,1
6491,f07-013-00-07,a,a,1
6492,f07-013-01-00,programme,programme,1
6493,f07-013-01-01,of,of,1
6494,f07-013-01-02,entertainment,entertainment,1
6495,f07-013-01-03,almost,almost,1
6496,f07-013-02-00,unlimited,unlimited,1
6497,f07-013-02-01,in,in,1
6498,f07-013-02-02,its,its,1
6499,f07-013-02-03,variety,variety,1
6500,f07-013-02-04,and,and,1
6501,f07-013-02-05,its,its,1
6502,f07-013-02-06,presen-,present,0
6503,f07-013-03-00,tation,station,0
6504,f07-013-03-01,affords,affords,1
6505,f07-013-03-02,an,an,1
6506,f07-013-03-03,opportunity,opportunity,1
6507,f07-013-03-04,of,of,1
6508,f07-013-04-00,showing,showing,1
6509,f07-013-04-01,a,a,1
6510,f07-013-04-02,guest,guest,1
6511,f07-013-04-03,something,something,1
6512,f07-013-04-04,of,of,1
6513,f07-013-04-05,ourselves,ourselves,1
6514,f07-013-04-06,.,.,1
6515,f07-013-06-00,meal-times,mealtime,0
6516,f07-013-06-01,of,of,1
6517,f07-013-06-02,a,a,1
6518,f07-013-06-03,simpler,simpler,1
6519,f07-013-06-04,world,world,1
6520,f07-013-06-05,to,to,1
6521,f07-013-06-06,the,the,1
6522,f07-013-07-00,banquets,banquets,1
6523,f07-013-07-01,of,of,1
6524,f07-013-07-02,later,later,1
6525,f07-013-07-03,days,day's,0
6526,f07-013-07-04,",",I,0
6527,f07-013-07-05,when,when,1
6528,f07-013-07-06,the,the,1
6529,f07-013-07-07,table,table,1
6530,f07-013-08-00,groaned,groaned,1
6531,f07-013-08-01,under,under,1
6532,f07-013-08-02,its,its,1
6533,f07-013-08-03,load,load,1
6534,f07-013-08-04,of,of,1
6535,f07-013-08-05,complicated,complicated,1
6536,f07-013-10-00,arts,ants,0
6537,f07-013-10-01,around,around,1
6538,f07-013-10-02,them,them,1
6539,f07-013-10-03,the,the,1
6540,f07-013-10-04,diners,Miners,0
6541,f07-013-10-05,were,was,0
6542,f07-013-10-06,little,little,1
6543,f07-016-00-00,There,There,1
6544,f07-016-00-01,was,was,1
6545,f07-016-00-02,always,always,1
6546,f07-016-00-03,the,the,1
6547,f07-016-00-04,spice,spice,1
6548,f07-016-00-05,of,of,1
6549,f07-016-00-06,an,a,0
6550,f07-016-00-07,orgy,orgy,1
6551,f07-016-01-00,in,in,1
6552,f07-016-01-01,those,those,1
6553,f07-016-01-02,Roman,Roman,1
6554,f07-016-01-03,feasts,feasts,1
6555,f07-016-01-04,",",",",1
6556,f07-016-01-05,for,for,1
6557,f07-016-01-06,instance,instance,1
6558,f07-016-01-07,",",I,0
6559,f07-016-01-08,with,with,1
6560,f07-016-02-00,all,all,1
6561,f07-016-02-01,their,their,1
6562,f07-016-02-02,peacocks,peacocks,1
6563,f07-016-02-03,and,and,1
6564,f07-016-02-04,nightingales',mniigatingeless,0
6565,f07-016-05-00,out,out,1
6566,f07-016-05-01,of,of,1
6567,f07-016-05-02,Italy,Holy,0
6568,f07-016-05-03,into,into,1
6569,f07-016-05-04,France,France,1
6570,f07-016-05-05,",",I,0
6571,f07-016-05-06,we,we,1
6572,f07-016-05-07,are,are,1
6573,f07-016-05-08,told,told,1
6574,f07-016-05-09,",",I,0
6575,f07-016-06-00,by,by,1
6576,f07-016-06-01,Catherine,Catherine,1
6577,f07-016-06-02,de,do,0
6578,f07-016-06-03,Medici,Medici,1
6579,f07-016-06-04,.,",",0
6580,f07-016-06-05,The,She,0
6581,f07-016-06-06,peasant,peasant,1
6582,f07-016-06-07,in,in,1
6583,f07-016-07-00,those,those,1
6584,f07-016-07-01,days,clays,0
6585,f07-016-07-02,",",",",1
6586,f07-016-07-03,as,as,1
6587,f07-016-07-04,ever,ever,1
6588,f07-016-07-05,",",.,0
6589,f07-016-07-06,ate,due,0
6590,f07-016-07-07,sparingly,sparing,0
6591,f07-016-07-08,",",I,0
6592,f07-016-07-09,but,but,1
6593,f07-016-10-00,himself,himself,1
6594,f07-016-10-01,go,so,0
6595,f07-016-10-02,;,;,1
6596,f07-016-10-03,and,and,1
6597,f07-016-10-04,it,it,1
6598,f07-016-10-05,was,was,1
6599,f07-016-10-06,from,from,1
6600,f07-016-10-07,his,his,1
6601,f07-016-10-08,simpler,simple,0
6602,f07-019a-01-00,procession,procession,1
6603,f07-019a-01-01,of,of,1
6604,f07-019a-01-02,dishes,dishes,1
6605,f07-019a-01-03,from,from,1
6606,f07-019a-01-04,those,those,1
6607,f07-019a-01-05,mammoth,mammoth,1
6608,f07-019a-01-06,kitchens,kitchens,1
6609,f07-019a-02-00,of,of,1
6610,f07-019a-02-01,the,the,1
6611,f07-019a-02-02,18th,19th,0
6612,f07-019a-02-03,century,century,1
6613,f07-019a-02-04,-,-,1
6614,f07-019a-02-05,that,that,1
6615,f07-019a-02-06,amazing,amazing,1
6616,f07-019a-02-07,epoch,epoch,1
6617,f07-019a-02-08,of,of,1
6618,f07-019a-03-00,grossness,crassness,0
6619,f07-019a-03-01,and,and,1
6620,f07-019a-03-02,delicacy,delicacy,1
6621,f07-019a-03-03,-,-,1
6622,f07-019a-03-04,sought,sought,1
6623,f07-019a-03-05,inspiration,inspiration,1
6624,f07-019a-03-06,at,at,1
6625,f07-019a-03-07,last,last,1
6626,f07-019a-03-08,from,from,1
6627,f07-019a-05-00,eye,eye,1
6628,f07-019a-05-01,with,with,1
6629,f07-019a-05-02,magnitude,magnitude,1
6630,f07-019a-05-03,",",",",1
6631,f07-019a-05-04,began,began,1
6632,f07-019a-05-05,to,to,1
6633,f07-019a-05-06,understand,understand,1
6634,f07-019a-05-07,the,the,1
6635,f07-019a-05-08,value,valve,0
6636,f07-019a-05-09,of,of,1
6637,f07-019a-07-00,nowadays,nowadays,1
6638,f07-019a-07-01,their,their,1
6639,f07-019a-07-02,simplified,simplified,1
6640,f07-019a-07-03,meals,meals,1
6641,f07-019a-07-04,would,would,1
6642,f07-019a-07-05,seem,seem,1
6643,f07-019a-07-06,quite,quite,1
6644,f07-019a-08-00,monstrous,monstrous,1
6645,f07-019a-08-01,.,.,1
6646,f07-019b-00-00,Epicures,Spioures,0
6647,f07-019b-00-01,and,and,1
6648,f07-019b-00-02,gourmands,Gourmands,0
6649,f07-019b-00-03,",",",",1
6650,f07-019b-00-04,sated,waited,0
6651,f07-019b-00-05,by,by,1
6652,f07-019b-00-06,the,the,1
6653,f07-019b-01-00,unending,finding,0
6654,f07-019b-01-01,procession,procession,1
6655,f07-019b-01-02,of,of,1
6656,f07-019b-01-03,dishes,dishes,1
6657,f07-019b-01-04,from,from,1
6658,f07-019b-01-05,those,those,1
6659,f07-019b-02-00,mammoth,mammoth,1
6660,f07-019b-02-01,kitchens,pitchers,0
6661,f07-019b-02-02,of,of,1
6662,f07-019b-02-03,the,the,1
6663,f07-019b-02-04,18th,18th,1
6664,f07-019b-02-05,century,century,1
6665,f07-019b-02-06,-,-,1
6666,f07-019b-03-00,that,that,1
6667,f07-019b-03-01,amazing,camciting,0
6668,f07-019b-03-02,epoch,epoch,1
6669,f07-019b-03-03,of,of,1
6670,f07-019b-03-04,grossness,grussmess,0
6671,f07-019b-03-05,and,and,1
6672,f07-019b-04-00,delicacy,delicacy,1
6673,f07-019b-04-01,-,-,1
6674,f07-019b-04-02,sought,sought,1
6675,f07-019b-04-03,inspiration,inspiration,1
6676,f07-019b-04-04,at,at,1
6677,f07-019b-04-05,last,last,1
6678,f07-019b-04-06,from,from,1
6679,f07-019b-05-00,the,the,1
6680,f07-019b-05-01,dishes,dishes,1
6681,f07-019b-05-02,of,of,1
6682,f07-019b-05-03,the,the,1
6683,f07-019b-05-04,country,country,1
6684,f07-019b-05-05,",",I,0
6685,f07-019b-05-06,and,and,1
6686,f07-019b-05-07,",",",",1
6687,f07-019b-05-08,instead,instead,1
6688,f07-019b-06-00,of,of,1
6689,f07-019b-06-01,gorging,joining,0
6690,f07-019b-06-02,the,the,1
6691,f07-019b-06-03,eye,eye,1
6692,f07-019b-06-04,with,with,1
6693,f07-019b-06-05,magnitude,magristudd,0
6694,f07-019b-06-06,",",I,0
6695,f07-019b-07-00,began,began,1
6696,f07-019b-07-01,to,to,1
6697,f07-019b-07-02,understand,understand,1
6698,f07-019b-07-03,the,the,1
6699,f07-019b-07-04,value,value,1
6700,f07-019b-07-05,of,of,1
6701,f07-019b-08-00,intelligent,intelligent,1
6702,f07-019b-08-01,selection,selection,1
6703,f07-019b-08-02,and,and,1
6704,f07-019b-08-03,comparative,comparative,1
6705,f07-019b-09-00,simplicity,simplicity,1
6706,f07-019b-09-01,",",I,0
6707,f07-019b-09-02,though,though,1
6708,f07-019b-09-03,nowadays,mnoweidays,0
6709,f07-019b-09-04,their,their,1
6710,f07-019b-10-00,simplified,simplified,1
6711,f07-019b-10-01,meals,meals,1
6712,f07-019b-10-02,would,would,1
6713,f07-019b-10-03,seem,seem,1
6714,f07-019b-10-04,quite,quite,1
6715,f07-021a-02-00,make,make,1
6716,f07-021a-02-01,water,water,1
6717,f07-021a-02-02,hot,not,0
6718,f07-021a-02-03,by,by,1
6719,f07-021a-02-04,dropping,dropping,1
6720,f07-021a-02-05,a,a,1
6721,f07-021a-02-06,red-hot,red-hot,1
6722,f07-021a-02-07,poker,poker,1
6723,f07-021a-02-08,into,into,1
6724,f07-021a-02-09,it,it,1
6725,f07-021a-02-10,",",',0
6726,f07-021a-03-00,because,because,1
6727,f07-021a-03-01,their,their,1
6728,f07-021a-03-02,pots,pots,1
6729,f07-021a-03-03,would,would,1
6730,f07-021a-03-04,not,not,1
6731,f07-021a-03-05,stand,stand,1
6732,f07-021a-03-06,fire,fire,1
6733,f07-021a-03-07,;,;,1
6734,f07-021a-03-08,but,but,1
6735,f07-021a-03-09,Jacob,Jacob,1
6736,f07-021a-05-00,his,his,1
6737,f07-021a-05-01,birthright,birthright,1
6738,f07-021a-05-02,to,to,1
6739,f07-021a-05-03,him,him,1
6740,f07-021a-05-04,for,for,1
6741,f07-021a-05-05,a,a,1
6742,f07-021a-05-06,mess,mess,1
6743,f07-021a-05-07,of,of,1
6744,f07-021a-05-08,pottage,cottage,0
6745,f07-021a-05-09,-,-,1
6746,f07-021a-05-10,and,and,1
6747,f07-021a-06-00,then,then,1
6748,f07-021a-06-01,we,we,1
6749,f07-021a-06-02,hear,near,0
6750,f07-021a-06-03,of,of,1
6751,f07-021a-06-04,the,the,1
6752,f07-021a-06-05,fleshpots,fleshpots,1
6753,f07-021a-06-06,of,of,1
6754,f07-021a-06-07,Egypt,tape,0
6755,f07-021a-06-08,after,after,1
6756,f07-021a-07-00,which,which,1
6757,f07-021a-07-01,the,the,1
6758,f07-021a-07-02,Israelites,Israelites,1
6759,f07-021a-07-03,sighed,sighed,1
6760,f07-021a-07-04,.,.,1
6761,f07-021b-01-00,of,of,1
6762,f07-021b-01-01,boiling,building,0
6763,f07-021b-01-02,water,water,1
6764,f07-021b-01-03,and,and,1
6765,f07-021b-01-04,food,foot,0
6766,f07-021b-01-05,?,2,0
6767,f07-021b-01-06,The,at,0
6768,f07-021b-01-07,ancient,ancient,1
6769,f07-021b-02-00,Britons,Britons,1
6770,f07-021b-02-01,",",",",1
6771,f07-021b-02-02,I,I,1
6772,f07-021b-02-03,believe,believe,1
6773,f07-021b-02-04,",",I,0
6774,f07-021b-02-05,used,used,1
6775,f07-021b-02-06,to,to,1
6776,f07-021b-02-07,make,male,0
6777,f07-021b-02-08,water,was,0
6778,f07-021b-02-09,hot,not,0
6779,f07-021b-03-00,by,by,1
6780,f07-021b-03-01,dropping,dropping,1
6781,f07-021b-03-02,a,a,1
6782,f07-021b-03-03,red-hot,red-hot,1
6783,f07-021b-03-04,poker,polar,0
6784,f07-021b-03-05,into,into,1
6785,f07-021b-03-06,it,it,1
6786,f07-021b-03-07,",",",",1
6787,f07-021b-04-00,because,because,1
6788,f07-021b-04-01,their,their,1
6789,f07-021b-04-02,pots,pots,1
6790,f07-021b-04-03,would,would,1
6791,f07-021b-04-04,not,not,1
6792,f07-021b-04-05,stand,stand,1
6793,f07-021b-04-06,fire,fire,1
6794,f07-021b-04-07,;,;,1
6795,f07-021b-05-00,but,but,1
6796,f07-021b-05-01,Jacob,walls,0
6797,f07-021b-05-02,must,must,1
6798,f07-021b-05-03,have,have,1
6799,f07-021b-05-04,had,had,1
6800,f07-021b-05-05,one,one,1
6801,f07-021b-05-06,that,that,1
6802,f07-021b-06-00,would,would,1
6803,f07-021b-06-01,",",I,0
6804,f07-021b-06-02,because,because,1
6805,f07-021b-06-03,Esau,Esan,0
6806,f07-021b-06-04,sold,sold,1
6807,f07-021b-06-05,his,his,1
6808,f07-021b-06-06,birthright,birthright,1
6809,f07-021b-07-00,to,to,1
6810,f07-021b-07-01,him,him,1
6811,f07-021b-07-02,for,for,1
6812,f07-021b-07-03,a,"""",0
6813,f07-021b-07-04,mess,mess,1
6814,f07-021b-07-05,of,of,1
6815,f07-021b-07-06,pottage,collage,0
6816,f07-021b-07-07,-,.,0
6817,f07-021b-07-08,and,and,1
6818,f07-021b-07-09,then,then,1
6819,f07-024a-01-00,way,way,1
6820,f07-024a-01-01,of,of,1
6821,f07-024a-01-02,cooking,cooking,1
6822,f07-024a-01-03,meat,meat,1
6823,f07-024a-01-04,except,except,1
6824,f07-024a-01-05,by,by,1
6825,f07-024a-01-06,roasting,boasting,0
6826,f07-024a-01-07,and,and,1
6827,f07-024a-01-08,boiling,boiling,1
6828,f07-024a-01-09,.,.,1
6829,f07-024a-02-00,When,When,1
6830,f07-024a-02-01,Achilles,Achilles,1
6831,f07-024a-02-02,gave,gave,1
6832,f07-024a-02-03,a,a,1
6833,f07-024a-02-04,royal,royal,1
6834,f07-024a-02-05,feast,feast,1
6835,f07-024a-02-06,the,the,1
6836,f07-024a-02-07,principal,principal,1
6837,f07-024a-02-08,dish,dish,1
6838,f07-024a-06-00,embers,members,0
6839,f07-024a-06-01,wide,wide,1
6840,f07-024a-06-02,;,;,1
6841,f07-024a-06-03,Above,Above,1
6842,f07-024a-06-04,the,the,1
6843,f07-024a-06-05,coals,coals,1
6844,f07-024a-06-06,the,the,1
6845,f07-024a-06-07,smoking,smoking,1
6846,f07-024a-07-00,fragment,fragment,1
6847,f07-024a-07-01,turns,turns,1
6848,f07-024a-07-02,",",",",1
6849,f07-024a-07-03,And,And,1
6850,f07-024a-07-04,sprinkles,sprinkle,0
6851,f07-024a-07-05,sacred,sacred,1
6852,f07-024a-07-06,salt,salt,1
6853,f07-024a-07-07,from,from,1
6854,f07-024a-08-00,lifted,lifted,1
6855,f07-024a-08-01,urns,urns,1
6856,f07-024b-01-00,known,known,1
6857,f07-024b-01-01,any,any,1
6858,f07-024b-01-02,way,way,1
6859,f07-024b-01-03,of,of,1
6860,f07-024b-01-04,cooking,cooling,0
6861,f07-024b-01-05,meat,meat,1
6862,f07-024b-02-00,except,except,1
6863,f07-024b-02-01,by,by,1
6864,f07-024b-02-02,roasting,trusting,0
6865,f07-024b-02-03,and,and,1
6866,f07-024b-02-04,boiling,boiling,1
6867,f07-024b-02-05,.,.,1
6868,f07-024b-02-06,When,When,1
6869,f07-024b-03-00,Achilles,Achilles,1
6870,f07-024b-03-01,gave,gave,1
6871,f07-024b-03-02,a,a,1
6872,f07-024b-03-03,royal,royal,1
6873,f07-024b-03-04,feast,feast,1
6874,f07-024b-03-05,the,the,1
6875,f07-024b-03-06,principal,principal,1
6876,f07-024b-04-00,dish,wish,0
6877,f07-024b-04-01,was,was,1
6878,f07-024b-04-02,a,a,1
6879,f07-024b-04-03,grill,grill,1
6880,f07-024b-04-04,",",I,0
6881,f07-024b-04-05,which,which,1
6882,f07-024b-04-06,he,be,0
6883,f07-024b-04-07,cooked,cooled,0
6884,f07-024b-04-08,himself,himself,1
6885,f07-024b-04-09,",",I,0
6886,f07-024b-07-00,throws,grows,0
6887,f07-024b-07-01,a,a,1
6888,f07-024b-07-02,bed,bed,1
6889,f07-024b-07-03,of,of,1
6890,f07-024b-07-04,glowing,flowing,0
6891,f07-024b-07-05,embers,members,0
6892,f07-024b-07-06,wide,wide,1
6893,f07-024b-07-07,;,;,1
6894,f07-024b-08-00,Above,Above,1
6895,f07-024b-08-01,the,the,1
6896,f07-024b-08-02,coals,coals,1
6897,f07-024b-08-03,the,the,1
6898,f07-024b-08-04,smoking,molding,0
6899,f07-024b-08-05,fragment,fragment,1
6900,f07-024b-09-00,turns,turns,1
6901,f07-024b-09-01,",",",",1
6902,f07-024b-09-02,And,And,1
6903,f07-024b-09-03,sprinkles,sprimbiles,0
6904,f07-024b-09-04,sacred,sacred,1
6905,f07-024b-09-05,salt,salt,1
6906,f07-024b-10-00,from,from,1
6907,f07-024b-10-01,lifted,lifted,1
6908,f07-024b-10-02,urns,runs,0
6909,f07-024b-10-03,.,.,1
6910,f07-028a-01-00,fireproof,firepoot,0
6911,f07-028a-01-01,earthenware,earthenware,1
6912,f07-028a-01-02,from,from,1
6913,f07-028a-01-03,the,the,1
6914,f07-028a-01-04,Egyptians,Egyptians,1
6915,f07-028a-01-05,",",",",1
6916,f07-028a-01-06,their,their,1
6917,f07-028a-01-07,cookery,cooler,0
6918,f07-028a-02-00,made,made,1
6919,f07-028a-02-01,rapid,rapid,1
6920,f07-028a-02-02,progress,progress,1
6921,f07-028a-02-03,",",",",1
6922,f07-028a-02-04,because,because,1
6923,f07-028a-02-05,they,the,0
6924,f07-028a-02-06,were,were,1
6925,f07-028a-02-07,men,men,1
6926,f07-028a-02-08,of,of,1
6927,f07-028a-02-09,taste,taste,1
6928,f07-028a-03-00,and,and,1
6929,f07-028a-03-01,intellect,intellect,1
6930,f07-028a-03-02,.,.,1
6931,f07-028a-03-03,A,A,1
6932,f07-028a-03-04,remarkable,remarkable,1
6933,f07-028a-03-05,peculiarity,peculiarity,1
6934,f07-028a-03-06,in,in,1
6935,f07-028a-03-07,the,the,1
6936,f07-028a-03-08,banquets,banquets,1
6937,f07-028a-04-00,of,of,1
6938,f07-028a-04-01,the,the,1
6939,f07-028a-04-02,ancient,ancient,1
6940,f07-028a-04-03,world,world,1
6941,f07-028a-04-04,was,was,1
6942,f07-028a-04-05,the,the,1
6943,f07-028a-04-06,fact,fact,1
6944,f07-028a-04-07,that,that,1
6945,f07-028a-04-08,they,they,1
6946,f07-028a-04-09,did,did,1
6947,f07-028a-04-10,not,not,1
6948,f07-028a-05-00,confine,confine,1
6949,f07-028a-05-01,the,the,1
6950,f07-028a-05-02,resources,resources,1
6951,f07-028a-05-03,of,of,1
6952,f07-028a-05-04,the,the,1
6953,f07-028a-05-05,table,table,1
6954,f07-028a-05-06,to,to,1
6955,f07-028a-05-07,the,the,1
6956,f07-028a-05-08,gratification,gratification,1
6957,f07-028a-06-00,of,of,1
6958,f07-028a-06-01,one,one,1
6959,f07-028a-06-02,sense,sense,1
6960,f07-028a-06-03,alone,alone,1
6961,f07-028a-06-04,.,.,1
6962,f07-028a-06-05,Having,Having,1
6963,f07-028a-06-06,exhausted,exhausted,1
6964,f07-028a-06-07,their,their,1
6965,f07-028a-06-08,invention,invention,1
6966,f07-028a-07-00,in,is,0
6967,f07-028a-07-01,the,the,1
6968,f07-028a-07-02,preparation,preparation,1
6969,f07-028a-07-03,of,of,1
6970,f07-028a-07-04,stimulants,stimulants,1
6971,f07-028a-07-05,for,for,1
6972,f07-028a-07-06,the,the,1
6973,f07-028a-07-07,palate,palate,1
6974,f07-028a-07-08,",",",",1
6975,f07-028a-08-00,they,they,1
6976,f07-028a-08-01,broke,broke,1
6977,f07-028a-08-02,fresh,fresh,1
6978,f07-028a-08-03,ground,ground,1
6979,f07-028a-08-04,and,and,1
6980,f07-028a-08-05,called,called,1
6981,f07-028a-08-06,another,another,1
6982,f07-028a-08-07,sense,sense,1
6983,f07-028a-09-00,to,to,1
6984,f07-028a-09-01,their,their,1
6985,f07-028a-09-02,aid,aid,1
6986,f07-028a-09-03,.,.,1
6987,f07-032a-02-00,fainting,painting,0
6988,f07-032a-02-01,appetite,appetite,1
6989,f07-032a-02-02,and,and,1
6990,f07-032a-02-03,added,added,1
6991,f07-032a-02-04,a,a,1
6992,f07-032a-02-05,more,more,1
6993,f07-032a-02-06,exquisite,exquisite,1
6994,f07-032a-02-07,and,and,1
6995,f07-032a-03-00,ethereal,cereal,0
6996,f07-032a-03-01,enjoyment,enjoyment,1
6997,f07-032a-03-02,to,to,1
6998,f07-032a-03-03,the,the,1
6999,f07-032a-03-04,grosser,Prosser,0
7000,f07-032a-03-05,pleasures,pleasures,1
7001,f07-032a-03-06,of,of,1
7002,f07-032a-03-07,the,the,1
7003,f07-032a-05-00,was,was,1
7004,f07-032a-05-01,a,a,1
7005,f07-032a-05-02,subject,subject,1
7006,f07-032a-05-03,of,of,1
7007,f07-032a-05-04,no,no,1
7008,f07-032a-05-05,little,little,1
7009,f07-032a-05-06,importance,importance,1
7010,f07-032a-05-07,to,to,1
7011,f07-032a-05-08,the,the,1
7012,f07-032a-05-09,Romans,Romans,1
7013,f07-032a-05-10,.,.,1
7014,f07-032a-06-00,They,They,1
7015,f07-032a-06-01,considered,considered,1
7016,f07-032a-06-02,flowers,flowers,1
7017,f07-032a-06-03,as,as,1
7018,f07-032a-06-04,forming,forming,1
7019,f07-032a-06-05,a,a,1
7020,f07-032a-06-06,very,very,1
7021,f07-032a-06-07,essential,essential,1
7022,f07-032a-08-00,opinion,opinion,1
7023,f07-032a-08-01,of,of,1
7024,f07-032a-08-02,Bassius,Bassis,0
7025,f07-032a-08-03,that,that,1
7026,f07-032a-08-04,at,at,1
7027,f07-032a-08-05,their,their,1
7028,f07-032a-08-06,desserts,desserts,1
7029,f07-032a-08-07,the,the,1
7030,f07-032a-09-00,number,number,1
7031,f07-032a-09-01,of,of,1
7032,f07-032a-09-02,flowers,flowers,1
7033,f07-032a-09-03,far,for,0
7034,f07-032a-09-04,exceeded,exceeded,1
7035,f07-032a-09-05,the,the,1
7036,f07-032a-09-06,number,number,1
7037,f07-032a-10-00,of,of,1
7038,f07-032a-10-01,fruits,fruits,1
7039,f07-032a-10-02,.,.,1
7040,f07-039a-01-00,and,and,1
7041,f07-039a-01-01,flowers,flowers,1
7042,f07-039a-01-02,proved,proved,1
7043,f07-039a-01-03,of,of,1
7044,f07-039a-01-04,sovereign,sovereign,1
7045,f07-039a-01-05,power,power,1
7046,f07-039a-02-00,clarifying,clarifying,1
7047,f07-039a-02-01,the,the,1
7048,f07-039a-02-02,functions,functions,1
7049,f07-039a-02-03,of,of,1
7050,f07-039a-02-04,the,the,1
7051,f07-039a-02-05,brain,brain,1
7052,f07-039a-02-06,.,.,1
7053,f07-039a-02-07,It,It,1
7054,f07-039a-03-00,is,is,1
7055,f07-039a-03-01,said,said,1
7056,f07-039a-03-02,that,that,1
7057,f07-039a-03-03,there,There,0
7058,f07-039a-03-04,is,is,1
7059,f07-039a-03-05,nothing,nothing,1
7060,f07-039a-03-06,new,new,1
7061,f07-039a-03-07,under,under,1
7062,f07-039a-04-00,the,the,1
7063,f07-039a-04-01,sun,sun,1
7064,f07-039a-04-02,",",),0
7065,f07-039a-04-03,but,but,1
7066,f07-039a-04-04,regarding,regarding,1
7067,f07-039a-04-05,foodstuffs,foodstinft,0
7068,f07-039a-04-06,the,The,0
7069,f07-039a-05-00,traveller,traveller,1
7070,f07-039a-05-01,occasionally,occasionally,1
7071,f07-039a-05-02,encounters,encountered,0
7072,f07-039a-05-03,a,a,1
7073,f07-039a-05-04,certain,certain,1
7074,f07-039a-06-00,measure,measure,1
7075,f07-039a-06-01,of,of,1
7076,f07-039a-06-02,novelty,novelty,1
7077,f07-039a-06-03,.,.,1
7078,f07-042a-01-00,a,a,1
7079,f07-042a-01-01,delicacy,delicacy,1
7080,f07-042a-01-02,.,.,1
7081,f07-042a-01-03,The,the,0
7082,f07-042a-01-04,visitor,visitor,1
7083,f07-042a-01-05,is,is,1
7084,f07-042a-01-06,told,told,1
7085,f07-042a-01-07,that,that,1
7086,f07-042a-02-00,they,they,1
7087,f07-042a-02-01,restore,restore,1
7088,f07-042a-02-02,the,the,1
7089,f07-042a-02-03,hair,hair,1
7090,f07-042a-02-04,of,of,1
7091,f07-042a-02-05,the,the,1
7092,f07-042a-02-06,bald,bold,0
7093,f07-042a-02-07,and,and,1
7094,f07-042a-02-08,that,that,1
7095,f07-042a-03-00,a,a,1
7096,f07-042a-03-01,stewed,stewed,1
7097,f07-042a-03-02,black,black,1
7098,f07-042a-03-03,rat,not,0
7099,f07-042a-03-04,will,will,1
7100,f07-042a-03-05,ward,word,0
7101,f07-042a-03-06,off,off,1
7102,f07-042a-03-07,a,a,1
7103,f07-042a-03-08,fever,given,0
7104,f07-042a-03-09,.,",",0
7105,f07-042a-04-00,A,#,0
7106,f07-042a-04-01,number,number,1
7107,f07-042a-04-02,of,of,1
7108,f07-042a-04-03,newly-born,new-born,0
7109,f07-042a-04-04,white,while,0
7110,f07-042a-04-05,mice,mice,1
7111,f07-042a-04-06,served,served,1
7112,f07-042a-05-00,alive,alive,1
7113,f07-042a-05-01,",",",",1
7114,f07-042a-05-02,dipped,dumped,0
7115,f07-042a-05-03,in,in,1
7116,f07-042a-05-04,treacle,trade,0
7117,f07-042a-05-05,and,and,1
7118,f07-042a-05-06,swallowed,allowed,0
7119,f07-042a-06-00,like,like,1
7120,f07-042a-06-01,a,a,1
7121,f07-042a-06-02,prairie,prairie,1
7122,f07-042a-06-03,oyster,writer,0
7123,f07-042a-06-04,is,'s,0
7124,f07-042a-06-05,considered,considered,1
7125,f07-042a-06-06,a,a,1
7126,f07-042a-07-00,piece,piece,1
7127,f07-042a-07-01,of,of,1
7128,f07-042a-07-02,resistance,resistance,1
7129,f07-042a-07-03,.,.,1
7130,f07-046a-00-00,Among,Simmons,0
7131,f07-046a-00-01,the,the,1
7132,f07-046a-00-02,natives,motives,0
7133,f07-046a-00-03,of,of,1
7134,f07-046a-00-04,Northern,Northern,1
7135,f07-046a-00-05,Australia,frustration,0
7136,f07-046a-00-06,lizards,inwards,0
7137,f07-046a-01-00,roasted,roasted,1
7138,f07-046a-01-01,on,on,1
7139,f07-046a-01-02,the,the,1
7140,f07-046a-01-03,point,point,1
7141,f07-046a-01-04,of,of,1
7142,f07-046a-01-05,a,a,1
7143,f07-046a-01-06,spear,spear,1
7144,f07-046a-01-07,are,are,1
7145,f07-046a-02-00,definitely,definitely,1
7146,f07-046a-02-01,a,a,1
7147,f07-046a-02-02,delicacy,delicacy,1
7148,f07-046a-02-03,while,while,1
7149,f07-046a-02-04,Mediterranean,attetiterranean,0
7150,f07-046a-03-00,peoples,peoples,1
7151,f07-046a-03-01,have,have,1
7152,f07-046a-03-02,a,a,1
7153,f07-046a-03-03,high,high,1
7154,f07-046a-03-04,opinion,opinion,1
7155,f07-046a-03-05,of,of,1
7156,f07-046a-03-06,the,the,1
7157,f07-046a-03-07,octopus,octopus,1
7158,f07-046a-05-00,and,and,1
7159,f07-046a-05-01,the,the,1
7160,f07-046a-05-02,Chinese,Chinese,1
7161,f07-046a-05-03,.,.,1
7162,f07-046a-05-04,The,the,0
7163,f07-046a-05-05,Celestials,Celertials,0
7164,f07-046a-05-06,",",",",1
7165,f07-046a-05-07,apart,apart,1
7166,f07-046a-09-00,of,of,1
7167,f07-046a-09-01,it,it,1
7168,f07-046a-09-02,in,in,1
7169,f07-046a-09-03,almost,almost,1
7170,f07-046a-09-04,any,any,1
7171,f07-046a-09-05,provision,production,0
7172,f07-046a-09-06,shop,stop,0
7173,f07-046a-09-07,.,.,1
7174,f07-069-00-00,Foodlore,Folklore,0
7175,f07-069-00-01,reflects,reflects,1
7176,f07-069-00-02,much,much,1
7177,f07-069-00-03,more,more,1
7178,f07-069-00-04,of,of,1
7179,f07-069-00-05,national,national,1
7180,f07-069-00-06,temperament,temperament,1
7181,f07-069-01-00,than,than,1
7182,f07-069-01-01,is,is,1
7183,f07-069-01-02,customarily,customarily,1
7184,f07-069-01-03,imagined,imagined,1
7185,f07-069-01-04,as,as,1
7186,f07-069-01-05,well,well,1
7187,f07-069-01-06,as,as,1
7188,f07-069-01-07,entering,entering,1
7189,f07-069-01-08,human,human,1
7190,f07-069-02-00,activities,activities,1
7191,f07-069-02-01,to,to,1
7192,f07-069-02-02,a,a,1
7193,f07-069-02-03,greater,greater,1
7194,f07-069-02-04,extent,extent,1
7195,f07-069-02-05,than,than,1
7196,f07-069-02-06,is,is,1
7197,f07-069-02-07,usually,usually,1
7198,f07-069-02-08,assumed,assumed,1
7199,f07-069-02-09,.,.,1
7200,f07-069-03-00,We,We,1
7201,f07-069-03-01,naturally,naturally,1
7202,f07-069-03-02,cannot,cannot,1
7203,f07-069-03-03,overlook,overlook,1
7204,f07-069-03-04,that,that,1
7205,f07-069-03-05,Magyar,Mayor,0
7206,f07-069-03-06,cookery,cooler,0
7207,f07-069-03-07,owes,over,0
7208,f07-069-04-00,one,one,1
7209,f07-069-04-01,of,of,1
7210,f07-069-04-02,its,its,1
7211,f07-069-04-03,most,most,1
7212,f07-069-04-04,classic,classic,1
7213,f07-069-04-05,features,features,1
7214,f07-069-04-06,to,to,1
7215,f07-069-04-07,the,the,1
7216,f07-069-04-08,Turkish,Turkish,1
7217,f07-069-04-09,rule,rule,1
7218,f07-069-04-10,under,under,1
7219,f07-069-05-00,which,which,1
7220,f07-069-05-01,the,the,1
7221,f07-069-05-02,Hungarians,Hungarian,0
7222,f07-069-05-03,groaned,groaned,1
7223,f07-069-05-04,for,for,1
7224,f07-069-05-05,nearly,nearly,1
7225,f07-069-05-06,200,200,1
7226,f07-069-05-07,years,years,1
7227,f07-069-05-08,.,.,1
7228,f07-069-06-00,If,If,1
7229,f07-069-06-01,that,that,1
7230,f07-069-06-02,country,country,1
7231,f07-069-06-03,had,had,1
7232,f07-069-06-04,not,not,1
7233,f07-069-06-05,been,Been,0
7234,f07-069-06-06,for,for,1
7235,f07-069-06-07,so,so,1
7236,f07-069-06-08,long,long,1
7237,f07-069-06-09,a,a,1
7238,f07-069-06-10,battlefield,battlefield,1
7239,f07-069-06-11,red,red,1
7240,f07-069-07-00,with,with,1
7241,f07-069-07-01,the,the,1
7242,f07-069-07-02,blood,blood,1
7243,f07-069-07-03,shed,shed,1
7244,f07-069-07-04,to,to,1
7245,f07-069-07-05,defend,defend,1
7246,f07-069-07-06,Christian,Christian,1
7247,f07-069-07-07,civilisation,civilization,0
7248,f07-069-07-08,",",",",1
7249,f07-069-08-00,Hungary,Hungary,1
7250,f07-069-08-01,would,would,1
7251,f07-069-08-02,have,have,1
7252,f07-069-08-03,been,been,1
7253,f07-069-08-04,deprived,deprived,1
7254,f07-069-08-05,of,of,1
7255,f07-069-08-06,the,the,1
7256,f07-069-08-07,condiment,condiments,0
7257,f07-069-08-08,which,which,1
7258,f07-069-09-00,provides,provides,1
7259,f07-069-09-01,many,many,1
7260,f07-069-09-02,Magyar,Mayor,0
7261,f07-069-09-03,dishes,wishes,0
7262,f07-069-09-04,with,with,1
7263,f07-069-09-05,a,a,1
7264,f07-069-09-06,vivid,vivid,1
7265,f07-069-09-07,and,and,1
7266,f07-069-09-08,brilliant,Brilliant,0
7267,f07-073-00-00,The,The,1
7268,f07-073-00-01,Austrian,Austrian,1
7269,f07-073-00-02,cuisine,cuisine,1
7270,f07-073-00-03,embraces,embraces,1
7271,f07-073-00-04,the,the,1
7272,f07-073-00-05,delectable,detectable,0
7273,f07-073-00-06,6Wiener,EWliener,0
7274,f07-073-01-00,Schnitzel,Shmitael,0
7275,f07-073-01-01,as,as,1
7276,f07-073-01-02,well,well,1
7277,f07-073-01-03,as,as,1
7278,f07-073-01-04,dishes,dishes,1
7279,f07-073-01-05,and,and,1
7280,f07-073-01-06,stews,stews,1
7281,f07-073-01-07,heightened,heightened,1
7282,f07-073-01-08,with,with,1
7283,f07-073-02-00,aromatics,aromatic,0
7284,f07-073-02-01,where,where,1
7285,f07-073-02-02,the,the,1
7286,f07-073-02-03,paprika,parted,0
7287,f07-073-02-04,insinuates,insinuates,1
7288,f07-073-02-05,its,its,1
7289,f07-073-02-06,perfidious,perfidious,1
7290,f07-073-03-00,fire,fire,1
7291,f07-073-03-01,",",",",1
7292,f07-073-03-02,aerian,Brian,0
7293,f07-073-03-03,creams,creams,1
7294,f07-073-03-04,",",",",1
7295,f07-073-03-05,ingenious,ingenious,1
7296,f07-073-03-06,pastries,nastier,0
7297,f07-073-03-07,and,and,1
7298,f07-073-03-08,a,a,1
7299,f07-073-04-00,crescent-shaped,corescent-fropiat,0
7300,f07-073-04-01,breakfast,breakfast,1
7301,f07-073-04-02,roll,moll,0
7302,f07-073-04-03,created,created,1
7303,f07-073-04-04,by,by,1
7304,f07-073-04-05,a,a,1
7305,f07-073-04-06,pastry,pastry,1
7306,f07-073-04-07,cook,cook,1
7307,f07-073-04-08,to,to,1
7308,f07-073-05-00,celebrate,Celebrate,0
7309,f07-073-05-01,the,the,1
7310,f07-073-05-02,victory,victory,1
7311,f07-073-05-03,against,against,1
7312,f07-073-05-04,the,the,1
7313,f07-073-05-05,Turks,Turks,1
7314,f07-073-05-06,in,in,1
7315,f07-073-05-07,1683,1893,0
7316,f07-073-05-08,.,.,1
7317,f07-073-05-09,Spanish,parish,0
7318,f07-073-07-00,and,and,1
7319,f07-073-07-01,of,of,1
7320,f07-073-07-02,Goja,dogma,0
7321,f07-073-07-03,:,:,1
7322,f07-073-07-04,it,it,1
7323,f07-073-07-05,is,is,1
7324,f07-073-07-06,vivid,lived,0
7325,f07-073-07-07,",",",",1
7326,f07-073-07-08,highly,highly,1
7327,f07-073-07-09,coloured,coloured,1
7328,f07-073-07-10,",",",",1
7329,f07-073-07-11,sometimes,sometimes,1
7330,f07-073-08-00,Quixotic,Unirotic,0
7331,f07-073-08-01,and,and,1
7332,f07-073-08-02,withal,withal,1
7333,f07-073-08-03,it,it,1
7334,f07-073-08-04,has,has,1
7335,f07-073-08-05,a,a,1
7336,f07-073-08-06,sombre,sombre,1
7337,f07-073-08-07,ardour,ardor,0
7338,f07-073-08-08,",",",",1
7339,f07-073-08-09,with,with,1
7340,f07-073-09-00,streaks,streaks,1
7341,f07-073-09-01,of,of,1
7342,f07-073-09-02,poetry,poetry,1
7343,f07-073-09-03,",",",",1
7344,f07-073-09-04,meat,meat,1
7345,f07-073-09-05,disguised,disguised,1
7346,f07-073-09-06,under,under,1
7347,f07-073-09-07,heavy,heavy,1
7348,f07-073-09-08,and,and,1
7349,f07-073-09-09,vehement,vehement,1
7350,f07-076a-00-00,The,The,1
7351,f07-076a-00-01,Czechoslovak,Czechoslovalk,0
7352,f07-076a-00-02,kitchen,kitchen,1
7353,f07-076a-00-03,",",",",1
7354,f07-076a-00-04,again,again,1
7355,f07-076a-00-05,",",",",1
7356,f07-076a-00-06,is,is,1
7357,f07-076a-01-00,so,so,1
7358,f07-076a-01-01,languorous,languorous,1
7359,f07-076a-01-02,",",",",1
7360,f07-076a-01-03,so,so,1
7361,f07-076a-01-04,passionate,passionate,1
7362,f07-076a-01-05,",",",",1
7363,f07-076a-01-06,and,and,1
7364,f07-076a-02-00,possibly,possibly,1
7365,f07-076a-02-01,comparable,comparable,1
7366,f07-076a-02-02,alone,alone,1
7367,f07-076a-02-03,to,to,1
7368,f07-076a-02-04,a,a,1
7369,f07-076a-02-05,gypsy,9psy,0
7370,f07-076a-03-00,melody,melody,1
7371,f07-076a-03-01,.,.,1
7372,f07-076a-03-02,The,The,1
7373,f07-076a-03-03,paprika,capital,0
7374,f07-076a-03-04,and,and,1
7375,f07-076a-03-05,caraway,caraway,1
7376,f07-076a-03-06,perfume,perfume,1
7377,f07-076a-04-00,the,the,1
7378,f07-076a-04-01,meats,meats,1
7379,f07-076a-04-02,with,with,1
7380,f07-076a-04-03,their,their,1
7381,f07-076a-04-04,antithesis,antithesis,1
7382,f07-076a-04-05,.,.,1
7383,f07-076a-04-06,The,The,1
7384,f07-076a-05-00,opulent,opulent,1
7385,f07-076a-05-01,varieties,varieties,1
7386,f07-076a-05-02,of,of,1
7387,f07-076a-05-03,Czechoslovak,Cechroslovadk,0
7388,f07-076a-05-04,past-,past,0
7389,f07-076a-06-00,ries,lies,0
7390,f07-076a-06-01,recall,recall,1
7391,f07-076a-06-02,in,in,1
7392,f07-076a-06-03,fact,fact,1
7393,f07-076a-06-04,the,the,1
7394,f07-076a-06-05,rich,rich,1
7395,f07-076a-06-06,heritage,heritage,1
7396,f07-076a-07-00,of,of,1
7397,f07-076a-07-01,rich,rich,1
7398,f07-076a-07-02,embroideries,embroideries,1
7399,f07-076a-07-03,and,and,1
7400,f07-076a-07-04,costumes,costumes,1
7401,f07-076a-08-00,specifically,specifically,1
7402,f07-076a-08-01,national,national,1
7403,f07-076a-08-02,.,.,1
7404,f07-076a-08-03,The,The,1
7405,f07-076a-08-04,art,art,1
7406,f07-076a-08-05,and,and,1
7407,f07-076a-10-00,essentially,essentially,1
7408,f07-076a-10-01,French,French,1
7409,f07-076a-10-02,",",",",1
7410,f07-076a-10-03,and,and,1
7411,f07-076a-10-04,",",",",1
7412,f07-076a-10-05,irrespective,irrespective,1
7413,f07-076a-10-06,of,of,1
7414,f07-081a-00-00,The,The,1
7415,f07-081a-00-01,French,French,1
7416,f07-081a-00-02,have,have,1
7417,f07-081a-00-03,an,an,1
7418,f07-081a-00-04,inborn,inborn,1
7419,f07-081a-00-05,appreciation,appreciation,1
7420,f07-081a-01-00,of,of,1
7421,f07-081a-01-01,good,good,1
7422,f07-081a-01-02,food,food,1
7423,f07-081a-01-03,and,and,1
7424,f07-081a-01-04,the,the,1
7425,f07-081a-01-05,gusto,gusto,1
7426,f07-081a-01-06,which,which,1
7427,f07-081a-01-07,they,they,1
7428,f07-081a-02-00,derive,derive,1
7429,f07-081a-02-01,from,from,1
7430,f07-081a-02-02,gastronomy,gastronomy,1
7431,f07-081a-02-03,is,is,1
7432,f07-081a-02-04,intellectual,intellectual,1
7433,f07-081a-03-00,and,and,1
7434,f07-081a-03-01,aesthetic,aesthetic,1
7435,f07-081a-03-02,as,as,1
7436,f07-081a-03-03,well,well,1
7437,f07-081a-03-04,as,as,1
7438,f07-081a-03-05,physical,physical,1
7439,f07-081a-03-06,.,.,1
7440,f07-081a-04-00,There,There,1
7441,f07-081a-04-01,is,is,1
7442,f07-081a-04-02,the,the,1
7443,f07-081a-04-03,same,same,1
7444,f07-081a-04-04,finesse,fitness,0
7445,f07-081a-04-05,about,about,1
7446,f07-081a-04-06,their,their,1
7447,f07-081a-05-00,feeding,feeding,1
7448,f07-081a-05-01,",",",",1
7449,f07-081a-05-02,the,the,1
7450,f07-081a-05-03,same,same,1
7451,f07-081a-05-04,subtle,subtle,1
7452,f07-081a-05-05,delicacy,delicacy,1
7453,f07-081a-05-06,of,of,1
7454,f07-081a-06-00,touch,touch,1
7455,f07-081a-06-01,",",",",1
7456,f07-081a-06-02,the,the,1
7457,f07-081a-06-03,same,same,1
7458,f07-081a-06-04,unfailing,unfailing,1
7459,f07-081a-06-05,sense,sense,1
7460,f07-081a-06-06,of,of,1
7461,f07-081a-07-00,proportion,proportion,1
7462,f07-081a-07-01,as,as,1
7463,f07-081a-07-02,exists,exists,1
7464,f07-081a-07-03,among,among,1
7465,f07-081a-07-04,her,her,1
7466,f07-081a-08-00,writers,writers,1
7467,f07-081a-08-01,",",',0
7468,f07-081a-08-02,music,music,1
7469,f07-081a-08-03,composers,composers,1
7470,f07-081a-08-04,and,and,1
7471,f07-081a-08-05,other,other,1
7472,f07-081a-09-00,exponents,exponents,1
7473,f07-081a-09-01,of,of,1
7474,f07-081a-09-02,things,things,1
7475,f07-081a-09-03,that,that,1
7476,f07-081a-09-04,are,are,1
7477,f07-081a-10-00,typically,typically,1
7478,f07-081a-10-01,French,French,1
7479,f07-081a-10-02,.,.,1
7480,f07-096-00-00,Wagner,Wagner,1
7481,f07-096-00-01,was,was,1
7482,f07-096-00-02,a,a,1
7483,f07-096-00-03,highly,highly,1
7484,f07-096-00-04,practical,practical,1
7485,f07-096-00-05,feeder,feeder,1
7486,f07-096-00-06,.,.,1
7487,f07-096-00-07,He,the,0
7488,f07-096-00-08,ate,ate,1
7489,f07-096-00-09,very,very,1
7490,f07-096-00-10,fast,fast,1
7491,f07-096-00-11,",",",",1
7492,f07-096-01-00,placing,placing,1
7493,f07-096-01-01,his,his,1
7494,f07-096-01-02,food,food,1
7495,f07-096-01-03,in,in,1
7496,f07-096-01-04,his,his,1
7497,f07-096-01-05,mouth,month,0
7498,f07-096-01-06,and,and,1
7499,f07-096-01-07,gulping,gulling,0
7500,f07-096-01-08,it,it,1
7501,f07-096-01-09,down,down,1
7502,f07-096-01-10,as,as,1
7503,f07-096-02-00,he,he,1
7504,f07-096-02-01,talked,talked,1
7505,f07-096-02-02,.,.,1
7506,f07-096-02-03,Brigham,Bright,0
7507,f07-096-02-04,Young,Young,1
7508,f07-096-02-05,would,would,1
7509,f07-096-02-06,make,make,1
7510,f07-096-02-07,a,a,1
7511,f07-096-02-08,dinner,simmer,0
7512,f07-096-02-09,on,a,0
7513,f07-096-02-10,tripe,tape,0
7514,f07-096-03-00,which,which,1
7515,f07-096-03-01,he,he,1
7516,f07-096-03-02,washed,wished,0
7517,f07-096-03-03,down,down,1
7518,f07-096-03-04,with,with,1
7519,f07-096-03-05,beer,beer,1
7520,f07-096-03-06,.,",",0
7521,f07-096-03-07,A,A,1
7522,f07-096-03-08,writer,writ,0
7523,f07-096-03-09,who,who,1
7524,f07-096-03-10,had,had,1
7525,f07-096-03-11,dinner,died,0
7526,f07-096-04-00,with,with,1
7527,f07-096-04-01,Dickens,Dickens,1
7528,f07-096-04-02,says,bags,0
7529,f07-096-04-03,the,the,1
7530,f07-096-04-04,menu,fence,0
7531,f07-096-04-05,was,was,1
7532,f07-096-04-06,Whitstable,Whittable,0
7533,f07-096-04-07,oysters,listen,0
7534,f07-096-04-08,",",",",1
7535,f07-096-04-09,a,a,1
7536,f07-096-04-10,brown,brown,1
7537,f07-096-05-00,sole,sole,1
7538,f07-096-05-01,",",I,0
7539,f07-096-05-02,a,a,1
7540,f07-096-05-03,baked,baked,1
7541,f07-096-05-04,leg,le,0
7542,f07-096-05-05,of,of,1
7543,f07-096-05-06,mutton,mutton,1
7544,f07-096-05-07,with,with,1
7545,f07-096-05-08,oyster,oyster,1
7546,f07-096-05-09,&,real,0
7547,f07-096-05-10,veal,stiff,0
7548,f07-096-05-11,stuffing,and,0
7549,f07-096-05-12,and,a,0
7550,f07-096-05-13,a,.,0
7551,f07-096-06-00,gin,air,0
7552,f07-096-06-01,punch,punch,1
7553,f07-096-06-02,.,.,1
7554,f07-081b-00-00,The,The,1
7555,f07-081b-00-01,French,french,0
7556,f07-081b-00-02,have,have,1
7557,f07-081b-00-03,an,an,1
7558,f07-081b-00-04,inborn,inborn,1
7559,f07-081b-00-05,appreciation,appreciation,1
7560,f07-081b-00-06,of,of,1
7561,f07-081b-00-07,good,good,1
7562,f07-081b-00-08,food,food,1
7563,f07-081b-00-09,and,and,1
7564,f07-081b-01-00,the,the,1
7565,f07-081b-01-01,gusto,gusto,1
7566,f07-081b-01-02,which,which,1
7567,f07-081b-01-03,they,they,1
7568,f07-081b-01-04,derive,derive,1
7569,f07-081b-01-05,from,from,1
7570,f07-081b-01-06,gastronomy,gastronomy,1
7571,f07-081b-01-07,is,is,1
7572,f07-081b-01-08,intellectual,intellectual,1
7573,f07-081b-02-00,and,and,1
7574,f07-081b-02-01,aesthetic,aesthetic,1
7575,f07-081b-02-02,as,as,1
7576,f07-081b-02-03,well,well,1
7577,f07-081b-02-04,as,as,1
7578,f07-081b-02-05,physical,physical,1
7579,f07-081b-02-06,.,.,1
7580,f07-081b-02-07,There,There,1
7581,f07-081b-02-08,is,is,1
7582,f07-081b-02-09,the,the,1
7583,f07-081b-02-10,same,same,1
7584,f07-081b-02-11,finesse,fitness,0
7585,f07-081b-03-00,about,about,1
7586,f07-081b-03-01,their,their,1
7587,f07-081b-03-02,feeding,feeding,1
7588,f07-081b-03-03,",",',0
7589,f07-081b-03-04,the,the,1
7590,f07-081b-03-05,same,same,1
7591,f07-081b-03-06,subtle,subtle,1
7592,f07-081b-03-07,delicacy,delicacy,1
7593,f07-081b-03-08,of,of,1
7594,f07-081b-03-09,touch,touch,1
7595,f07-081b-03-10,",",",",1
7596,f07-081b-04-00,the,the,1
7597,f07-081b-04-01,same,same,1
7598,f07-081b-04-02,unfailing,unfailing,1
7599,f07-081b-04-03,sense,sense,1
7600,f07-081b-04-04,of,of,1
7601,f07-081b-04-05,proportion,proportion,1
7602,f07-081b-04-06,as,as,1
7603,f07-081b-04-07,exists,exists,1
7604,f07-081b-04-08,among,among,1
7605,f07-081b-05-00,her,her,1
7606,f07-081b-05-01,writers,writers,1
7607,f07-081b-05-02,",",",",1
7608,f07-081b-05-03,music,music,1
7609,f07-081b-05-04,composers,composers,1
7610,f07-081b-05-05,and,and,1
7611,f07-081b-05-06,other,other,1
7612,f07-081b-05-07,exponents,exponents,1
7613,f07-081b-05-08,of,of,1
7614,f07-081b-06-00,things,things,1
7615,f07-081b-06-01,that,that,1
7616,f07-081b-06-02,are,are,1
7617,f07-081b-06-03,typically,typically,1
7618,f07-081b-06-04,French,French,1
7619,f07-081b-06-05,.,.,1
7620,f07-084a-00-00,The,The,1
7621,f07-084a-00-01,"""","""",1
7622,f07-084a-00-02,pot-au-feu,pot-an-few,0
7623,f07-084a-00-03,"""","""",1
7624,f07-084a-00-04,is,is,1
7625,f07-084a-00-05,as,as,1
7626,f07-084a-00-06,much,much,1
7627,f07-084a-00-07,a,a,1
7628,f07-084a-00-08,national,national,1
7629,f07-084a-01-00,institution,institution,1
7630,f07-084a-01-01,in,in,1
7631,f07-084a-01-02,France,France,1
7632,f07-084a-01-03,as,as,1
7633,f07-084a-01-04,is,is,1
7634,f07-084a-01-05,tea,tea,1
7635,f07-084a-01-06,drinking,drinking,1
7636,f07-084a-02-00,among,among,1
7637,f07-084a-02-01,ourselves,ourselves,1
7638,f07-084a-02-02,and,and,1
7639,f07-084a-02-03,it,it,1
7640,f07-084a-02-04,is,is,1
7641,f07-084a-02-05,prepared,prepared,1
7642,f07-084a-02-06,at,at,1
7643,f07-084a-03-00,least,least,1
7644,f07-084a-03-01,once,once,1
7645,f07-084a-03-02,a,a,1
7646,f07-084a-03-03,week,week,1
7647,f07-084a-03-04,in,in,1
7648,f07-084a-03-05,every,every,1
7649,f07-084a-03-06,bourgeois,bourgeois,1
7650,f07-084a-04-00,household,household,1
7651,f07-084a-04-01,.,.,1
7652,f07-084a-04-02,Thackeray,Thckcialy,0
7653,f07-084a-04-03,",",",",1
7654,f07-084a-04-04,of,of,1
7655,f07-084a-04-05,course,course,1
7656,f07-084a-04-06,",",",",1
7657,f07-084a-05-00,waxed,waxed,1
7658,f07-084a-05-01,enthusiastic,enthusiastic,1
7659,f07-084a-05-02,about,about,1
7660,f07-084a-05-03,Bouilla-,Bouilla-,1
7661,f07-084a-06-00,baisse,base,0
7662,f07-084a-06-01,and,and,1
7663,f07-084a-06-02,sang,sang,1
7664,f07-084a-06-03,-,-,1
7665,f07-084a-06-04,This,This,1
7666,f07-084a-06-05,Bouillabaisse,Bauiltaboisse,0
7667,f07-084a-07-00,a,a,1
7668,f07-084a-07-01,noble,noble,1
7669,f07-084a-07-02,dish,clash,0
7670,f07-084a-07-03,is,is,1
7671,f07-084a-07-04,",",",",1
7672,f07-084a-07-05,A,It,0
7673,f07-084a-07-06,sort,sort,1
7674,f07-084a-07-07,of,of,1
7675,f07-084a-07-08,soup,soup,1
7676,f07-084a-07-09,",",",",1
7677,f07-084a-07-10,or,or,1
7678,f07-084a-08-00,broth,broth,1
7679,f07-084a-08-01,",",",",1
7680,f07-084a-08-02,or,or,1
7681,f07-084a-08-03,brew,brew,1
7682,f07-084a-08-04,",",",",1
7683,f07-084a-08-05,A,A,1
7684,f07-084a-08-06,hotch-potch,hoteh-potch,0
7685,f07-084a-08-07,of,of,1
7686,f07-084a-08-08,all,all,1
7687,f07-084a-09-00,sorts,sorts,1
7688,f07-084a-09-01,of,of,1
7689,f07-084a-09-02,fishes,fishes,1
7690,f07-084a-09-03,That,That,1
7691,f07-084a-09-04,Greenwich,Greenwich,1
7692,f07-084a-09-05,never,never,1
7693,f07-084a-10-00,could,could,1
7694,f07-084a-10-01,outdo,outdo,1
7695,f07-084a-10-02,;,:,0
7696,f07-084a-10-03,Green,been,0
7697,f07-084a-10-04,herbs,herbs,1
7698,f07-084a-10-05,",",",",1
7699,f07-084a-10-06,red,red,1
7700,f07-084a-10-07,peppers,pepper,0
7701,f07-084a-10-08,",",",",1
7702,f07-084b-01-00,in,in,1
7703,f07-084b-01-01,France,France,1
7704,f07-084b-01-02,as,as,1
7705,f07-084b-01-03,is,is,1
7706,f07-084b-01-04,tea,tea,1
7707,f07-084b-01-05,drinking,drinking,1
7708,f07-084b-01-06,among,among,1
7709,f07-084b-01-07,ourselves,ourselves,1
7710,f07-084b-01-08,and,and,1
7711,f07-084b-01-09,it,it,1
7712,f07-084b-01-10,is,is,1
7713,f07-084b-02-00,prepared,prepared,1
7714,f07-084b-02-01,at,at,1
7715,f07-084b-02-02,least,least,1
7716,f07-084b-02-03,once,once,1
7717,f07-084b-02-04,a,a,1
7718,f07-084b-02-05,week,week,1
7719,f07-084b-02-06,in,in,1
7720,f07-084b-02-07,every,every,1
7721,f07-084b-02-08,bourgeois,bourgeois,1
7722,f07-084b-03-00,household,household,1
7723,f07-084b-03-01,.,.,1
7724,f07-084b-03-02,Thackeray,Thackeray,1
7725,f07-084b-03-03,",",",",1
7726,f07-084b-03-04,of,of,1
7727,f07-084b-03-05,course,course,1
7728,f07-084b-03-06,",",",",1
7729,f07-084b-03-07,waxed,waked,0
7730,f07-084b-03-08,enthusiastic,enthusiastic,1
7731,f07-084b-04-00,about,about,1
7732,f07-084b-04-01,Bouillabaisse,Bamillabaisse,0
7733,f07-084b-04-02,and,and,1
7734,f07-084b-04-03,sang,sang,1
7735,f07-084b-04-04,-,-,1
7736,f07-084b-04-05,This,This,1
7737,f07-084b-04-06,Bouillabaisse,Bomillabaisse,0
7738,f07-084b-04-07,a,a,1
7739,f07-084b-05-00,noble,mobile,0
7740,f07-084b-05-01,dish,dish,1
7741,f07-084b-05-02,is,is,1
7742,f07-084b-05-03,",",",",1
7743,f07-084b-05-04,A,A,1
7744,f07-084b-05-05,sort,sort,1
7745,f07-084b-05-06,of,of,1
7746,f07-084b-05-07,soup,soup,1
7747,f07-084b-05-08,",",",",1
7748,f07-084b-05-09,or,or,1
7749,f07-084b-05-10,broth,broth,1
7750,f07-084b-05-11,",",",",1
7751,f07-084b-05-12,or,or,1
7752,f07-084b-05-13,brew,area,0
7753,f07-084b-05-14,",",',0
7754,f07-084b-06-00,A,A,1
7755,f07-084b-06-01,hotch-potch,hotok-patch,0
7756,f07-084b-06-02,of,of,1
7757,f07-084b-06-03,all,all,1
7758,f07-084b-06-04,sorts,sorts,1
7759,f07-084b-06-05,of,of,1
7760,f07-084b-06-06,fishes,fishes,1
7761,f07-084b-06-07,That,That,1
7762,f07-084b-06-08,Greenwich,Greenwich,1
7763,f07-084b-07-00,never,never,1
7764,f07-084b-07-01,could,could,1
7765,f07-084b-07-02,outdo,outdo,1
7766,f07-084b-07-03,;,;,1
7767,f07-084b-07-04,Green,green,0
7768,f07-084b-07-05,herbs,herbs,1
7769,f07-084b-07-06,",",",",1
7770,f07-084b-07-07,red,red,1
7771,f07-084b-07-08,peppers,pepper,0
7772,f07-084b-07-09,",",",",1
7773,f07-084b-07-10,mussels,mussels,1
7774,f07-084b-07-11,",",",",1
7775,f07-084b-08-00,saffron,saffron,1
7776,f07-084b-08-01,",",",",1
7777,f07-084b-08-02,Soles,soles,0
7778,f07-084b-08-03,",",",",1
7779,f07-084b-08-04,onions,onions,1
7780,f07-084b-08-05,",",",",1
7781,f07-084b-08-06,garlic,garlic,1
7782,f07-084b-08-07,",",",",1
7783,f07-084b-08-08,roach,rock,0
7784,f07-084b-08-09,and,and,1
7785,f07-084b-08-10,dace,dance,0
7786,f07-084b-08-11,.,.,1
7787,f07-088a-00-00,A,A,1
7788,f07-088a-00-01,fascinating,fascinating,1
7789,f07-088a-00-02,study,study,1
7790,f07-088a-00-03,also,also,1
7791,f07-088a-00-04,opens,opens,1
7792,f07-088a-00-05,up,up,1
7793,f07-088a-00-06,in,in,1
7794,f07-088a-01-00,the,the,1
7795,f07-088a-01-01,dietary,dietary,1
7796,f07-088a-01-02,welcomed,welcomed,1
7797,f07-088a-01-03,by,by,1
7798,f07-088a-01-04,men,men,1
7799,f07-088a-01-05,of,of,1
7800,f07-088a-01-06,genius,genius,1
7801,f07-088a-02-00,as,as,1
7802,f07-088a-02-01,well,well,1
7803,f07-088a-02-02,as,as,1
7804,f07-088a-02-03,the,the,1
7805,f07-088a-02-04,foods,foods,1
7806,f07-088a-02-05,for,for,1
7807,f07-088a-02-06,which,which,1
7808,f07-088a-02-07,they,they,1
7809,f07-088a-02-08,have,have,1
7810,f07-088a-03-00,had,had,1
7811,f07-088a-03-01,an,an,1
7812,f07-088a-03-02,aversion,aversion,1
7813,f07-088a-03-03,.,.,1
7814,f07-088a-03-04,Shelley,Shelley,1
7815,f07-088a-03-05,",",",",1
7816,f07-088a-03-06,for,for,1
7817,f07-088a-03-07,example,example,1
7818,f07-088a-03-08,",",",",1
7819,f07-088a-04-00,had,had,1
7820,f07-088a-04-01,a,a,1
7821,f07-088a-04-02,great,great,1
7822,f07-088a-04-03,contempt,contempt,1
7823,f07-088a-04-04,for,for,1
7824,f07-088a-04-05,animal,animal,1
7825,f07-088a-05-00,food,food,1
7826,f07-088a-05-01,",",',0
7827,f07-088a-05-02,believing,believing,1
7828,f07-088a-05-03,that,that,1
7829,f07-088a-05-04,it,it,1
7830,f07-088a-05-05,impaired,impaired,1
7831,f07-088a-05-06,the,the,1
7832,f07-088a-07-00,fast,fast,1
7833,f07-088a-07-01,and,and,1
7834,f07-088a-07-02,supper,supper,1
7835,f07-088a-07-03,consisted,consisted,1
7836,f07-088a-07-04,of,of,1
7837,f07-088a-07-05,a,a,1
7838,f07-088a-08-00,piece,piece,1
7839,f07-088a-08-01,of,of,1
7840,f07-088a-08-02,coarse,coarse,1
7841,f07-088a-08-03,bread,bread,1
7842,f07-088a-08-04,and,and,1
7843,f07-088a-08-05,a,a,1
7844,f07-088a-09-00,bowl,boat,0
7845,f07-088a-09-01,of,of,1
7846,f07-088a-09-02,milk,milk,1
7847,f07-088a-09-03,.,.,1
7848,f07-088b-00-00,A,A,1
7849,f07-088b-00-01,fascinating,fascinating,1
7850,f07-088b-00-02,study,study,1
7851,f07-088b-00-03,also,all,0
7852,f07-088b-00-04,opens,opens,1
7853,f07-088b-00-05,up,up,1
7854,f07-088b-00-06,in,in,1
7855,f07-088b-00-07,the,the,1
7856,f07-088b-00-08,dietary,dietary,1
7857,f07-088b-01-00,welcomed,welcomed,1
7858,f07-088b-01-01,by,by,1
7859,f07-088b-01-02,men,men,1
7860,f07-088b-01-03,of,of,1
7861,f07-088b-01-04,genius,genius,1
7862,f07-088b-01-05,as,on,0
7863,f07-088b-01-06,well,well,1
7864,f07-088b-01-07,as,as,1
7865,f07-088b-01-08,the,the,1
7866,f07-088b-01-09,foods,food,0
7867,f07-088b-01-10,for,for,1
7868,f07-088b-02-00,which,which,1
7869,f07-088b-02-01,they,play,0
7870,f07-088b-02-02,have,have,1
7871,f07-088b-02-03,had,had,1
7872,f07-088b-02-04,an,an,1
7873,f07-088b-02-05,aversion,aversion,1
7874,f07-088b-02-06,.,.,1
7875,f07-088b-02-07,Shelley,Shelley,1
7876,f07-088b-02-08,",",",",1
7877,f07-088b-02-09,for,for,1
7878,f07-088b-02-10,example,example,1
7879,f07-088b-02-11,",",",",1
7880,f07-088b-03-00,had,and,0
7881,f07-088b-03-01,a,a,1
7882,f07-088b-03-02,great,great,1
7883,f07-088b-03-03,contempt,contempt,1
7884,f07-088b-03-04,for,for,1
7885,f07-088b-03-05,animal,animal,1
7886,f07-088b-03-06,food,food,1
7887,f07-088b-03-07,",",I,0
7888,f07-088b-03-08,believing,leaving,0
7889,f07-088b-03-09,that,that,1
7890,f07-088b-04-00,it,it,1
7891,f07-088b-04-01,#,#,1
7892,f07-088b-04-02,impaired,imported,0
7893,f07-088b-04-03,the,the,1
7894,f07-088b-04-04,intellectual,intellectual,1
7895,f07-088b-04-05,faculties,faculties,1
7896,f07-088b-04-06,.,.,1
7897,f07-088b-04-07,Bunyan's,Bryan's,0
7898,f07-088b-05-00,breakfast,breatfunt,0
7899,f07-088b-05-01,and,and,1
7900,f07-088b-05-02,supper,supper,1
7901,f07-088b-05-03,consisted,consisted,1
7902,f07-088b-05-04,of,of,1
7903,f07-088b-05-05,a,a,1
7904,f07-088b-05-06,piece,piece,1
7905,f07-088b-05-07,of,of,1
7906,f07-088b-05-08,coarse,course,0
7907,f07-088b-05-09,bread,bread,1
7908,f07-088b-06-00,and,and,1
7909,f07-088b-06-01,a,a,1
7910,f07-088b-06-02,bowl,soul,0
7911,f07-088b-06-03,of,of,1
7912,f07-088b-06-04,milk,with,0
7913,f07-088b-06-05,.,.,1
7914,f07-092a-00-00,Dante,Dance,0
7915,f07-092a-00-01,Gabriel,Gabriel,1
7916,f07-092a-00-02,Rossetti,Rosselth,0
7917,f07-092a-00-03,had,had,1
7918,f07-092a-00-04,simple,simple,1
7919,f07-092a-00-05,tastes,tastes,1
7920,f07-092a-01-00,in,in,1
7921,f07-092a-01-01,food,food,1
7922,f07-092a-01-02,.,.,1
7923,f07-092a-01-03,At,At,1
7924,f07-092a-01-04,one,one,1
7925,f07-092a-01-05,dinner,dinner,1
7926,f07-092a-01-06,he,he,1
7927,f07-092a-01-07,is,is,1
7928,f07-092a-01-08,said,said,1
7929,f07-092a-01-09,to,to,1
7930,f07-092a-01-10,have,have,1
7931,f07-092a-02-00,been,been,1
7932,f07-092a-02-01,blind,blind,1
7933,f07-092a-02-02,to,to,1
7934,f07-092a-02-03,the,the,1
7935,f07-092a-02-04,charms,charms,1
7936,f07-092a-02-05,of,of,1
7937,f07-092a-02-06,turbot,trot,0
7938,f07-092a-02-07,and,and,1
7939,f07-092a-03-00,to,to,1
7940,f07-092a-03-01,have,have,1
7941,f07-092a-03-02,been,been,1
7942,f07-092a-03-03,much,much,1
7943,f07-092a-03-04,more,more,1
7944,f07-092a-03-05,interested,interested,1
7945,f07-092a-04-00,in,in,1
7946,f07-092a-04-01,the,the,1
7947,f07-092a-04-02,dish,clash,0
7948,f07-092a-04-03,in,in,1
7949,f07-092a-04-04,which,which,1
7950,f07-092a-04-05,it,it,1
7951,f07-092a-04-06,was,was,1
7952,f07-092a-04-07,served,seized,0
7953,f07-092a-04-08,.,.,1
7954,f07-092a-04-09,He,He,1
7955,f07-092a-05-00,turned,turned,1
7956,f07-092a-05-01,it,it,1
7957,f07-092a-05-02,over,over,1
7958,f07-092a-05-03,on,on,1
7959,f07-092a-05-04,the,the,1
7960,f07-092a-05-05,table,table,1
7961,f07-092a-05-06,cloth,cloth,1
7962,f07-092a-05-07,to,to,1
7963,f07-092a-06-00,examine,examine,1
7964,f07-092a-06-01,the,the,1
7965,f07-092a-06-02,marks,marks,1
7966,f07-092a-06-03,on,on,1
7967,f07-092a-06-04,the,the,1
7968,f07-092a-06-05,back,back,1
7969,f07-092a-07-00,without,without,1
7970,f07-092a-07-01,going,going,1
7971,f07-092a-07-02,through,through,1
7972,f07-092a-07-03,the,the,1
7973,f07-092a-07-04,formality,formality,1
7974,f07-092a-08-00,of,of,1
7975,f07-092a-08-01,having,having,1
7976,f07-092a-08-02,his,his,1
7977,f07-092a-08-03,turbot,trot,0
7978,f07-092a-08-04,removed,removed,1
7979,f07-092a-08-05,first,first,1
7980,f07-092a-08-06,.,.,1
7981,f07-092b-00-00,Dante,Dante,1
7982,f07-092b-00-01,Gabriel,Gabriel,1
7983,f07-092b-00-02,Rossetti,Ronietti,0
7984,f07-092b-00-03,had,had,1
7985,f07-092b-00-04,simple,simple,1
7986,f07-092b-00-05,tastes,tasks,0
7987,f07-092b-00-06,in,in,1
7988,f07-092b-00-07,food,food,1
7989,f07-092b-00-08,.,.,1
7990,f07-092b-00-09,At,At,1
7991,f07-092b-00-10,one,one,1
7992,f07-092b-01-00,dinner,dimes,0
7993,f07-092b-01-01,he,he,1
7994,f07-092b-01-02,is,is,1
7995,f07-092b-01-03,said,said,1
7996,f07-092b-01-04,to,to,1
7997,f07-092b-01-05,have,have,1
7998,f07-092b-01-06,been,been,1
7999,f07-092b-01-07,blind,blind,1
8000,f07-092b-01-08,to,to,1
8001,f07-092b-01-09,the,the,1
8002,f07-092b-01-10,charms,charms,1
8003,f07-092b-01-11,of,of,1
8004,f07-092b-02-00,turbot,tube,0
8005,f07-092b-02-01,and,and,1
8006,f07-092b-02-02,to,to,1
8007,f07-092b-02-03,have,have,1
8008,f07-092b-02-04,been,been,1
8009,f07-092b-02-05,much,much,1
8010,f07-092b-02-06,more,more,1
8011,f07-092b-02-07,interested,interested,1
8012,f07-092b-02-08,in,in,1
8013,f07-092b-02-09,the,the,1
8014,f07-092b-04-00,on,An,0
8015,f07-092b-04-01,the,the,1
8016,f07-092b-04-02,table,table,1
8017,f07-092b-04-03,cloth,cloth,1
8018,f07-092b-04-04,to,to,1
8019,f07-092b-04-05,examine,examine,1
8020,f07-092b-04-06,the,the,1
8021,f07-092b-04-07,marks,make,0
8022,f07-092b-04-08,on,on,1
8023,f07-092b-04-09,the,the,1
8024,f07-092b-04-10,back,back,1
8025,f07-092b-05-00,without,without,1
8026,f07-092b-05-01,going,going,1
8027,f07-092b-05-02,through,through,1
8028,f07-092b-05-03,the,the,1
8029,f07-092b-05-04,formality,formality,1
8030,f07-092b-05-05,of,of,1
8031,f07-092b-05-06,having,having,1
8032,f07-092b-05-07,his,his,1
8033,f07-092b-05-08,turbot,tutor,0
8034,f07-092b-06-00,removed,removed,1
8035,f07-092b-06-01,first,first,1
8036,f07-092b-06-02,.,",",0
8037,f07-101b-00-00,The,the,0
8038,f07-101b-00-01,same,same,1
8039,f07-101b-00-02,man,man,1
8040,f07-101b-00-03,went,went,1
8041,f07-101b-00-04,to,to,1
8042,f07-101b-00-05,see,see,1
8043,f07-101b-00-06,Carlyle,Carlisle,0
8044,f07-101b-00-07,",",",",1
8045,f07-101b-00-08,and,and,1
8046,f07-101b-00-09,",",",",1
8047,f07-101b-00-10,after,after,1
8048,f07-101b-00-11,mentioning,mentioning,1
8049,f07-101b-01-00,that,that,1
8050,f07-101b-01-01,he,he,1
8051,f07-101b-01-02,had,had,1
8052,f07-101b-01-03,dined,dined,1
8053,f07-101b-01-04,with,with,1
8054,f07-101b-01-05,Longfellow,Sonsfillow,0
8055,f07-101b-01-06,told,told,1
8056,f07-101b-01-07,the,the,1
8057,f07-101b-01-08,sage,bush,0
8058,f07-101b-01-09,a,a,1
8059,f07-101b-02-00,very,very,1
8060,f07-101b-02-01,funny,funny,1
8061,f07-101b-02-02,story,story,1
8062,f07-101b-02-03,which,which,1
8063,f07-101b-02-04,made,made,1
8064,f07-101b-02-05,Carlyle,Cologne,0
8065,f07-101b-02-06,absolutely,absolutely,1
8066,f07-101b-02-07,laugh,laugh,1
8067,f07-101b-02-08,;,;,1
8068,f07-101b-03-00,but,but,1
8069,f07-101b-03-01,all,all,1
8070,f07-101b-03-02,the,the,1
8071,f07-101b-03-03,Chelsea,chosen,0
8072,f07-101b-03-04,philosopher,philosopher,1
8073,f07-101b-03-05,did,did,1
8074,f07-101b-03-06,in,in,1
8075,f07-101b-03-07,return,return,1
8076,f07-101b-03-08,was,was,1
8077,f07-101b-03-09,to,to,1
8078,f07-101b-04-00,ask,cask,0
8079,f07-101b-04-01,if,if,1
8080,f07-101b-04-02,his,his,1
8081,f07-101b-04-03,guest,guest,1
8082,f07-101b-04-04,would,would,1
8083,f07-101b-04-05,have,have,1
8084,f07-101b-04-06,a,a,1
8085,f07-101b-04-07,cup,Cap,0
8086,f07-101b-04-08,of,of,1
8087,f07-101b-04-09,tea,fer,0
8088,f07-101b-04-10,!,!,1
8089,g01-004-00-00,It,It,1
8090,g01-004-00-01,was,was,1
8091,g01-004-00-02,naturally,naturally,1
8092,g01-004-00-03,a,a,1
8093,g01-004-00-04,highly,highly,1
8094,g01-004-00-05,popular,popular,1
8095,g01-004-00-06,victory,victory,1
8096,g01-004-00-07,with,with,1
8097,g01-004-00-08,the,the,1
8098,g01-004-01-00,Londoners,Londoner,0
8099,g01-004-01-01,",",",",1
8100,g01-004-01-02,but,but,1
8101,g01-004-01-03,it,it,1
8102,g01-004-01-04,brought,brought,1
8103,g01-004-01-05,heavy,heavy,1
8104,g01-004-01-06,censure,censure,1
8105,g01-004-01-07,from,from,1
8106,g01-004-01-08,nobles,nobles,1
8107,g01-004-02-00,who,who,1
8108,g01-004-02-01,still,still,1
8109,g01-004-02-02,believed,believed,1
8110,g01-004-02-03,that,that,1
8111,g01-004-02-04,they,they,1
8112,g01-004-02-05,had,had,1
8113,g01-004-02-06,a,a,1
8114,g01-004-02-07,monopoly,monopoly,1
8115,g01-004-02-08,of,of,1
8116,g01-004-03-00,leadership,leadership,1
8117,g01-004-03-01,.,.,1
8118,g01-004-03-02,But,But,1
8119,g01-004-03-03,",",",",1
8120,g01-004-03-04,at,at,1
8121,g01-004-03-05,last,last,1
8122,g01-004-03-06,",",",",1
8123,g01-004-03-07,Gaunt,count,0
8124,g01-004-03-08,sailed,sailed,1
8125,g01-004-03-09,.,.,1
8126,g01-004-03-10,Opposing,opposing,0
8127,g01-004-04-00,him,him,1
8128,g01-004-04-01,was,was,1
8129,g01-004-04-02,the,the,1
8130,g01-004-04-03,French,French,1
8131,g01-004-04-04,Admiral,Admiralty,0
8132,g01-004-04-05,",",",",1
8133,g01-004-04-06,Jean,Dean,0
8134,g01-004-04-07,de,de,1
8135,g01-004-04-08,Vienne,Vienne,1
8136,g01-004-04-09,-,-,1
8137,g01-004-05-00,a,a,1
8138,g01-004-05-01,great,great,1
8139,g01-004-05-02,sailor,Sailor,0
8140,g01-004-05-03,and,and,1
8141,g01-004-05-04,an,an,1
8142,g01-004-05-05,able,able,1
8143,g01-004-05-06,strategist,strategists,0
8144,g01-004-05-07,.,.,1
8145,g01-008-00-00,Obedient,obedient,0
8146,g01-008-00-01,to,to,1
8147,g01-008-00-02,the,the,1
8148,g01-008-00-03,policy,policy,1
8149,g01-008-00-04,of,of,1
8150,g01-008-00-05,his,his,1
8151,g01-008-00-06,King,King,1
8152,g01-008-00-07,",",",",1
8153,g01-008-00-08,de,de,1
8154,g01-008-00-09,Vienne,Vienne,1
8155,g01-008-00-10,avoided,avoided,1
8156,g01-008-01-00,trouble,trouble,1
8157,g01-008-01-01,at,at,1
8158,g01-008-01-02,sea,sea,1
8159,g01-008-01-03,as,as,1
8160,g01-008-01-04,cleverly,Beverly,0
8161,g01-008-01-05,as,as,1
8162,g01-008-01-06,Du,an,0
8163,g01-008-01-07,Guesclin,Guesclin,1
8164,g01-008-01-08,avoided,avoided,1
8165,g01-008-01-09,it,it,1
8166,g01-008-02-00,on,on,1
8167,g01-008-02-01,land,land,1
8168,g01-008-02-02,.,.,1
8169,g01-008-02-03,Gaunt,count,0
8170,g01-008-02-04,was,was,1
8171,g01-008-02-05,compelled,compelled,1
8172,g01-008-02-06,to,to,1
8173,g01-008-02-07,give,give,1
8174,g01-008-02-08,up,up,1
8175,g01-008-02-09,his,his,1
8176,g01-008-02-10,search,each,0
8177,g01-008-02-11,for,for,1
8178,g01-008-03-00,an,an,1
8179,g01-008-03-01,elusive,elusive,1
8180,g01-008-03-02,foe,foe,1
8181,g01-008-03-03,",",",",1
8182,g01-008-03-04,and,and,1
8183,g01-008-03-05,",",",",1
8184,g01-008-03-06,afraid,afraid,1
8185,g01-008-03-07,to,to,1
8186,g01-008-03-08,return,return,1
8187,g01-008-03-09,home,home,1
8188,g01-008-03-10,without,without,1
8189,g01-008-04-00,something,something,1
8190,g01-008-04-01,to,to,1
8191,g01-008-04-02,show,show,1
8192,g01-008-04-03,",",",",1
8193,g01-008-04-04,he,he,1
8194,g01-008-04-05,foolishly,foolishly,1
8195,g01-008-04-06,attempted,attempted,1
8196,g01-008-04-07,to,to,1
8197,g01-008-04-08,besiege,besiege,1
8198,g01-008-05-00,the,the,1
8199,g01-008-05-01,well-protected,well-proteded,0
8200,g01-008-05-02,fortress,fortress,1
8201,g01-008-05-03,of,of,1
8202,g01-008-05-04,St,St,1
8203,g01-008-05-05,Malo,Mao,0
8204,g01-008-05-06,.,.,1
8205,g01-008-05-07,This,This,1
8206,g01-008-06-00,involved,involved,1
8207,g01-008-06-01,the,the,1
8208,g01-008-06-02,dreary,dream,0
8209,g01-008-06-03,method,method,1
8210,g01-008-06-04,of,of,1
8211,g01-008-06-05,mining,mining,1
8212,g01-008-06-06,operations,operations,1
8213,g01-008-06-07,in,is,0
8214,g01-008-07-00,which,which,1
8215,g01-008-07-01,Gaunt,aunt,0
8216,g01-008-07-02,",",",",1
8217,g01-008-07-03,under,under,1
8218,g01-008-07-04,the,the,1
8219,g01-008-07-05,Black,Black,1
8220,g01-008-07-06,Prince,Prince,1
8221,g01-008-07-07,",",",",1
8222,g01-008-07-08,had,had,1
8223,g01-008-07-09,shown,shown,1
8224,g01-008-08-00,considerable,considerable,1
8225,g01-008-08-01,skill,shill,0
8226,g01-008-08-02,at,at,1
8227,g01-008-08-03,the,the,1
8228,g01-008-08-04,siege,siege,1
8229,g01-008-08-05,of,of,1
8230,g01-008-08-06,Limoges,images,0
8231,g01-008-08-07,.,.,1
8232,g01-012-00-00,When,when,0
8233,g01-012-00-01,all,all,1
8234,g01-012-00-02,seemed,seemed,1
8235,g01-012-00-03,to,to,1
8236,g01-012-00-04,be,be,1
8237,g01-012-00-05,going,going,1
8238,g01-012-00-06,well,well,1
8239,g01-012-00-07,",",",",1
8240,g01-012-00-08,a,a,1
8241,g01-012-00-09,sortie,parties,0
8242,g01-012-00-10,surprised,surprised,1
8243,g01-012-01-00,moment,moment,1
8244,g01-012-01-01,had,had,1
8245,g01-012-01-02,charge,charge,1
8246,g01-012-01-03,of,of,1
8247,g01-012-01-04,the,a,0
8248,g01-012-01-05,mine,nine,0
8249,g01-012-01-06,;,;,1
8250,g01-012-01-07,the,the,1
8251,g01-012-01-08,mine,nine,0
8252,g01-012-01-09,collapsed,collapsed,1
8253,g01-012-02-00,fame,fall,0
8254,g01-012-02-01,and,and,1
8255,g01-012-02-02,glory,glory,1
8256,g01-012-02-03,.,.,1
8257,g01-012-02-04,Gaunt,found,0
8258,g01-012-02-05,was,was,1
8259,g01-012-02-06,compelled,compelled,1
8260,g01-012-02-07,to,to,1
8261,g01-012-02-08,return,return,1
8262,g01-012-03-00,even,even,1
8263,g01-012-03-01,despised,despised,1
8264,g01-012-03-02,failure,failures,0
8265,g01-012-03-03,.,I,0
8266,g01-012-03-04,The,he,0
8267,g01-012-03-05,',",",0
8268,g01-012-03-06,ribald,ribald,1
8269,g01-012-03-07,',",",0
8270,g01-012-03-08,Londoners,Laudouerd,0
8271,g01-012-03-09,",",",",1
8272,g01-012-03-10,who,who,1
8273,g01-012-04-00,Hawley,Valley,0
8274,g01-012-04-01,",",",",1
8275,g01-012-04-02,were,were,1
8276,g01-012-04-03,also,also,1
8277,g01-012-04-04,expressing,expressing,1
8278,g01-012-04-05,their,their,1
8279,g01-012-04-06,disappointment,disappointment,1
8280,g01-012-05-00,comparing,comparing,1
8281,g01-012-05-01,the,the,1
8282,g01-012-05-02,failure,failure,1
8283,g01-012-05-03,of,of,1
8284,g01-012-05-04,a,a,1
8285,g01-012-05-05,subsidized,subsidized,1
8286,g01-012-05-06,duke,duke,1
8287,g01-012-06-00,citizen,citizen,1
8288,g01-012-06-01,.,.,1
8289,g01-016-00-00,These,These,1
8290,g01-016-00-01,dreary,dreary,1
8291,g01-016-00-02,years,years,1
8292,g01-016-00-03,of,of,1
8293,g01-016-00-04,ineffective,ineffective,1
8294,g01-016-00-05,fighting,fighting,1
8295,g01-016-00-06,provide,provide,1
8296,g01-016-01-00,obvious,obvious,1
8297,g01-016-01-01,morals,morals,1
8298,g01-016-01-02,for,for,1
8299,g01-016-01-03,those,those,1
8300,g01-016-01-04,who,who,1
8301,g01-016-01-05,are,are,1
8302,g01-016-01-06,judges,judges,1
8303,g01-016-01-07,long,long,1
8304,g01-016-02-00,after,after,1
8305,g01-016-02-01,the,the,1
8306,g01-016-02-02,event,event,1
8307,g01-016-02-03,.,.,1
8308,g01-016-02-04,It,It,1
8309,g01-016-02-05,seems,seems,1
8310,g01-016-02-06,obvious,obvious,1
8311,g01-016-02-07,that,that,1
8312,g01-016-02-08,",",",",1
8313,g01-016-02-09,though,though,1
8314,g01-016-03-00,the,the,1
8315,g01-016-03-01,longbows,loughowo,0
8316,g01-016-03-02,of,of,1
8317,g01-016-03-03,yeomen,yeoman,0
8318,g01-016-03-04,could,could,1
8319,g01-016-03-05,pierce,pierce,1
8320,g01-016-03-06,the,the,1
8321,g01-016-04-00,plate,plate,1
8322,g01-016-04-01,and,and,1
8323,g01-016-04-02,mail,fail,0
8324,g01-016-04-03,of,of,1
8325,g01-016-04-04,French,crouch,0
8326,g01-016-04-05,knights,rights,0
8327,g01-016-04-06,",",",",1
8328,g01-016-04-07,a,a,1
8329,g01-016-04-08,brilliant,billet,0
8330,g01-016-05-00,battle,battle,1
8331,g01-016-05-01,was,was,1
8332,g01-016-05-02,no,10,0
8333,g01-016-05-03,substitute,aubotitule,0
8334,g01-016-05-04,for,for,1
8335,g01-016-05-05,a,I,0
8336,g01-016-05-06,sound,could,0
8337,g01-016-05-07,policy,policy,1
8338,g01-016-05-08,",",",",1
8339,g01-016-06-00,and,and,1
8340,g01-016-06-01,that,that,1
8341,g01-016-06-02,",",",",1
8342,g01-016-06-03,if,if,1
8343,g01-016-06-04,archers,aides,0
8344,g01-016-06-05,had,had,1
8345,g01-016-06-06,no,us,0
8346,g01-016-06-07,target,target,1
8347,g01-016-06-08,",",",",1
8348,g01-016-06-09,campaigns,campaigns,1
8349,g01-016-07-00,became,became,1
8350,g01-016-07-01,mere,were,0
8351,g01-016-07-02,marauding,marsuding,0
8352,g01-016-07-03,route,route,1
8353,g01-016-07-04,marches,marries,0
8354,g01-016-07-05,.,.,1
8355,g01-019-00-00,It,It,1
8356,g01-019-00-01,seems,seems,1
8357,g01-019-00-02,obvious,obvious,1
8358,g01-019-00-03,that,that,1
8359,g01-019-00-04,if,if,1
8360,g01-019-00-05,an,an,1
8361,g01-019-00-06,expedition,exposition,0
8362,g01-019-00-07,to,to,1
8363,g01-019-01-00,Brittany,Brittany,1
8364,g01-019-01-01,was,was,1
8365,g01-019-01-02,compelled,compelled,1
8366,g01-019-01-03,to,to,1
8367,g01-019-01-04,attack,attack,1
8368,g01-019-01-05,via,no,0
8369,g01-019-01-06,Calais,again,0
8370,g01-019-01-07,",",",",1
8371,g01-019-02-00,then,then,1
8372,g01-019-02-01,the,the,1
8373,g01-019-02-02,primary,primary,1
8374,g01-019-02-03,essential,essential,1
8375,g01-019-02-04,to,to,1
8376,g01-019-02-05,the,the,1
8377,g01-019-02-06,success,success,1
8378,g01-019-04-00,command,common,0
8379,g01-019-04-01,of,of,1
8380,g01-019-04-02,the,the,1
8381,g01-019-04-03,Channel,Cliaual,0
8382,g01-019-04-04,.,.,1
8383,g01-019-04-05,It,It,1
8384,g01-019-04-06,seems,seems,1
8385,g01-019-04-07,obvious,obvious,1
8386,g01-019-05-00,that,that,1
8387,g01-019-05-01,divided,divided,1
8388,g01-019-05-02,forces,forced,0
8389,g01-019-05-03,were,were,1
8390,g01-019-05-04,dissipating,chonipating,0
8391,g01-019-05-05,the,the,1
8392,g01-019-06-00,advantages,advantage,0
8393,g01-019-06-01,of,of,1
8394,g01-019-06-02,a,a,1
8395,g01-019-06-03,ring,may,0
8396,g01-019-06-04,of,of,1
8397,g01-019-06-05,bridge-heads,briade-heards,0
8398,g01-019-06-06,which,which,1
8399,g01-019-06-07,included,included,1
8400,g01-019-07-00,Calais,again,0
8401,g01-019-07-01,",",",",1
8402,g01-019-07-02,Cherbourg,Cherbourg,1
8403,g01-019-07-03,",",",",1
8404,g01-019-07-04,Brest,trot,0
8405,g01-019-07-05,",",",",1
8406,g01-019-07-06,Bordeaux,Bordeaux,1
8407,g01-019-07-07,and,sed,0
8408,g01-019-07-08,Bayonne,young,0
8409,g01-019-07-09,",",",",1
8410,g01-019-08-00,and,and,1
8411,g01-019-08-01,that,that,1
8412,g01-019-08-02,there,there,1
8413,g01-019-08-03,was,was,1
8414,g01-019-08-04,no,co,0
8415,g01-019-08-05,hope,hope,1
8416,g01-019-08-06,of,of,1
8417,g01-019-08-07,final,final,1
8418,g01-019-08-08,victory,victory,1
8419,g01-019-09-00,without,without,1
8420,g01-019-09-01,a,I,0
8421,g01-019-09-02,large-scale,lasge-sooble,0
8422,g01-019-09-03,and,and,1
8423,g01-019-09-04,concentrated,concentrated,1
8424,g01-019-09-05,invasion,invasion,1
8425,g01-019-09-06,.,.,1
8426,g01-025-00-00,In,In,1
8427,g01-025-00-01,this,this,1
8428,g01-025-00-02,cruel,cruel,1
8429,g01-025-00-03,process,process,1
8430,g01-025-00-04,which,which,1
8431,g01-025-00-05,was,was,1
8432,g01-025-01-00,hammering,shimmering,0
8433,g01-025-01-01,out,out,1
8434,g01-025-01-02,nations,nations,1
8435,g01-025-01-03,on,on,1
8436,g01-025-01-04,the,the,1
8437,g01-025-01-05,anvils,anvil,0
8438,g01-025-01-06,of,of,1
8439,g01-025-02-00,war,war,1
8440,g01-025-02-01,",",",",1
8441,g01-025-02-02,there,there,1
8442,g01-025-02-03,was,was,1
8443,g01-025-02-04,a,a,1
8444,g01-025-02-05,constant,constant,1
8445,g01-025-02-06,stirring,stirring,1
8446,g01-025-02-07,of,of,1
8447,g01-025-03-00,those,those,1
8448,g01-025-03-01,in,in,1
8449,g01-025-03-02,authority,authority,1
8450,g01-025-03-03,to,to,1
8451,g01-025-03-04,find,find,1
8452,g01-025-03-05,some,some,1
8453,g01-025-03-06,simple,simple,1
8454,g01-025-04-00,way,way,1
8455,g01-025-04-01,out,out,1
8456,g01-025-04-02,of,of,1
8457,g01-025-04-03,the,the,1
8458,g01-025-04-04,complicated,complicated,1
8459,g01-025-04-05,financial,financial,1
8460,g01-025-05-00,6impasse,impasse,0
8461,g01-025-05-01,which,which,1
8462,g01-025-05-02,always,always,1
8463,g01-025-05-03,resulted,resulted,1
8464,g01-025-05-04,",",",",1
8465,g01-025-05-05,and,and,1
8466,g01-025-05-06,in,in,1
8467,g01-025-05-07,the,the,1
8468,g01-025-06-00,story,story,1
8469,g01-025-06-01,of,of,1
8470,g01-025-06-02,the,the,1
8471,g01-025-06-03,experiments,experiments,1
8472,g01-025-06-04,and,and,1
8473,g01-025-06-05,expedients,expedient,0
8474,g01-025-07-00,to,to,1
8475,g01-025-07-01,which,which,1
8476,g01-025-07-02,the,the,1
8477,g01-025-07-03,Exchequer,Exchequer,1
8478,g01-025-07-04,resorted,resorted,1
8479,g01-025-07-05,is,is,1
8480,g01-025-08-00,the,the,1
8481,g01-025-08-01,story,story,1
8482,g01-025-08-02,of,of,1
8483,g01-025-08-03,the,the,1
8484,g01-025-08-04,prelude,prelude,1
8485,g01-025-08-05,to,to,1
8486,g01-025-08-06,the,the,1
8487,g01-025-09-00,Peasants',Peasants,0
8488,g01-025-09-01,Revolt,level,0
8489,g01-025-09-02,of,of,1
8490,g01-025-09-03,1381,1831,0
8491,g01-025-09-04,.,.,1
8492,g01-027-00-00,In,In,1
8493,g01-027-00-01,appreciating,appreciating,1
8494,g01-027-00-02,this,this,1
8495,g01-027-00-03,story,story,1
8496,g01-027-00-04,",",",",1
8497,g01-027-00-05,modern,modern,1
8498,g01-027-00-06,con-,con-,1
8499,g01-027-01-00,ceptions,sections,0
8500,g01-027-01-01,of,of,1
8501,g01-027-01-02,governmental,governmental,1
8502,g01-027-01-03,duties,duties,1
8503,g01-027-01-04,must,must,1
8504,g01-027-01-05,be,be,1
8505,g01-027-02-00,set,set,1
8506,g01-027-02-01,aside,aside,1
8507,g01-027-02-02,.,.,1
8508,g01-027-02-03,A,A,1
8509,g01-027-02-04,modern,modern,1
8510,g01-027-02-05,government,government,1
8511,g01-027-02-06,needs,needs,1
8512,g01-027-03-00,taxation,taxation,1
8513,g01-027-03-01,not,not,1
8514,g01-027-03-02,merely,merely,1
8515,g01-027-03-03,for,for,1
8516,g01-027-03-04,defence,defence,1
8517,g01-027-03-05,and,and,1
8518,g01-027-04-00,offence,offence,1
8519,g01-027-04-01,but,but,1
8520,g01-027-04-02,for,for,1
8521,g01-027-04-03,a,a,1
8522,g01-027-04-04,very,very,1
8523,g01-027-04-05,wide,wide,1
8524,g01-027-04-06,range,range,1
8525,g01-027-04-07,of,of,1
8526,g01-027-05-00,social,social,1
8527,g01-027-05-01,services,services,1
8528,g01-027-05-02,.,.,1
8529,g01-027-05-03,A,At,0
8530,g01-027-05-04,mediaeval,medical,0
8531,g01-027-05-05,oligarchy,sligarchy,0
8532,g01-027-06-00,needed,needed,1
8533,g01-027-06-01,taxation,taxation,1
8534,g01-027-06-02,in,in,1
8535,g01-027-06-03,order,order,1
8536,g01-027-06-04,to,to,1
8537,g01-027-06-05,supplement,supplement,1
8538,g01-027-07-00,the,the,1
8539,g01-027-07-01,private,private,1
8540,g01-027-07-02,wealth,wealth,1
8541,g01-027-07-03,of,of,1
8542,g01-027-07-04,the,the,1
8543,g01-027-07-05,monarchy,monarch,0
8544,g01-027-09-00,crown,crown,1
8545,g01-027-09-01,lands,lands,1
8546,g01-027-09-02,",",",",1
8547,g01-027-09-03,the,the,1
8548,g01-027-09-04,fees,fees,1
8549,g01-027-09-05,of,of,1
8550,g01-027-09-06,feudalism,feudalism,1
8551,g01-031-00-00,Social,Social,1
8552,g01-031-00-01,service,service,1
8553,g01-031-00-02,as,as,1
8554,g01-031-00-03,a,a,1
8555,g01-031-00-04,function,function,1
8556,g01-031-00-05,of,of,1
8557,g01-031-00-06,government,government,1
8558,g01-031-01-00,was,was,1
8559,g01-031-01-01,quite,quite,1
8560,g01-031-01-02,alien,alien,1
8561,g01-031-01-03,to,to,1
8562,g01-031-01-04,mediaeval,medieval,0
8563,g01-031-01-05,thought,thought,1
8564,g01-031-01-06,-,-,1
8565,g01-031-01-07,its,its,1
8566,g01-031-03-00,communities,communities,1
8567,g01-031-03-01,",",",",1
8568,g01-031-03-02,whether,whether,1
8569,g01-031-03-03,those,those,1
8570,g01-031-03-04,communities,communities,1
8571,g01-031-03-05,were,were,1
8572,g01-031-04-00,monasteries,monasteries,1
8573,g01-031-04-01,",",",",1
8574,g01-031-04-02,manors,manors,1
8575,g01-031-04-03,",",",",1
8576,g01-031-04-04,townships,townships,1
8577,g01-031-04-05,",",",",1
8578,g01-031-04-06,or,or,1
8579,g01-031-04-07,wards,words,0
8580,g01-031-04-08,and,and,1
8581,g01-031-05-00,guilds,builds,0
8582,g01-031-05-01,of,of,1
8583,g01-031-05-02,a,a,1
8584,g01-031-05-03,city,city,1
8585,g01-031-05-04,.,.,1
8586,g01-031-05-05,A,A,1
8587,g01-031-05-06,mediaeval,mineral,0
8588,g01-031-05-07,tax,to,0
8589,g01-031-05-08,was,was,1
8590,g01-031-06-00,therefore,therefore,1
8591,g01-031-06-01,in,in,1
8592,g01-031-06-02,essence,essence,1
8593,g01-031-06-03,a,a,1
8594,g01-031-06-04,forced,forced,1
8595,g01-031-06-05,payment,payment,1
8596,g01-031-06-06,whose,whose,1
8597,g01-031-07-00,return,return,1
8598,g01-031-07-01,was,was,1
8599,g01-031-07-02,the,the,1
8600,g01-031-07-03,uncertain,uncertain,1
8601,g01-031-07-04,bounty,bounty,1
8602,g01-031-07-05,of,of,1
8603,g01-031-07-06,booty,booty,1
8604,g01-031-08-00,and,and,1
8605,g01-031-08-01,the,the,1
8606,g01-031-08-02,vague,vague,1
8607,g01-031-08-03,advantages,advantages,1
8608,g01-031-08-04,of,of,1
8609,g01-031-08-05,military,military,1
8610,g01-031-08-06,glory,glory,1
8611,g01-031-08-07,;,;,1
8612,g01-031-09-00,it,it,1
8613,g01-031-09-01,was,was,1
8614,g01-031-09-02,therefore,therefore,1
8615,g01-031-09-03,always,always,1
8616,g01-031-09-04,granted,granted,1
8617,g01-031-09-05,grudgingly,grudgingly,1
8618,g01-031-10-00,and,and,1
8619,g01-031-10-01,coupled,coupled,1
8620,g01-031-10-02,with,with,1
8621,g01-031-10-03,the,the,1
8622,g01-031-10-04,vain,rain,0
8623,g01-031-10-05,hope,hope,1
8624,g01-031-10-06,that,that,1
8625,g01-031-10-07,",",",",1
8626,g01-031-10-08,in,in,1
8627,g01-031-10-09,the,the,1
8628,g01-034-00-00,When,When,1
8629,g01-034-00-01,',",",0
8630,g01-034-00-02,his,his,1
8631,g01-034-00-03,',",",0
8632,g01-034-00-04,war,war,1
8633,g01-034-00-05,did,did,1
8634,g01-034-00-06,not,not,1
8635,g01-034-00-07,bring,bring,1
8636,g01-034-00-08,victory,victory,1
8637,g01-034-00-09,and,and,1
8638,g01-034-01-00,booty,book,0
8639,g01-034-01-01,",",",",1
8640,g01-034-01-02,a,a,1
8641,g01-034-01-03,new,new,1
8642,g01-034-01-04,group,group,1
8643,g01-034-01-05,of,of,1
8644,g01-034-01-06,Lords,Lords,1
8645,g01-034-01-07,might,might,1
8646,g01-034-01-08,oust,oust,1
8647,g01-034-02-00,the,the,1
8648,g01-034-02-01,unsuccessful,unsuccessful,1
8649,g01-034-02-02,leaders,leaders,1
8650,g01-034-02-03,",",",",1
8651,g01-034-02-04,and,and,1
8652,g01-034-02-05,the,the,1
8653,g01-034-02-06,Commons,Commons,1
8654,g01-034-02-07,",",",",1
8655,g01-034-03-00,who,who,1
8656,g01-034-03-01,usually,usually,1
8657,g01-034-03-02,supplied,supplied,1
8658,g01-034-03-03,the,the,1
8659,g01-034-03-04,hard,hard,1
8660,g01-034-03-05,cash,cash,1
8661,g01-034-03-06,",",",",1
8662,g01-034-03-07,might,might,1
8663,g01-034-04-00,be,be,1
8664,g01-034-04-01,bold,bold,1
8665,g01-034-04-02,enough,enough,1
8666,g01-034-04-03,to,to,1
8667,g01-034-04-04,demand,demand,1
8668,g01-034-04-05,the,the,1
8669,g01-034-04-06,production,production,1
8670,g01-034-04-07,of,of,1
8671,g01-034-05-00,accounts,accounts,1
8672,g01-034-05-01,",",",",1
8673,g01-034-05-02,and,and,1
8674,g01-034-05-03,even,even,1
8675,g01-034-05-04,at,of,0
8676,g01-034-05-05,times,times,1
8677,g01-034-05-06,the,the,1
8678,g01-034-05-07,impeachment,impeactment,0
8679,g01-034-05-08,of,of,1
8680,g01-034-06-00,the,the,1
8681,g01-034-06-01,unsuccessful,unsuccessful,1
8682,g01-034-06-02,.,.,1
8683,g01-034-06-03,But,But,1
8684,g01-034-06-04,the,the,1
8685,g01-034-06-05,Commons,Commons,1
8686,g01-034-06-06,were,were,1
8687,g01-034-06-07,not,not,1
8688,g01-034-07-00,the,the,1
8689,g01-034-07-01,people,people,1
8690,g01-034-07-02,",",",",1
8691,g01-034-07-03,and,and,1
8692,g01-034-07-04,even,even,1
8693,g01-034-07-05,a,a,1
8694,g01-034-07-06,full,full,1
8695,g01-034-07-07,Parliament,Parliament,1
8696,g01-034-07-08,was,was,1
8697,g01-034-08-00,not,not,1
8698,g01-034-08-01,yet,yet,1
8699,g01-034-08-02,a,a,1
8700,g01-034-08-03,true,true,1
8701,g01-034-08-04,mirror,mirror,1
8702,g01-034-08-05,of,of,1
8703,g01-034-08-06,the,the,1
8704,g01-034-08-07,nation,nation,1
8705,g01-034-08-08,.,.,1
8706,g01-037-00-00,The,The,1
8707,g01-037-00-01,people,people,1
8708,g01-037-00-02,-,-,1
8709,g01-037-00-03,Langland's,England's,0
8710,g01-037-00-04,',",",0
8711,g01-037-00-05,folk,folk,1
8712,g01-037-00-06,',",",0
8713,g01-037-00-07,and,and,1
8714,g01-037-00-08,Gaunt's,counts,0
8715,g01-037-01-00,',',1
8716,g01-037-01-01,knaves,knives,0
8717,g01-037-01-02,',",",0
8718,g01-037-01-03,-,-,1
8719,g01-037-01-04,were,were,1
8720,g01-037-01-05,villeins,villains,0
8721,g01-037-01-06,still,still,1
8722,g01-037-01-07,tied,tied,1
8723,g01-037-01-08,to,to,1
8724,g01-037-01-09,the,the,1
8725,g01-037-02-00,feudal,feudal,1
8726,g01-037-02-01,obligations,obligations,1
8727,g01-037-02-02,of,of,1
8728,g01-037-02-03,work,work,1
8729,g01-037-02-04,or,or,1
8730,g01-037-02-05,villeins,villains,0
8731,g01-037-02-06,who,who,1
8732,g01-037-03-00,had,had,1
8733,g01-037-03-01,bought,bought,1
8734,g01-037-03-02,their,their,1
8735,g01-037-03-03,release,release,1
8736,g01-037-03-04,",",",",1
8737,g01-037-03-05,free,free,1
8738,g01-037-03-06,labourers,laborers,0
8739,g01-037-04-00,who,who,1
8740,g01-037-04-01,worked,worked,1
8741,g01-037-04-02,for,for,1
8742,g01-037-04-03,the,the,1
8743,g01-037-04-04,highest,highest,1
8744,g01-037-04-05,bidders,bidders,1
8745,g01-037-04-06,",",",",1
8746,g01-037-04-07,free,free,1
8747,g01-037-05-00,yeomen,yeoman,0
8748,g01-037-05-01,who,who,1
8749,g01-037-05-02,had,had,1
8750,g01-037-05-03,prospered,prospered,1
8751,g01-037-05-04,enough,enough,1
8752,g01-037-05-05,to,to,1
8753,g01-037-05-06,become,become,1
8754,g01-037-06-00,successful,successful,1
8755,g01-037-06-01,farmers,farmers,1
8756,g01-037-06-02,",",",",1
8757,g01-037-06-03,the,the,1
8758,g01-037-06-04,artisans,portions,0
8759,g01-037-06-05,",",",",1
8760,g01-037-06-06,craftsmen,craftsmen,1
8761,g01-037-06-07,",",",",1
8762,g01-037-07-00,journeymen,joureymen,0
8763,g01-037-07-01,and,and,1
8764,g01-037-07-02,small,small,1
8765,g01-037-07-03,tradesmen,tradesmen,1
8766,g01-037-07-04,of,of,1
8767,g01-037-07-05,the,the,1
8768,g01-037-08-00,towns,towns,1
8769,g01-037-08-01,",",",",1
8770,g01-037-08-02,and,and,1
8771,g01-037-08-03,the,the,1
8772,g01-037-08-04,retainers,retainers,1
8773,g01-037-08-05,and,and,1
8774,g01-037-08-06,men-at-arms,men-at-arms,1
8775,g01-037-09-00,in,in,1
8776,g01-037-09-01,the,the,1
8777,g01-037-09-02,pay,pay,1
8778,g01-037-09-03,of,of,1
8779,g01-037-09-04,landed,landed,1
8780,g01-037-09-05,Lords,Lords,1
8781,g01-037-09-06,.,.,1
8782,g01-039-00-00,None,Man,0
8783,g01-039-00-01,of,of,1
8784,g01-039-00-02,these,there,0
8785,g01-039-00-03,classes,cases,0
8786,g01-039-00-04,",",",",1
8787,g01-039-00-05,except,except,1
8788,g01-039-00-06,the,the,1
8789,g01-039-00-07,yeomen,yeoman,0
8790,g01-039-00-08,",",",",1
8791,g01-039-00-09,paid,paid,1
8792,g01-039-00-10,or,or,1
8793,g01-039-01-00,expected,expected,1
8794,g01-039-01-01,to,to,1
8795,g01-039-01-02,pay,pay,1
8796,g01-039-01-03,direct,direct,1
8797,g01-039-01-04,taxes,takes,0
8798,g01-039-01-05,.,.,1
8799,g01-039-01-06,During,During,1
8800,g01-039-01-07,the,the,1
8801,g01-039-01-08,four-,four,0
8802,g01-039-02-00,teenth,teeth,0
8803,g01-039-02-01,century,century,1
8804,g01-039-02-02,",",",",1
8805,g01-039-02-03,the,the,1
8806,g01-039-02-04,traditional,traditional,1
8807,g01-039-02-05,methods,methods,1
8808,g01-039-02-06,of,of,1
8809,g01-039-03-00,financing,financing,1
8810,g01-039-03-01,the,the,1
8811,g01-039-03-02,Exchequer,Exchequer,1
8812,g01-039-03-03,had,had,1
8813,g01-039-03-04,become,became,0
8814,g01-039-03-05,stabilized,stabilized,1
8815,g01-039-03-06,.,.,1
8816,g01-039-04-00,When,When,1
8817,g01-039-04-01,the,the,1
8818,g01-039-04-02,King,by,0
8819,g01-039-04-03,and,and,1
8820,g01-039-04-04,his,his,1
8821,g01-039-04-05,Council,Council,1
8822,g01-039-04-06,required,required,1
8823,g01-039-04-07,additio-,addition,0
8824,g01-039-05-00,nal,not,0
8825,g01-039-05-01,funds,found,0
8826,g01-039-05-02,",",",",1
8827,g01-039-05-03,they,they,1
8828,g01-039-05-04,were,were,1
8829,g01-039-05-05,usually,usually,1
8830,g01-039-05-06,granted,granted,1
8831,g01-039-05-07,an,an,1
8832,g01-039-06-00,export,report,0
8833,g01-039-06-01,tax,the,0
8834,g01-039-06-02,on,and,0
8835,g01-039-06-03,the,the,1
8836,g01-039-06-04,wool,wool,1
8837,g01-039-06-05,trade,trade,1
8838,g01-039-06-06,",",",",1
8839,g01-039-06-07,collected,collected,1
8840,g01-039-06-08,by,by,1
8841,g01-039-07-00,means,men,0
8842,g01-039-07-01,of,of,1
8843,g01-039-07-02,that,that,1
8844,g01-039-07-03,',"""",0
8845,g01-039-07-04,staple,maple,0
8846,g01-039-07-05,',"""",0
8847,g01-039-07-06,system,system,1
8848,g01-039-07-07,which,which,1
8849,g01-039-07-08,ensured,anuncd,0
8850,g01-039-07-09,that,that,1
8851,g01-039-08-00,prices,price,0
8852,g01-039-08-01,",",",",1
8853,g01-039-08-02,quality,quality,1
8854,g01-039-08-03,and,and,1
8855,g01-039-08-04,tax,take,0
8856,g01-039-08-05,could,could,1
8857,g01-039-08-06,be,be,1
8858,g01-039-08-07,efficiently,efficiently,1
8859,g01-039-08-08,su-,Mr.,0
8860,g01-039-09-00,pervised,devised,0
8861,g01-039-09-01,and,and,1
8862,g01-039-09-02,controlled,contracted,0
8863,g01-039-09-03,",",I,0
8864,g01-039-09-04,together,together,1
8865,g01-039-09-05,with,with,1
8866,g01-039-09-06,a,a,1
8867,g01-043-00-00,There,There,1
8868,g01-043-00-01,were,were,1
8869,g01-043-00-02,two,two,1
8870,g01-043-00-03,other,other,1
8871,g01-043-00-04,sources,sauces,0
8872,g01-043-00-05,of,of,1
8873,g01-043-00-06,public,public,1
8874,g01-043-00-07,revenue,revenues,0
8875,g01-043-00-08,-,"""",0
8876,g01-043-01-00,first,first,1
8877,g01-043-01-01,",",",",1
8878,g01-043-01-02,the,the,1
8879,g01-043-01-03,Church,church,0
8880,g01-043-01-04,",",",",1
8881,g01-043-01-05,which,which,1
8882,g01-043-01-06,wisely,widely,0
8883,g01-043-01-07,followed,followed,1
8884,g01-043-01-08,the,the,1
8885,g01-043-01-09,lead,head,0
8886,g01-043-02-00,of,of,1
8887,g01-043-02-01,the,the,1
8888,g01-043-02-02,Commons,Commons,1
8889,g01-043-02-03,and,and,1
8890,g01-043-02-04,in,in,1
8891,g01-043-02-05,its,its,1
8892,g01-043-02-06,own,own,1
8893,g01-043-02-07,Convocations,Convocations,1
8894,g01-043-04-00,the,the,1
8895,g01-043-04-01,foreign,foreign,1
8896,g01-043-04-02,merchants,merchants,1
8897,g01-043-04-03,",",",",1
8898,g01-043-04-04,with,which,0
8899,g01-043-04-05,whom,what,0
8900,g01-043-04-06,the,the,1
8901,g01-043-04-07,King's,king's,0
8902,g01-043-05-00,officials,officials,1
8903,g01-043-05-01,had,had,1
8904,g01-043-05-02,formerly,family,0
8905,g01-043-05-03,made,made,1
8906,g01-043-05-04,private,private,1
8907,g01-043-05-05,bargains,bargains,1
8908,g01-043-07-00,payments,payments,1
8909,g01-043-07-01,were,were,1
8910,g01-043-07-02,now,now,1
8911,g01-043-07-03,authorized,authorized,1
8912,g01-043-07-04,by,by,1
8913,g01-043-07-05,parliamentary,parliamentary,1
8914,g01-043-08-00,sanction,sanction,1
8915,g01-043-08-01,at,at,1
8916,g01-043-08-02,a,a,1
8917,g01-043-08-03,rate,rate,1
8918,g01-043-08-04,roughly,roughly,1
8919,g01-043-08-05,fifty,fifty,1
8920,g01-043-08-06,per,per,1
8921,g01-043-08-07,cent,cent.,0
8922,g01-043-08-08,in,in,1
8923,g01-043-09-00,excess,success,0
8924,g01-043-09-01,of,of,1
8925,g01-043-09-02,the,the,1
8926,g01-043-09-03,rate,rats,0
8927,g01-043-09-04,for,for,1
8928,g01-043-09-05,native,native,1
8929,g01-043-09-06,merchants,merchants,1
8930,g01-043-09-07,.,.,1
8931,g01-045-00-00,In,In,1
8932,g01-045-00-01,addition,addition,1
8933,g01-045-00-02,to,to,1
8934,g01-045-00-03,these,there,0
8935,g01-045-00-04,revenues,revenues,1
8936,g01-045-00-05,",",",",1
8937,g01-045-00-06,the,the,1
8938,g01-045-00-07,King,lip,0
8939,g01-045-00-08,had,had,1
8940,g01-045-00-09,the,the,1
8941,g01-045-01-00,financial,financial,1
8942,g01-045-01-01,benefits,benefits,1
8943,g01-045-01-02,of,of,1
8944,g01-045-01-03,his,his,1
8945,g01-045-01-04,position,parts,0
8946,g01-045-01-05,at,an,0
8947,g01-045-01-06,the,the,1
8948,g01-045-01-07,head,head,1
8949,g01-045-02-00,of,of,1
8950,g01-045-02-01,the,the,1
8951,g01-045-02-02,feudal,feudal,1
8952,g01-045-02-03,system,system,1
8953,g01-045-02-04,",",",",1
8954,g01-045-02-05,as,as,1
8955,g01-045-02-06,its,it,0
8956,g01-045-02-07,chief,chief,1
8957,g01-045-02-08,landowner,Londoner,0
8958,g01-045-03-00,and,and,1
8959,g01-045-03-01,the,the,1
8960,g01-045-03-02,recipient,recipient,1
8961,g01-045-03-03,of,of,1
8962,g01-045-03-04,the,the,1
8963,g01-045-03-05,fines,fines,1
8964,g01-045-03-06,of,of,1
8965,g01-045-03-07,royal,royal,1
8966,g01-045-03-08,justice,entire,0
8967,g01-045-03-09,.,.,1
8968,g01-045-04-00,It,It,1
8969,g01-045-04-01,was,was,1
8970,g01-045-04-02,",",",",1
8971,g01-045-04-03,therefore,therefore,1
8972,g01-045-04-04,",",",",1
8973,g01-045-04-05,a,a,1
8974,g01-045-04-06,complicated,complicated,1
8975,g01-045-04-07,and,and,1
8976,g01-045-04-08,not,not,1
8977,g01-045-04-09,very,envy,0
8978,g01-045-05-00,satisfactory,satisfactory,1
8979,g01-045-05-01,financial,financial,1
8980,g01-045-05-02,system,system,1
8981,g01-045-05-03,in,in,1
8982,g01-045-05-04,which,which,1
8983,g01-045-05-05,the,the,1
8984,g01-045-06-00,borders,borders,1
8985,g01-045-06-01,between,between,1
8986,g01-045-06-02,private,private,1
8987,g01-045-06-03,and,and,1
8988,g01-045-06-04,public,public,1
8989,g01-045-06-05,purse,pure,0
8990,g01-045-06-06,were,were,1
8991,g01-045-08-00,and,and,1
8992,g01-045-08-01,national,national,1
8993,g01-045-08-02,war,war,1
8994,g01-045-08-03,",",",",1
8995,g01-045-08-04,and,and,1
8996,g01-045-08-05,in,in,1
8997,g01-045-08-06,which,which,1
8998,g01-045-08-07,the,the,1
8999,g01-045-08-08,comparati-,comparative,0
9000,g01-045-09-00,vely,rely,0
9001,g01-045-09-01,simple,simple,1
9002,g01-045-09-02,obligations,obligations,1
9003,g01-045-09-03,of,of,1
9004,g01-045-09-04,the,the,1
9005,g01-045-09-05,feudal,feudal,1
9006,g01-045-09-06,pyramid,pyramid,1
9007,g01-067-00-00,But,But,1
9008,g01-067-00-01,this,this,1
9009,g01-067-00-02,time,time,1
9010,g01-067-00-03,there,there,1
9011,g01-067-00-04,was,was,1
9012,g01-067-00-05,a,a,1
9013,g01-067-00-06,very,very,1
9014,g01-067-00-07,interesting,interesting,1
9015,g01-067-01-00,attempt,attempt,1
9016,g01-067-01-01,to,to,1
9017,g01-067-01-02,apply,apply,1
9018,g01-067-01-03,a,a,1
9019,g01-067-01-04,sliding,siding,0
9020,g01-067-01-05,scale,scale,1
9021,g01-067-01-06,to,to,1
9022,g01-067-01-07,the,the,1
9023,g01-067-02-00,payments,payments,1
9024,g01-067-02-01,demanded,demanded,1
9025,g01-067-02-02,.,.,1
9026,g01-067-02-03,The,The,1
9027,g01-067-02-04,definition,definition,1
9028,g01-067-02-05,of,of,1
9029,g01-067-02-06,an,an,1
9030,g01-067-03-00,adult,adult,1
9031,g01-067-03-01,was,was,1
9032,g01-067-03-02,altered,altered,1
9033,g01-067-03-03,to,to,1
9034,g01-067-03-04,read,read,1
9035,g01-067-03-05,',",",0
9036,g01-067-03-06,over,over,1
9037,g01-067-03-07,sixteen,sixteen,1
9038,g01-067-03-08,',",",0
9039,g01-067-03-09,",",",",1
9040,g01-067-04-00,and,and,1
9041,g01-067-04-01,",",",",1
9042,g01-067-04-02,where,where,1
9043,g01-067-04-03,the,the,1
9044,g01-067-04-04,poorest,poorest,1
9045,g01-067-04-05,were,were,1
9046,g01-067-04-06,to,to,1
9047,g01-067-04-07,pay,pay,1
9048,g01-067-04-08,a,a,1
9049,g01-067-04-09,groat,groat,1
9050,g01-067-04-10,",",",",1
9051,g01-067-05-00,the,the,1
9052,g01-067-05-01,Duke,Duke,1
9053,g01-067-05-02,of,of,1
9054,g01-067-05-03,Lancaster,Lancaster,1
9055,g01-067-05-04,and,and,1
9056,g01-067-05-05,the,the,1
9057,g01-067-05-06,Archbishops,Archbishop,0
9058,g01-067-06-00,of,of,1
9059,g01-067-06-01,Canterbury,Cantubary,0
9060,g01-067-06-02,and,and,1
9061,g01-067-06-03,York,York,1
9062,g01-067-06-04,were,were,1
9063,g01-067-06-05,to,to,1
9064,g01-067-06-06,pay,pay,1
9065,g01-067-06-07,ten,ten,1
9066,g01-067-06-08,marks,make,0
9067,g01-067-06-09,",",",",1
9068,g01-067-07-00,and,and,1
9069,g01-067-07-01,between,between,1
9070,g01-067-07-02,these,these,1
9071,g01-067-07-03,two,two,1
9072,g01-067-07-04,extremes,extremes,1
9073,g01-067-07-05,a,a,1
9074,g01-067-07-06,graduated,graduated,1
9075,g01-067-08-00,scale,scale,1
9076,g01-067-08-01,of,of,1
9077,g01-067-08-02,payments,payments,1
9078,g01-067-08-03,was,was,1
9079,g01-067-08-04,fixed,liked,0
9080,g01-067-08-05,for,for,1
9081,g01-067-08-06,the,the,1
9082,g01-067-09-00,different,different,1
9083,g01-067-09-01,classes,classes,1
9084,g01-067-09-02,of,of,1
9085,g01-067-09-03,laymen,laymen,1
9086,g01-067-09-04,and,and,1
9087,g01-067-09-05,clerics,decides,0
9088,g01-067-09-06,.,.,1
9089,g01-070-00-00,Again,Again,1
9090,g01-070-00-01,the,the,1
9091,g01-070-00-02,resentment,resentment,1
9092,g01-070-00-03,was,was,1
9093,g01-070-00-04,widespread,widespread,1
9094,g01-070-00-05,and,and,1
9095,g01-070-01-00,the,the,1
9096,g01-070-01-01,results,results,1
9097,g01-070-01-02,disappointing,disappointing,1
9098,g01-070-01-03,-,-,1
9099,g01-070-01-04,a,a,1
9100,g01-070-01-05,tax,tax,1
9101,g01-070-01-06,estimated,estimated,1
9102,g01-070-02-00,to,to,1
9103,g01-070-02-01,yield,yield,1
9104,g01-070-02-02,"50,000","80,000",0
9105,g01-070-02-03,in,in,1
9106,g01-070-02-04,fact,fact,1
9107,g01-070-02-05,raised,raised,1
9108,g01-070-02-06,only,only,1
9109,g01-070-02-07,"27,000","22,000",0
9110,g01-070-02-08,.,.,1
9111,g01-070-03-00,In,In,1
9112,g01-070-03-01,the,the,1
9113,g01-070-03-02,following,following,1
9114,g01-070-03-03,year,year,1
9115,g01-070-03-04,",",I,0
9116,g01-070-03-05,1380,1830,0
9117,g01-070-03-06,",",",",1
9118,g01-070-03-07,the,the,1
9119,g01-070-03-08,last,last,1
9120,g01-070-03-09,and,and,1
9121,g01-070-04-00,most,most,1
9122,g01-070-04-01,notorious,notorious,1
9123,g01-070-04-02,third,third,1
9124,g01-070-04-03,poll-tax,poll-tax,1
9125,g01-070-04-04,was,was,1
9126,g01-070-04-05,agreed,agreed,1
9127,g01-070-05-00,by,by,1
9128,g01-070-05-01,a,a,1
9129,g01-070-05-02,Parliament,Parliament,1
9130,g01-070-05-03,which,which,1
9131,g01-070-05-04,met,met,1
9132,g01-070-05-05,at,at,1
9133,g01-070-05-06,Northampton,Northampton,1
9134,g01-070-05-07,.,.,1
9135,g01-070-06-00,There,There,1
9136,g01-070-06-01,were,were,1
9137,g01-070-06-02,dark,dank,0
9138,g01-070-06-03,reasons,reasons,1
9139,g01-070-06-04,for,for,1
9140,g01-070-06-05,a,a,1
9141,g01-070-06-06,meeting,meeting,1
9142,g01-070-06-07,so,so,1
9143,g01-070-07-00,far,far,1
9144,g01-070-07-01,away,away,1
9145,g01-070-07-02,from,from,1
9146,g01-070-07-03,the,the,1
9147,g01-070-07-04,capital,capital,1
9148,g01-070-07-05,in,in,1
9149,g01-070-07-06,a,a,1
9150,g01-070-07-07,town,town,1
9151,g01-070-07-08,with,with,1
9152,g01-070-08-00,poor,poor,1
9153,g01-070-08-01,communications,communications,1
9154,g01-070-08-02,and,and,1
9155,g01-070-08-03,not,not,1
9156,g01-070-08-04,over,over,1
9157,g01-070-08-05,supplied,supplied,1
9158,g01-070-09-00,with,with,1
9159,g01-070-09-01,hostelries,hostelries,1
9160,g01-070-09-02,and,and,1
9161,g01-070-09-03,lodgings,lodgings,1
9162,g01-070-09-04,.,.,1
9163,g01-074-00-00,London,London,1
9164,g01-074-00-01,was,was,1
9165,g01-074-00-02,again,again,1
9166,g01-074-00-03,in,in,1
9167,g01-074-00-04,turmoil,turmoil,1
9168,g01-074-00-05,;,;,1
9169,g01-074-00-06,but,but,1
9170,g01-074-00-07,this,this,1
9171,g01-074-00-08,time,time,1
9172,g01-074-01-00,over,over,1
9173,g01-074-01-01,a,a,1
9174,g01-074-01-02,question,question,1
9175,g01-074-01-03,of,of,1
9176,g01-074-01-04,trade,trade,1
9177,g01-074-01-05,rivalry,rivalry,1
9178,g01-074-01-06,.,.,1
9179,g01-074-01-07,A,A,1
9180,g01-074-01-08,rich,rich,1
9181,g01-074-01-09,mer-,mere,0
9182,g01-074-02-00,chant,chant,1
9183,g01-074-02-01,from,from,1
9184,g01-074-02-02,Genoa,Gen.,0
9185,g01-074-02-03,had,had,1
9186,g01-074-02-04,been,been,1
9187,g01-074-02-05,murdered,murdered,1
9188,g01-074-02-06,",",",",1
9189,g01-074-02-07,and,and,1
9190,g01-074-03-00,John,John,1
9191,g01-074-03-01,de,de,1
9192,g01-074-03-02,Kyrkby,LyYrkby,0
9193,g01-074-03-03,",",",",1
9194,g01-074-03-04,a,a,1
9195,g01-074-03-05,Londoner,Londoner,1
9196,g01-074-03-06,",",",",1
9197,g01-074-03-07,was,was,1
9198,g01-074-03-08,one,one,1
9199,g01-074-03-09,of,of,1
9200,g01-074-04-00,those,those,1
9201,g01-074-04-01,charged,changed,0
9202,g01-074-04-02,with,with,1
9203,g01-074-04-03,the,the,1
9204,g01-074-04-04,crime,crime,1
9205,g01-074-04-05,.,.,1
9206,g01-074-04-06,It,It,1
9207,g01-074-04-07,is,is,1
9208,g01-074-04-08,clear,dear,0
9209,g01-074-05-00,from,from,1
9210,g01-074-05-01,the,the,1
9211,g01-074-05-02,chronicles,chronicles,1
9212,g01-074-05-03,that,that,1
9213,g01-074-05-04,this,this,1
9214,g01-074-05-05,was,was,1
9215,g01-074-05-06,a,a,1
9216,g01-074-05-07,sordid,sordid,1
9217,g01-074-06-00,quarrel,quarrel,1
9218,g01-074-06-01,between,between,1
9219,g01-074-06-02,monopolists,monopolists,1
9220,g01-074-06-03,and,and,1
9221,g01-074-06-04,interlopers,intenlopers,0
9222,g01-074-06-05,.,.,1
9223,g01-074-07-00,The,The,1
9224,g01-074-07-01,city,city,1
9225,g01-074-07-02,merchants,merchants,1
9226,g01-074-07-03,were,were,1
9227,g01-074-07-04,jealous,jealous,1
9228,g01-074-07-05,of,of,1
9229,g01-074-07-06,foreign,foreign,1
9230,g01-074-08-00,merchants,merchants,1
9231,g01-074-08-01,who,who,1
9232,g01-074-08-02,could,could,1
9233,g01-074-08-03,tempt,tempt,1
9234,g01-074-08-04,court,court,1
9235,g01-074-08-05,and,and,1
9236,g01-074-09-00,baronage,patronage,0
9237,g01-074-09-01,with,with,1
9238,g01-074-09-02,rarer,Rarer,0
9239,g01-074-09-03,luxuries,luxuries,1
9240,g01-074-09-04,than,than,1
9241,g01-074-09-05,those,those,1
9242,g01-088-00-00,Trebling,Banking,0
9243,g01-088-00-01,the,the,1
9244,g01-088-00-02,rate,site,0
9245,g01-088-00-03,was,was,1
9246,g01-088-00-04,arrived,tired,0
9247,g01-088-00-05,at,at,1
9248,g01-088-00-06,by,by,1
9249,g01-088-00-07,a,a,1
9250,g01-088-00-08,simple,simple,1
9251,g01-088-04-00,The,the,0
9252,g01-088-04-01,only,only,1
9253,g01-088-04-02,concession,concession,1
9254,g01-088-04-03,made,trade,0
9255,g01-088-04-04,in,in,1
9256,g01-088-04-05,view,view,1
9257,g01-088-04-06,of,of,1
9258,g01-088-04-07,the,the,1
9259,g01-088-05-00,objections,actions,0
9260,g01-088-05-01,to,to,1
9261,g01-088-05-02,the,the,1
9262,g01-088-05-03,first,first,1
9263,g01-088-05-04,two,two,1
9264,g01-088-05-05,poll-taxes,folle-fwers,0
9265,g01-088-05-06,was,was,1
9266,g01-088-06-00,the,the,1
9267,g01-088-06-01,suggestion,suggestion,1
9268,g01-088-06-02,that,that,1
9269,g01-088-06-03,the,the,1
9270,g01-088-06-04,rich,with,0
9271,g01-088-06-05,should,sttoubls,0
9272,g01-088-06-06,help,chef,0
9273,g01-088-07-00,the,the,1
9274,g01-088-07-01,poor,for,0
9275,g01-088-07-02,-,-,1
9276,g01-088-07-03,but,but,1
9277,g01-088-07-04,this,this,1
9278,g01-088-07-05,was,was,1
9279,g01-088-07-06,only,my,0
9280,g01-088-07-07,a,a,1
9281,g01-088-07-08,pious,pious,1
9282,g01-088-07-09,hope,hope,1
9283,g01-088-08-00,because,tenure,0
9284,g01-088-08-01,no,yet,0
9285,g01-088-08-02,machinery,amnehining,0
9286,g01-088-08-03,was,wao,0
9287,g01-088-08-04,provided,provided,1
9288,g01-088-08-05,for,for,1
9289,g01-088-09-00,carrying,carrying,1
9290,g01-088-09-01,it,it,1
9291,g01-088-09-02,into,into,1
9292,g01-088-09-03,effect,affect,0
9293,g01-088-09-04,",",",",1
9294,g01-088-09-05,and,and,1
9295,g01-088-09-06,a,a,1
9296,g01-088-09-07,subordinate,subordinate,1
9297,g02-059-00-00,In,In,1
9298,g02-059-00-01,Chapter,Chapter,1
9299,g02-059-00-02,Two,Two,1
9300,g02-059-00-03,he,he,1
9301,g02-059-00-04,gauged,gauged,1
9302,g02-059-00-05,the,the,1
9303,g02-059-00-06,nature,nature,1
9304,g02-059-00-07,of,of,1
9305,g02-059-00-08,the,the,1
9306,g02-059-00-09,heart's,heart's,1
9307,g02-059-00-10,movements,movements,1
9308,g02-059-01-00,from,from,1
9309,g02-059-01-01,the,the,1
9310,g02-059-01-02,dissection,dissection,1
9311,g02-059-01-03,of,of,1
9312,g02-059-01-04,living,living,1
9313,g02-059-01-05,animals,animals,1
9314,g02-059-01-06,",",",",1
9315,g02-059-01-07,showing,showing,1
9316,g02-059-01-08,how,Now,0
9317,g02-059-01-09,these,these,1
9318,g02-059-01-10,move-,moved,0
9319,g02-059-02-00,ments,ments,1
9320,g02-059-02-01,alternate,alternate,1
9321,g02-059-02-02,with,with,1
9322,g02-059-02-03,rests,rests,1
9323,g02-059-02-04,and,and,1
9324,g02-059-02-05,are,are,1
9325,g02-059-02-06,seen,been,0
9326,g02-059-02-07,best,best,1
9327,g02-059-02-08,in,in,1
9328,g02-059-02-09,cold,cold,1
9329,g02-059-02-10,animals,animals,1
9330,g02-059-03-00,or,or,1
9331,g02-059-03-01,in,in,1
9332,g02-059-03-02,flagging,lagging,0
9333,g02-059-03-03,warmer,warmer,1
9334,g02-059-03-04,ones,ones,1
9335,g02-059-03-05,.,.,1
9336,g02-059-03-06,At,At,1
9337,g02-059-03-07,the,the,1
9338,g02-059-03-08,time,time,1
9339,g02-059-03-09,of,of,1
9340,g02-059-03-10,its,its,1
9341,g02-059-03-11,movement,movement,1
9342,g02-059-04-00,the,the,1
9343,g02-059-04-01,heart,heart,1
9344,g02-059-04-02,becomes,becomes,1
9345,g02-059-04-03,generally,generally,1
9346,g02-059-04-04,constricted,constricted,1
9347,g02-059-04-05,",",",",1
9348,g02-059-04-06,its,its,1
9349,g02-059-04-07,walls,walls,1
9350,g02-059-04-08,thicken,thicken,1
9351,g02-059-04-09,",",",",1
9352,g02-059-05-00,its,its,1
9353,g02-059-05-01,ventricles,ventricles,1
9354,g02-059-05-02,decrease,decrease,1
9355,g02-059-05-03,in,in,1
9356,g02-059-05-04,volume,volume,1
9357,g02-059-05-05,and,and,1
9358,g02-059-05-06,it,it,1
9359,g02-059-05-07,expels,expel,0
9360,g02-059-05-08,its,its,1
9361,g02-059-06-00,content,content,1
9362,g02-059-06-01,of,of,1
9363,g02-059-06-02,blood,blood,1
9364,g02-059-06-03,",",",",1
9365,g02-059-06-04,appearing,appearing,1
9366,g02-059-06-05,paler,pater,0
9367,g02-059-06-06,in,in,1
9368,g02-059-06-07,so,so,1
9369,g02-059-06-08,doing,doing,1
9370,g02-059-06-09,in,in,1
9371,g02-059-06-10,animals,animals,1
9372,g02-059-07-00,such,such,1
9373,g02-059-07-01,as,as,1
9374,g02-059-07-02,serpents,serpents,1
9375,g02-059-07-03,",",",",1
9376,g02-059-07-04,frogs,frogs,1
9377,g02-059-07-05,",",',0
9378,g02-059-07-06,and,and,1
9379,g02-059-07-07,the,the,1
9380,g02-059-07-08,like,like,1
9381,g02-059-07-09,.,.,1
9382,g02-062-00-00,At,At,1
9383,g02-062-00-01,one,one,1
9384,g02-062-00-02,and,and,1
9385,g02-062-00-03,the,the,1
9386,g02-062-00-04,same,same,1
9387,g02-062-00-05,time,time,1
9388,g02-062-00-06,",",",",1
9389,g02-062-00-07,therefore,therefore,1
9390,g02-062-00-08,",",",",1
9391,g02-062-00-09,occur,occur,1
9392,g02-062-00-10,the,the,1
9393,g02-062-00-11,beat,beat,1
9394,g02-062-01-00,of,of,1
9395,g02-062-01-01,the,the,1
9396,g02-062-01-02,apex,apex,1
9397,g02-062-01-03,",",",",1
9398,g02-062-01-04,the,the,1
9399,g02-062-01-05,thickening,thickening,1
9400,g02-062-01-06,of,of,1
9401,g02-062-01-07,the,the,1
9402,g02-062-01-08,heart,heart,1
9403,g02-062-01-09,walls,walls,1
9404,g02-062-01-10,",",",",1
9405,g02-062-01-11,and,and,1
9406,g02-062-02-00,the,the,1
9407,g02-062-02-01,forcible,forcibly,0
9408,g02-062-02-02,expulsion,expulsion,1
9409,g02-062-02-03,of,of,1
9410,g02-062-02-04,their,their,1
9411,g02-062-02-05,contained,contained,1
9412,g02-062-02-06,blood,blood,1
9413,g02-062-02-07,by,by,1
9414,g02-062-02-08,the,the,1
9415,g02-062-03-00,contraction,contraction,1
9416,g02-062-03-01,of,of,1
9417,g02-062-03-02,the,the,1
9418,g02-062-03-03,ventricles,ventricles,1
9419,g02-062-03-04,.,.,1
9420,g02-062-03-05,Going,going,0
9421,g02-062-03-06,on,on,1
9422,g02-062-03-07,in,in,1
9423,g02-062-03-08,Chapter,chapter,0
9424,g02-062-03-09,Three,Three,1
9425,g02-062-04-00,to,to,1
9426,g02-062-04-01,the,the,1
9427,g02-062-04-02,movement,movement,1
9428,g02-062-04-03,of,of,1
9429,g02-062-04-04,the,the,1
9430,g02-062-04-05,arteries,arteries,1
9431,g02-062-04-06,",",",",1
9432,g02-062-04-07,likewise,likewise,1
9433,g02-062-04-08,gauged,ganged,0
9434,g02-062-04-09,from,from,1
9435,g02-062-05-00,the,the,1
9436,g02-062-05-01,dissections,dissection,0
9437,g02-062-05-02,of,of,1
9438,g02-062-05-03,living,living,1
9439,g02-062-05-04,animals,animals,1
9440,g02-062-05-05,",",",",1
9441,g02-062-05-06,Harvey,Harvey,1
9442,g02-062-05-07,noted,noted,1
9443,g02-062-05-08,that,that,1
9444,g02-062-06-00,contraction,contraction,1
9445,g02-062-06-01,of,of,1
9446,g02-062-06-02,the,the,1
9447,g02-062-06-03,heart,heart,1
9448,g02-062-06-04,and,and,1
9449,g02-062-06-05,the,the,1
9450,g02-062-06-06,apex,paper,0
9451,g02-062-06-07,beat,beat,1
9452,g02-062-06-08,occur,occur,1
9453,g02-062-06-09,in,in,1
9454,g02-062-07-00,systole,stole,0
9455,g02-062-07-01,",",",",1
9456,g02-062-07-02,simultaneously,simultaneously,1
9457,g02-062-07-03,with,with,1
9458,g02-062-07-04,dilatation,dilatation,1
9459,g02-062-07-05,of,of,1
9460,g02-062-07-06,the,the,1
9461,g02-062-07-07,arteries,arteries,1
9462,g02-062-08-00,and,and,1
9463,g02-062-08-01,of,of,1
9464,g02-062-08-02,the,the,1
9465,g02-062-08-03,artery-like,artery-lite,0
9466,g02-062-08-04,vein,vein,1
9467,g02-062-08-05,",",",",1
9468,g02-062-08-06,and,and,1
9469,g02-062-08-07,expulsion,expulsion,1
9470,g02-062-08-08,of,of,1
9471,g02-062-08-09,the,the,1
9472,g02-062-09-00,ventricular,ventricular,1
9473,g02-062-09-01,content,content,1
9474,g02-062-09-02,.,.,1
9475,g02-065-00-00,Arterial,Arterial,1
9476,g02-065-00-01,pulsation,pulsation,1
9477,g02-065-00-02,disappears,disappears,1
9478,g02-065-00-03,with,with,1
9479,g02-065-00-04,cessation,cessation,1
9480,g02-065-00-05,of,of,1
9481,g02-065-01-00,ventricular,ventricular,1
9482,g02-065-01-01,contraction,contraction,1
9483,g02-065-01-02,.,.,1
9484,g02-065-01-03,During,During,1
9485,g02-065-01-04,cutting,cutting,1
9486,g02-065-01-05,or,or,1
9487,g02-065-01-06,puncture,juncture,0
9488,g02-065-01-07,of,of,1
9489,g02-065-02-00,the,the,1
9490,g02-065-02-01,ventricles,ventricles,1
9491,g02-065-02-02,",",",",1
9492,g02-065-02-03,there,there,1
9493,g02-065-02-04,is,is,1
9494,g02-065-02-05,often,often,1
9495,g02-065-02-06,forcible,forcibly,0
9496,g02-065-02-07,expulsion,expulsion,1
9497,g02-065-03-00,of,of,1
9498,g02-065-03-01,blood,blood,1
9499,g02-065-03-02,from,from,1
9500,g02-065-03-03,the,the,1
9501,g02-065-03-04,wound,wand,0
9502,g02-065-03-05,.,.,1
9503,g02-065-03-06,Arterial,Arterial,1
9504,g02-065-03-07,diastole,diastole,1
9505,g02-065-03-08,is,is,1
9506,g02-065-04-00,thus,this,0
9507,g02-065-04-01,synchronous,synchronous,1
9508,g02-065-04-02,with,with,1
9509,g02-065-04-03,cardiac,cardiac,1
9510,g02-065-04-04,systole,stole,0
9511,g02-065-04-05,but,but,1
9512,g02-065-04-06,",",",",1
9513,g02-065-05-00,when,wehn,0
9514,g02-065-05-01,movement,movement,1
9515,g02-065-05-02,of,of,1
9516,g02-065-05-03,blood,blood,1
9517,g02-065-05-04,through,through,1
9518,g02-065-05-05,arteries,arteries,1
9519,g02-065-05-06,is,is,1
9520,g02-065-06-00,hindered,hindered,1
9521,g02-065-06-01,by,by,1
9522,g02-065-06-02,compression,compression,1
9523,g02-065-06-03,",",",",1
9524,g02-065-06-04,infarction,infarction,1
9525,g02-065-06-05,or,or,1
9526,g02-065-06-06,inter-,inter,0
9527,g02-065-07-00,ception,section,0
9528,g02-065-07-01,",",",",1
9529,g02-065-07-02,the,the,1
9530,g02-065-07-03,more,more,1
9531,g02-065-07-04,distal,distal,1
9532,g02-065-07-05,arteries,arteries,1
9533,g02-065-07-06,pulsate,plate,0
9534,g02-065-09-00,than,than,1
9535,g02-065-09-01,the,the,1
9536,g02-065-09-02,impulse,impulse,1
9537,g02-065-09-03,of,of,1
9538,g02-065-09-04,the,the,1
9539,g02-065-09-05,blood,blood,1
9540,g02-065-09-06,entering,entering,1
9541,g02-065-09-07,them,them,1
9542,g02-065-09-08,.,.,1
9543,g02-073-00-00,',',1
9544,g02-073-00-01,And,And,1
9545,g02-073-00-02,while,while,1
9546,g02-073-00-03,the,the,1
9547,g02-073-00-04,heart,heart,1
9548,g02-073-00-05,is,is,1
9549,g02-073-00-06,slowly,slowly,1
9550,g02-073-00-07,dying,dying,1
9551,g02-073-00-08,",",",",1
9552,g02-073-03-00,three,three,1
9553,g02-073-03-01,auricular,anvisular,0
9554,g02-073-03-02,beats,heat,0
9555,g02-073-03-03,",",",",1
9556,g02-073-03-04,produce,produce,1
9557,g02-073-03-05,a,a,1
9558,g02-073-03-06,single,single,1
9559,g03-000-00-00,Sentence,Sentence,1
9560,g03-000-00-01,Database,Database,1
9561,g03-000-01-00,Yet,Yet,1
9562,g03-000-01-01,in,in,1
9563,g03-000-01-02,spite,spite,1
9564,g03-000-01-03,of,of,1
9565,g03-000-01-04,the,the,1
9566,g03-000-01-05,fact,fact,1
9567,g03-000-01-06,that,that,1
9568,g03-000-01-07,his,his,1
9569,g03-000-01-08,ideas,ideas,1
9570,g03-000-01-09,did,did,1
9571,g03-000-01-10,his,hid,0
9572,g03-000-02-00,business,business,1
9573,g03-000-02-01,no,no,1
9574,g03-000-02-02,good,good,1
9575,g03-000-02-03,George,force,0
9576,g03-000-02-04,would,would,1
9577,g03-000-02-05,never,never,1
9578,g03-000-02-06,conceal,conceal,1
9579,g03-000-02-07,them,them,1
9580,g03-000-02-08,.,.,1
9581,g03-000-06-00,George,George,1
9582,g03-000-06-01,won,wan,0
9583,g03-000-06-02,many,may,0
9584,g03-000-06-03,prizes,prizes,1
9585,g03-000-06-04,",",",",1
9586,g03-000-06-05,and,and,1
9587,g03-000-06-06,though,though,1
9588,g03-000-06-07,some,some,1
9589,g03-000-06-08,people,people,1
9590,g03-000-08-00,would,would,1
9591,g03-000-08-01,",",",",1
9592,g03-000-08-02,and,and,1
9593,g03-000-08-03,the,the,1
9594,g03-000-08-04,comrades,comrades,1
9595,g03-000-08-05,helped,helped,1
9596,g03-000-08-06,in,in,1
9597,g03-000-08-07,many,many,1
9598,g03-000-09-00,ways,ways,1
9599,g03-000-09-01,.,.,1
9600,g03-004-00-00,When,When,1
9601,g03-004-00-01,eventually,eventually,1
9602,g03-004-00-02,the,the,1
9603,g03-004-00-03,ovens,over,0
9604,g03-004-00-04,were,were,1
9605,g03-004-00-05,fixed,fixed,1
9606,g03-004-00-06,at,at,1
9607,g03-004-00-07,the,the,1
9608,g03-004-00-08,new,new,1
9609,g03-004-00-09,shop,shop,1
9610,g03-004-00-10,",",",",1
9611,g03-004-00-11,the,the,1
9612,g03-004-00-12,tremen-,tremen-,1
9613,g03-032-00-00,Soon,too,0
9614,g03-032-00-01,they,they,1
9615,g03-032-00-02,were,were,1
9616,g03-032-00-03,good,good,1
9617,g03-032-00-04,enough,enough,1
9618,g03-032-00-05,to,to,1
9619,g03-032-00-06,sing,ring,0
9620,g03-032-00-07,at,at,1
9621,g03-032-00-08,meetings,meetings,1
9622,g03-032-00-09,.,.,1
9623,g03-032-01-00,One,and,0
9624,g03-032-01-01,of,of,1
9625,g03-032-01-02,the,the,1
9626,g03-032-01-03,helpful,helpful,1
9627,g03-032-01-04,by-products,by-products,1
9628,g03-032-01-05,was,was,1
9629,g03-032-01-06,that,that,1
9630,g03-032-02-00,they,they,1
9631,g03-032-02-01,were,were,1
9632,g03-032-02-02,able,able,1
9633,g03-032-02-03,to,to,1
9634,g03-032-02-04,obtain,obtain,1
9635,g03-032-02-05,some,some,1
9636,g03-032-02-06,respectable,respectable,1
9637,g03-032-04-00,and,and,1
9638,g03-032-04-01,Red,Red,1
9639,g03-032-04-02,Flag,Play,0
9640,g03-032-04-03,badge,badge,1
9641,g03-032-04-04,",",",",1
9642,g03-032-04-05,thus,then,0
9643,g03-032-04-06,presenting,presenting,1
9644,g03-032-04-07,a,a,1
9645,g03-032-04-08,much,much,1
9646,g03-032-05-00,better,better,1
9647,g03-032-05-01,appearance,appearance,1
9648,g03-032-05-02,.,.,1
9649,g03-032-05-03,Later,later,0
9650,g03-032-05-04,",",",",1
9651,g03-032-05-05,on,on,1
9652,g03-032-05-06,many,many,1
9653,g03-032-05-07,a,a,1
9654,g03-032-05-08,sunny,funny,0
9655,g03-032-05-09,Sunday,Sunday,1
9656,g03-032-06-00,evening,evening,1
9657,g03-032-06-01,",",",",1
9658,g03-032-06-02,when,when,1
9659,g03-032-06-03,George,George,1
9660,g03-032-06-04,went,went,1
9661,g03-032-06-05,to,to,1
9662,g03-032-06-06,speak,speak,1
9663,g03-032-06-07,at,at,1
9664,g03-032-06-08,Malin,Main,0
9665,g03-032-06-09,Bridge,Bridge,1
9666,g03-032-06-10,",",",",1
9667,g03-032-07-00,they,they,1
9668,g03-032-07-01,would,would,1
9669,g03-032-07-02,be,be,1
9670,g03-032-07-03,there,there,1
9671,g03-032-07-04,to,to,1
9672,g03-032-07-05,begin,begin,1
9673,g03-032-07-06,the,the,1
9674,g03-032-07-07,meeting,meeting,1
9675,g03-032-07-08,.,.,1
9676,g03-040-00-00,As,As,1
9677,g03-040-00-01,they,they,1
9678,g03-040-00-02,became,became,1
9679,g03-040-00-03,known,known,1
9680,g03-040-00-04,the,the,1
9681,g03-040-00-05,Choir,choir,0
9682,g03-040-00-06,went,went,1
9683,g03-040-00-07,to,to,1
9684,g03-040-00-08,working-,working,0
9685,g03-040-04-00,day,day,1
9686,g03-040-04-01,evenings,evenings,1
9687,g03-040-04-02,to,to,1
9688,g03-040-04-03,the,the,1
9689,g03-040-04-04,Corner,Comer,0
9690,g03-040-04-05,Pin,Sir,0
9691,g03-040-04-06,Hotel,Hotel,1
9692,g03-040-04-07,",",",",1
9693,g03-040-04-08,to,to,1
9694,g03-040-04-09,rally,rally,1
9695,g03-040-05-00,the,the,1
9696,g03-040-05-01,members,members,1
9697,g03-040-05-02,.,.,1
9698,g03-040-05-03,The,The,1
9699,g03-040-05-04,B.S.P.,...,0
9700,g03-040-05-05,also,also,1
9701,g03-040-05-06,rented,rented,1
9702,g03-040-05-07,pleasant,pleasant,1
9703,g03-040-05-08,rooms,rooms,1
9704,g03-040-06-00,on,on,1
9705,g03-040-06-01,West,West,1
9706,g03-040-06-02,Street,sheet,0
9707,g03-040-06-03,",",",",1
9708,g03-040-06-04,where,where,1
9709,g03-040-06-05,a,a,1
9710,g03-040-06-06,successful,successful,1
9711,g03-040-06-07,Sunday,Sunday,1
9712,g03-040-07-00,school,school,1
9713,g03-040-07-01,was,was,1
9714,g03-040-07-02,held,held,1
9715,g03-040-07-03,.,.,1
9716,g03-043-00-00,One,One,1
9717,g03-043-00-01,of,of,1
9718,g03-043-00-02,the,the,1
9719,g03-043-00-03,students,students,1
9720,g03-043-00-04,was,was,1
9721,g03-043-00-05,young,young,1
9722,g03-043-01-00,George,George,1
9723,g03-043-01-01,",",I,0
9724,g03-043-01-02,and,and,1
9725,g03-043-01-03,another,another,1
9726,g03-043-01-04,the,the,1
9727,g03-043-01-05,dark-haired,damb-hained,0
9728,g03-043-03-00,George,change,0
9729,g03-043-03-01,often,often,1
9730,g03-043-03-02,spoke,spoke,1
9731,g03-043-03-03,at,at,1
9732,g03-043-03-04,the,the,1
9733,g03-043-03-05,Sunday,Sunday,1
9734,g03-043-03-06,school,school,1
9735,g03-043-03-07,.,.,1
9736,g03-043-04-00,He,He,1
9737,g03-043-04-01,christened,christened,1
9738,g03-043-04-02,the,the,1
9739,g03-043-04-03,babies,babies,1
9740,g03-043-04-04,.,.,1
9741,g03-043-04-05,Also,All,0
9742,g03-043-04-06,",",",",1
9743,g03-043-04-07,when,when,1
9744,g03-043-06-00,at,at,1
9745,g03-043-06-01,funerals,funerals,1
9746,g03-043-06-02,.,.,1
9747,g03-043-06-03,Religion,Religion,1
9748,g03-043-06-04,was,was,1
9749,g03-043-06-05,one,one,1
9750,g03-043-06-06,of,of,1
9751,g03-043-06-07,his,his,1
9752,g03-043-06-08,pet,set,0
9753,g03-043-07-00,subjects,subjects,1
9754,g03-043-07-01,",",",",1
9755,g03-043-07-02,for,for,1
9756,g03-043-07-03,being,being,1
9757,g03-043-07-04,well,well,1
9758,g03-043-07-05,acquainted,acquainted,1
9759,g03-043-08-00,with,with,1
9760,g03-043-08-01,the,the,1
9761,g03-043-08-02,Bible,Bible,1
9762,g03-043-08-03,",",",",1
9763,g03-043-08-04,which,which,1
9764,g03-043-08-05,he,he,1
9765,g03-043-08-06,had,had,1
9766,g03-049-00-00,Although,Although,1
9767,g03-049-00-01,his,Sis,0
9768,g03-049-00-02,ideas,clear,0
9769,g03-049-00-03,were,were,1
9770,g03-049-00-04,diametrically,dliomedically,0
9771,g03-049-00-05,opposed,opposed,1
9772,g03-049-01-00,to,to,1
9773,g03-049-01-01,those,Rose,0
9774,g03-049-01-02,of,of,1
9775,g03-049-01-03,parsons,persons,0
9776,g03-049-01-04,he,be,0
9777,g03-049-01-05,got,god,0
9778,g03-049-01-06,on,on,1
9779,g03-049-01-07,wonderfully,bondsfully,0
9780,g03-049-01-08,well,well,1
9781,g03-049-02-00,with,with,1
9782,g03-049-02-01,them,them,1
9783,g03-049-02-02,",",",",1
9784,g03-049-02-03,particularly,particularly,1
9785,g03-049-02-04,those,those,1
9786,g03-049-02-05,who,who,1
9787,g03-049-02-06,",",",",1
9788,g03-049-02-07,like,lise,0
9789,g03-049-02-08,the,He,0
9790,g03-049-02-09,Rev.,let,0
9791,g03-049-04-00,the,by,0
9792,g03-049-04-01,Church,Cousin,0
9793,g03-049-04-02,Socialist,Socialist,1
9794,g03-049-04-03,League,League,1
9795,g03-049-04-04,",",",",1
9796,g03-049-04-05,genuinely,gancisely,0
9797,g03-049-04-06,advocated,advocated,1
9798,g03-049-05-00,socialism,Socialism,0
9799,g03-049-05-01,.,.,1
9800,g03-049-05-02,With,Golf,0
9801,g03-049-05-03,such,says,0
9802,g03-049-05-04,men,men,1
9803,g03-049-05-05,",",",",1
9804,g03-049-05-06,who,so,0
9805,g03-049-05-07,had,loaded,0
9806,g03-049-05-08,the,t,0
9807,g03-049-06-00,courage,courage,1
9808,g03-049-06-01,of,of,1
9809,g03-049-06-02,their,Heir,0
9810,g03-049-06-03,convictions,convictions,1
9811,g03-049-06-04,and,and,1
9812,g03-049-06-05,their,hers,0
9813,g03-049-07-00,Christianity,Ginslianisty,0
9814,g03-049-07-01,",",",",1
9815,g03-049-07-02,common,common,1
9816,g03-049-07-03,ground,ground,1
9817,g03-049-07-04,could,could,1
9818,g03-049-07-05,be,be,1
9819,g03-049-07-06,found,found,1
9820,g03-049-07-07,.,.,1
9821,g03-052-00-00,There,There,1
9822,g03-052-00-01,was,was,1
9823,g03-052-00-02,no,no,1
9824,g03-052-00-03,abatement,amusement,0
9825,g03-052-00-04,in,in,1
9826,g03-052-00-05,political,political,1
9827,g03-052-01-00,work,work,1
9828,g03-052-01-01,.,.,1
9829,g03-052-01-02,The,The,1
9830,g03-052-01-03,British,British,1
9831,g03-052-01-04,Socialist,socialist,0
9832,g03-052-01-05,Party,Party,1
9833,g03-052-01-06,endea-,ended,0
9834,g03-052-03-00,Council,Council,1
9835,g03-052-03-01,",",",",1
9836,g03-052-03-02,and,and,1
9837,g03-052-03-03,to,to,1
9838,g03-052-03-04,Parliament,Parliament,1
9839,g03-052-03-05,",",",",1
9840,g03-052-03-06,being,being,1
9841,g03-052-03-07,deter-,deter,0
9842,g03-052-04-00,mined,mined,1
9843,g03-052-04-01,and,and,1
9844,g03-052-04-02,obdurate,doctorate,0
9845,g03-052-04-03,in,in,1
9846,g03-052-04-04,their,their,1
9847,g03-052-04-05,attitude,attitude,1
9848,g03-052-04-06,that,that,1
9849,g03-052-05-00,their,their,1
9850,g03-052-05-01,candidate,candidate,1
9851,g03-052-05-02,must,must,1
9852,g03-052-05-03,go,go,1
9853,g03-052-05-04,forward,forward,1
9854,g03-052-05-05,in,in,1
9855,g03-052-05-06,the,the,1
9856,g03-052-06-00,elections,elections,1
9857,g03-052-06-01,.,.,1
9858,g03-052-06-02,In,in,0
9859,g03-052-06-03,the,the,1
9860,g03-052-06-04,Sheffield,sheffield,0
9861,g03-052-06-05,Trades,Trades,1
9862,g03-052-06-06,and,and,1
9863,g03-052-06-07,Labour,Labour,1
9864,g03-052-07-00,Council,Council,1
9865,g03-052-07-01,meeting,meeting,1
9866,g03-052-07-02,on,a,0
9867,g03-052-07-03,October,October,1
9868,g03-052-07-04,16,16,1
9869,g03-052-07-05,",",",",1
9870,g03-052-07-06,1912,1912,1
9871,g03-052-07-07,",",",",1
9872,g03-052-07-08,George,George,1
9873,g03-052-08-00,had,had,1
9874,g03-052-08-01,said,said,1
9875,g03-052-08-02,",",",",1
9876,g03-052-08-03,',"""",0
9877,g03-052-08-04,Mr.,Mr.,1
9878,g03-052-08-05,Barton,Barton,1
9879,g03-052-08-06,would,would,1
9880,g03-052-08-07,go,go,1
9881,g03-052-08-08,to,to,1
9882,g03-052-08-09,the,the,1
9883,g03-052-08-10,poll,soil,0
9884,g03-052-08-11,.,.,1
9885,g03-052-09-00,Just,Just,1
9886,g03-052-09-01,as,as,1
9887,g03-052-09-02,the,the,1
9888,g03-052-09-03,Labour,Labour,1
9889,g03-052-09-04,Party,Party,1
9890,g03-052-09-05,had,had,1
9891,g03-052-09-06,fought,fought,1
9892,g03-052-09-07,the,the,1
9893,g03-052-10-00,Liberals,Liberals,1
9894,g03-052-10-01,",",",",1
9895,g03-052-10-02,they,they,1
9896,g03-052-10-03,were,here,0
9897,g03-052-10-04,going,going,1
9898,g03-052-10-05,to,to,1
9899,g03-052-10-06,fight,fight,1
9900,g03-052-10-07,the,the,1
9901,g03-052-10-08,Labour,Labour,1
9902,g03-064-00-00,Alf,key,0
9903,g03-064-00-01,Barton,Briton,0
9904,g03-064-00-02,",",',0
9905,g03-064-00-03,who,who,1
9906,g03-064-00-04,in,in,1
9907,g03-064-00-05,1911,1961,0
9908,g03-064-00-06,was,Mr.,0
9909,g03-064-00-07,presented,presented,1
9910,g03-064-01-00,with,with,1
9911,g03-064-01-01,a,.,0
9912,g03-064-01-02,book,took,0
9913,g03-064-01-03,on,on,1
9914,g03-064-01-04,the,the,1
9915,g03-064-01-05,life,life,1
9916,g03-064-01-06,of,of,1
9917,g03-064-01-07,Marx,Mast,0
9918,g03-064-01-08,",",",",1
9919,g03-064-02-00,and,and,1
9920,g03-064-02-01,a,a,1
9921,g03-064-02-02,gold,cold,0
9922,g03-064-02-03,purse,purse,1
9923,g03-064-02-04,in,in,1
9924,g03-064-02-05,recognition,recognition,1
9925,g03-064-02-06,of,a,0
9926,g03-064-02-07,his,his,1
9927,g03-064-03-00,work,work,1
9928,g03-064-03-01,for,for,1
9929,g03-064-03-02,the,the,1
9930,g03-064-03-03,movement,movement,1
9931,g03-064-03-04,",",',0
9932,g03-064-03-05,was,won,0
9933,g03-064-03-06,later,enter,0
9934,g03-064-05-00,cessary,peering,0
9935,g03-064-05-01,to,to,1
9936,g03-064-05-02,understand,nesting,0
9937,g03-064-05-03,Marxism,Martin,0
9938,g03-064-05-04,in,in,1
9939,g03-064-05-05,order,order,1
9940,g03-064-05-06,to,to,1
9941,g03-064-07-00,he,he,1
9942,g03-064-07-01,was,was,1
9943,g03-064-07-02,a,',0
9944,g03-064-07-03,keen,free,0
9945,g03-064-07-04,member,center,0
9946,g03-064-07-05,of,a,0
9947,g03-064-07-06,the,to,0
9948,g03-064-07-07,B.S.P.,G.O.P.,0
9949,g03-064-07-08,.,.,1
9950,g04-022-00-00,After,After,1
9951,g04-022-00-01,the,the,1
9952,g04-022-00-02,First,first,0
9953,g04-022-00-03,World,Wold,0
9954,g04-022-00-04,War,far,0
9955,g04-022-00-05,",",",",1
9956,g04-022-00-06,1914,1914,1
9957,g04-022-00-07,",",",",1
9958,g04-022-00-08,I,I,1
9959,g04-022-00-09,did,did,1
9960,g04-022-00-10,not,not,1
9961,g04-022-00-11,visit,visit,1
9962,g04-022-01-00,Germany,Germany,1
9963,g04-022-01-01,for,for,1
9964,g04-022-01-02,ten,ter,0
9965,g04-022-01-03,years,years,1
9966,g04-022-01-04,",",",",1
9967,g04-022-01-05,by,by,1
9968,g04-022-01-06,which,which,1
9969,g04-022-01-07,time,time,1
9970,g04-022-01-08,in,in,1
9971,g04-022-02-00,1924,1924,1
9972,g04-022-02-01,I,I,1
9973,g04-022-02-02,was,was,1
9974,g04-022-02-03,in,in,1
9975,g04-022-02-04,a,a,1
9976,g04-022-02-05,different,different,1
9977,g04-022-02-06,parish,parish,1
9978,g04-022-02-07,in,in,1
9979,g04-022-02-08,Surrey,Surrey,1
9980,g04-022-02-09,.,.,1
9981,g04-022-03-00,Towards,Towards,1
9982,g04-022-03-01,the,the,1
9983,g04-022-03-02,end,end,1
9984,g04-022-03-03,of,of,1
9985,g04-022-03-04,my,my,1
9986,g04-022-03-05,five,five,1
9987,g04-022-03-06,and,and,1
9988,g04-022-03-07,a,a,1
9989,g04-022-03-08,half,half,1
9990,g04-022-03-09,years',years',1
9991,g04-022-04-00,incumbency,incombency,0
9992,g04-022-04-01,I,I,1
9993,g04-022-04-02,was,was,1
9994,g04-022-04-03,asked,asked,1
9995,g04-022-04-04,if,3,0
9996,g04-022-04-05,I,I,1
9997,g04-022-04-06,would,would,1
9998,g04-022-04-07,start,start,1
9999,g04-022-05-00,a,a,1
10000,g04-022-05-01,village,village,1
10001,g04-022-05-02,choral,chore,0
10002,g04-022-05-03,society,society,1
10003,g04-022-05-04,and,and,1
10004,g04-022-05-05,conduct,conduct,1
10005,g04-022-05-06,it,it,1
10006,g04-022-05-07,.,.,1
10007,g04-022-06-00,This,This,1
10008,g04-022-06-01,opened,opened,1
10009,g04-022-06-02,up,up,1
10010,g04-022-06-03,a,a,1
10011,g04-022-06-04,new,new,1
10012,g04-022-06-05,interest,interest,1
10013,g04-022-06-06,",",",",1
10014,g04-022-06-07,and,and,1
10015,g04-022-06-08,we,we,1
10016,g04-022-06-09,plunged,planned,0
10017,g04-022-07-00,into,into,1
10018,g04-022-07-01,it,it,1
10019,g04-022-07-02,.,.,1
10020,g04-043-00-00,But,But,1
10021,g04-043-00-01,what,what,1
10022,g04-043-00-02,a,a,1
10023,g04-043-00-03,change,change,1
10024,g04-043-00-04,from,from,1
10025,g04-043-00-05,the,the,1
10026,g04-043-00-06,dear,dear,1
10027,g04-043-00-07,little,little,1
10028,g04-043-00-08,old,old,1
10029,g04-043-00-09,church,church,1
10030,g04-043-01-00,at,at,1
10031,g04-043-01-01,Tatsfield,Tatsfield,1
10032,g04-043-01-02,to,to,1
10033,g04-043-01-03,the,the,1
10034,g04-043-01-04,great,great,1
10035,g04-043-01-05,modern,modern,1
10036,g04-043-01-06,church,church,1
10037,g04-043-01-07,of,of,1
10038,g04-043-01-08,St.,St.,1
10039,g04-043-01-09,Mark's,Mark's,1
10040,g04-043-02-00,at,at,1
10041,g04-043-02-01,Purley,Purley,1
10042,g04-043-02-02,.,.,1
10043,g04-043-02-03,One,One,1
10044,g04-043-02-04,felt,felt,1
10045,g04-043-02-05,at,at,1
10046,g04-043-02-06,Tatsfield,Tatsfield,1
10047,g04-043-02-07,that,that,1
10048,g04-043-02-08,",",",",1
10049,g04-043-02-09,small,small,1
10050,g04-043-02-10,as,as,1
10051,g04-043-02-11,the,the,1
10052,g04-043-04-00,had,had,1
10053,g04-043-04-01,been,been,1
10054,g04-043-04-02,a,a,1
10055,g04-043-04-03,House,House,1
10056,g04-043-04-04,of,of,1
10057,g04-043-04-05,Prayer,traders,0
10058,g04-043-04-06,.,.,1
10059,g04-043-04-07,I,I,1
10060,g04-043-04-08,could,could,1
10061,g04-043-04-09,not,not,1
10062,g04-043-04-10,but,but,1
10063,g04-043-04-11,feel,feel,1
10064,g04-043-04-12,the,the,1
10065,g04-043-05-00,chilliness,chilliness,1
10066,g04-043-05-01,of,of,1
10067,g04-043-05-02,the,the,1
10068,g04-043-05-03,new,new,1
10069,g04-043-05-04,church,Church,0
10070,g04-043-05-05,",",",",1
10071,g04-043-05-06,beautiful,beautiful,1
10072,g04-043-05-07,as,as,1
10073,g04-043-05-08,it,it,1
10074,g04-043-05-09,was,was,1
10075,g04-043-05-10,and,and,1
10076,g04-043-05-11,is,is,1
10077,g04-043-05-12,.,.,1
10078,g04-043-06-00,When,when,0
10079,g04-043-06-01,we,we,1
10080,g04-043-06-02,had,had,1
10081,g04-043-06-03,found,found,1
10082,g04-043-06-04,a,a,1
10083,g04-043-06-05,group,group,1
10084,g04-043-06-06,of,of,1
10085,g04-043-06-07,people,people,1
10086,g04-043-06-08,who,who,1
10087,g04-043-06-09,gladly,gladly,1
10088,g04-043-07-00,co-operated,cooperated,0
10089,g04-043-07-01,",",",",1
10090,g04-043-07-02,we,we,1
10091,g04-043-07-03,made,made,1
10092,g04-043-07-04,the,the,1
10093,g04-043-07-05,little,little,1
10094,g04-043-07-06,side,side,1
10095,g04-043-07-07,chapel,chapel,1
10096,g04-043-07-08,a,a,1
10097,g04-043-07-09,place,place,1
10098,g04-043-08-00,of,of,1
10099,g04-043-08-01,daily,daily,1
10100,g04-043-08-02,prayer,prayer,1
10101,g04-043-08-03,.,.,1
10102,g04-048-00-00,I,I,1
10103,g04-048-00-01,suggested,suggested,1
10104,g04-048-00-02,to,to,1
10105,g04-048-00-03,the,the,1
10106,g04-048-00-04,congregation,congregation,1
10107,g04-048-00-05,that,that,1
10108,g04-048-00-06,it,it,1
10109,g04-048-00-07,needed,needed,1
10110,g04-048-01-00,warming,warming,1
10111,g04-048-01-01,up,up,1
10112,g04-048-01-02,by,by,1
10113,g04-048-01-03,constant,constant,1
10114,g04-048-01-04,prayer,prayer,1
10115,g04-048-01-05,and,and,1
10116,g04-048-01-06,worship,worship,1
10117,g04-048-01-07,",",",",1
10118,g04-048-01-08,and,and,1
10119,g04-048-01-09,we,we,1
10120,g04-048-02-00,found,found,1
10121,g04-048-02-01,many,many,1
10122,g04-048-02-02,to,to,1
10123,g04-048-02-03,help,help,1
10124,g04-048-02-04,.,.,1
10125,g04-048-02-05,Gifts,lifts,0
10126,g04-048-02-06,of,of,1
10127,g04-048-02-07,candlesticks,candlestictes,0
10128,g04-048-02-08,and,and,1
10129,g04-048-03-00,stained-glass,stalred-gloss,0
10130,g04-048-03-01,lancet,lance,0
10131,g04-048-03-02,windows,windows,1
10132,g04-048-03-03,-,.,0
10133,g04-048-03-04,finally,Finally,0
10134,g04-048-03-05,a,a,1
10135,g04-048-03-06,new,new,1
10136,g04-048-03-07,altar,altar,1
10137,g04-048-03-08,-,-,1
10138,g04-048-04-00,helped,helped,1
10139,g04-048-04-01,to,to,1
10140,g04-048-04-02,furnish,Furnish,0
10141,g04-048-04-03,the,the,1
10142,g04-048-04-04,chapel,chapel,1
10143,g04-048-04-05,as,as,1
10144,g04-048-04-06,a,a,1
10145,g04-048-04-07,little,little,1
10146,g04-048-04-08,sanctuary,Sanctuary,0
10147,g04-048-05-00,for,for,1
10148,g04-048-05-01,prayer,prayer,1
10149,g04-048-05-02,and,and,1
10150,g04-048-05-03,quiet,quiet,1
10151,g04-048-05-04,.,.,1
10152,g04-048-05-05,In,In,1
10153,g04-048-05-06,time,time,1
10154,g04-048-05-07,we,we,1
10155,g04-048-05-08,received,received,1
10156,g04-048-05-09,similar,similar,1
10157,g04-048-07-00,windows,windows,1
10158,g04-048-07-01,.,.,1
10159,g04-052-00-00,It,It,1
10160,g04-052-00-01,was,was,1
10161,g04-052-00-02,very,very,1
10162,g04-052-00-03,interesting,interesting,1
10163,g04-052-00-04,to,to,1
10164,g04-052-00-05,have,have,1
10165,g04-052-00-06,the,the,1
10166,g04-052-00-07,privilege,privilege,1
10167,g04-052-00-08,of,of,1
10168,g04-052-00-09,filling,filling,1
10169,g04-052-01-00,such,Such,0
10170,g04-052-01-01,a,a,1
10171,g04-052-01-02,beautiful,beautiful,1
10172,g04-052-01-03,building,building,1
10173,g04-052-01-04,with,with,1
10174,g04-052-01-05,suitable,suitable,1
10175,g04-052-01-06,fittings,fittings,1
10176,g04-052-01-07,;,'s,0
10177,g04-052-01-08,I,I,1
10178,g04-052-01-09,made,made,1
10179,g04-052-03-00,the,the,1
10180,g04-052-03-01,architect,architect,1
10181,g04-052-03-02,",",",",1
10182,g04-052-03-03,himself,himself,1
10183,g04-052-03-04,a,a,1
10184,g04-052-03-05,fine,fine,1
10185,g04-052-03-06,artist,artist,1
10186,g04-052-03-07,.,.,1
10187,g04-052-03-08,It,It,1
10188,g04-052-03-09,is,is,1
10189,g04-052-03-10,quite,quite,1
10190,g04-052-03-11,possible,possible,1
10191,g04-052-04-00,to,to,1
10192,g04-052-04-01,put,put,1
10193,g04-052-04-02,beautiful,beautiful,1
10194,g04-052-04-03,things,things,1
10195,g04-052-04-04,into,into,1
10196,g04-052-04-05,a,a,1
10197,g04-052-04-06,beautiful,beautiful,1
10198,g04-052-04-07,church,church,1
10199,g04-052-05-00,and,and,1
10200,g04-052-05-01,yet,yet,1
10201,g04-052-05-02,spoil,spoil,1
10202,g04-052-05-03,the,the,1
10203,g04-052-05-04,building,building,1
10204,g04-052-05-05,with,with,1
10205,g04-052-05-06,ornaments,ornaments,1
10206,g04-052-05-07,unsui-,unsung,0
10207,g04-052-06-00,table,table,1
10208,g04-052-06-01,to,to,1
10209,g04-052-06-02,the,the,1
10210,g04-052-06-03,environs,environs,1
10211,g04-052-06-04,.,.,1
10212,g04-068-00-00,Meanwhile,Meanwhile,1
10213,g04-068-00-01,in,in,1
10214,g04-068-00-02,Purley,Purley,1
10215,g04-068-00-03,there,there,1
10216,g04-068-00-04,was,was,1
10217,g04-068-00-05,much,much,1
10218,g04-068-00-06,activity,activity,1
10219,g04-068-00-07,and,and,1
10220,g04-068-00-08,much,much,1
10221,g04-068-02-00,At,At,1
10222,g04-068-02-01,a,a,1
10223,g04-068-02-02,large,large,1
10224,g04-068-02-03,public,public,1
10225,g04-068-02-04,meeting,meeting,1
10226,g04-068-02-05,we,we,1
10227,g04-068-02-06,launched,launched,1
10228,g04-068-02-07,the,the,1
10229,g04-068-02-08,project,project,1
10230,g04-068-02-09,known,known,1
10231,g04-068-02-10,as,as,1
10232,g04-068-02-11,the,the,1
10233,g04-068-05-00,wives,wives,1
10234,g04-068-05-01,and,and,1
10235,g04-068-05-02,relations,relations,1
10236,g04-068-05-03,of,of,1
10237,g04-068-05-04,the,the,1
10238,g04-068-05-05,soldiers,soldiers,1
10239,g04-068-05-06,to,to,1
10240,g04-068-05-07,get,get,1
10241,g04-068-05-08,their,their,1
10242,g04-068-05-09,',a,0
10243,g04-068-05-10,Separation,Separation,1
10244,g04-068-05-11,',),0
10245,g04-068-07-00,in,in,1
10246,g04-068-07-01,the,the,1
10247,g04-068-07-02,winter,winter,1
10248,g04-068-07-03,of,of,1
10249,g04-068-07-04,1914,1914,1
10250,g04-068-07-05,and,and,1
10251,g04-068-07-06,1915,1913,0
10252,g04-068-07-07,the,the,1
10253,g04-068-07-08,matter,matter,1
10254,g04-068-07-09,of,of,1
10255,g04-068-07-10,War,War,1
10256,g04-068-07-11,Pensions,Pensions,1
10257,g04-068-09-00,of,of,1
10258,g04-068-09-01,the,the,1
10259,g04-068-09-02,Committee,Committee,1
10260,g04-068-09-03,in,in,1
10261,g04-068-09-04,Coulsdon,Coulson,0
10262,g04-068-09-05,and,and,1
10263,g04-068-09-06,Purley,Parker,0
10264,g04-068-09-07,.,.,1
10265,g04-072-01-00,Purley,Purley,1
10266,g04-072-01-01,",",",",1
10267,g04-072-01-02,and,and,1
10268,g04-072-01-03,from,from,1
10269,g04-072-01-04,1922,1922,1
10270,g04-072-01-05,at,at,1
10271,g04-072-01-06,Surbiton,Surbiton,1
10272,g04-072-01-07,",",",",1
10273,g04-072-01-08,I,",",0
10274,g04-072-01-09,was,was,1
10275,g04-072-01-10,continuously,Continuously,0
10276,g04-072-03-00,task,task,1
10277,g04-072-03-01,involved,involved,1
10278,g04-072-03-02,a,a,1
10279,g04-072-03-03,very,very,1
10280,g04-072-03-04,great,great,1
10281,g04-072-03-05,deal,deal,1
10282,g04-072-03-06,of,of,1
10283,g04-072-03-07,detailed,detailed,1
10284,g04-072-03-08,work,work,1
10285,g04-072-03-09,for,for,1
10286,g04-072-04-00,the,the,1
10287,g04-072-04-01,Committee,Committee,1
10288,g04-072-04-02,.,.,1
10289,g04-072-04-03,We,We,1
10290,g04-072-04-04,had,had,1
10291,g04-072-04-05,a,a,1
10292,g04-072-04-06,splendid,splendid,1
10293,g04-072-04-07,body,body,1
10294,g04-072-04-08,of,of,1
10295,g04-072-04-09,local,local,1
10296,g04-072-04-10,residents,residents,1
10297,g04-072-04-11,",",",",1
10298,g04-072-06-00,Committee,Committee,1
10299,g04-072-06-01,met,met,1
10300,g04-072-06-02,once,once,1
10301,g04-072-06-03,a,a,1
10302,g04-072-06-04,week,week,1
10303,g04-072-06-05,in,in,1
10304,g04-072-06-06,the,the,1
10305,g04-072-06-07,evenings,evenings,1
10306,g04-072-06-08,",",",",1
10307,g04-072-06-09,and,and,1
10308,g04-072-07-00,included,included,1
10309,g04-072-07-01,professional,professional,1
10310,g04-072-07-02,men,men,1
10311,g04-072-07-03,from,from,1
10312,g04-072-07-04,every,every,1
10313,g04-072-07-05,walk,wall,0
10314,g04-072-07-06,of,of,1
10315,g04-072-08-00,life,life,1
10316,g04-072-08-01,.,.,1
10317,g07-000b-01-00,to,to,1
10318,g07-000b-01-01,Douglas,Douglas,1
10319,g07-000b-01-02,Kinnaird,Himmanind,0
10320,g07-000b-01-03,saying,saying,1
10321,g07-000b-01-04,that,that,1
10322,g07-000b-01-05,it,it,1
10323,g07-000b-01-06,was,was,1
10324,g07-000b-01-07,incorrect,incorrect,1
10325,g07-000b-02-00,throughout,throughout,1
10326,g07-000b-02-01,.,.,1
10327,g07-000b-02-02,He,He,1
10328,g07-000b-02-03,had,had,1
10329,g07-000b-02-04,no,my,0
10330,g07-000b-02-05,sooner,alone,0
10331,g07-000b-02-06,heard,heard,1
10332,g07-000b-02-07,from,from,1
10333,g07-000b-02-08,Count,Come,0
10334,g07-000b-02-09,Gamba,extra,0
10335,g07-000b-03-00,and,and,1
10336,g07-000b-03-01,Fletcher,Fletcher,1
10337,g07-000b-03-02,that,that,1
10338,g07-000b-03-03,Byron,Byron,1
10339,g07-000b-03-04,would,would,1
10340,g07-000b-03-05,have,Rule,0
10341,g07-000b-03-06,wished,wished,1
10342,g07-000b-03-07,his,his,1
10343,g07-000b-04-00,body,body,1
10344,g07-000b-04-01,to,to,1
10345,g07-000b-04-02,return,return,1
10346,g07-000b-04-03,to,to,1
10347,g07-000b-04-04,England,England,1
10348,g07-000b-04-05,than,then,0
10349,g07-000b-04-06,that,that,1
10350,g07-000b-04-07,course,course,1
10351,g07-000b-04-08,was,was,1
10352,g07-000b-05-00,',",",0
10353,g07-000b-05-01,immediately,immediately,1
10354,g07-000b-05-02,carried,carried,1
10355,g07-000b-05-03,into,into,1
10356,g07-000b-05-04,effect,effect,1
10357,g07-000b-05-05,',",",0
10358,g07-000b-05-06,-,-,1
10359,g07-000b-05-07,not,not,1
10360,g07-000b-05-08,in,in,1
10361,g07-000b-05-09,spite,ate,0
10362,g07-000b-05-10,of,of,1
10363,g07-000b-05-11,himself,himself,1
10364,g07-000b-06-00,and,and,1
10365,g07-000b-06-01,Sir,Sir,1
10366,g07-000b-06-02,Frederick,Frederick,1
10367,g07-000b-06-03,Stoven,Stevens,0
10368,g07-000b-06-04,",",",",1
10369,g07-000b-06-05,but,but,1
10370,g07-000b-06-06,with,with,1
10371,g07-000b-06-07,their,their,1
10372,g07-000b-06-08,perfect,perfect,1
10373,g07-000b-06-09,con-,con-,1
10374,g07-000b-07-00,currence,casveice,0
10375,g07-000b-07-01,",",",",1
10376,g07-000b-07-02,while,while,1
10377,g07-000b-07-03,',",",0
10378,g07-000b-07-04,General,General,1
10379,g07-000b-07-05,Adam,Alan,0
10380,g07-000b-07-06,was,was,1
10381,g07-000b-07-07,at,at,1
10382,g07-000b-07-08,Corfu,Carl,0
10383,g07-000b-07-09,the,the,1
10384,g07-000b-07-10,whole,whole,1
10385,g07-000b-08-00,time,line,0
10386,g07-000b-08-01,and,and,1
10387,g07-000b-08-02,#,#,1
10388,g07-000b-08-03,never,never,1
10389,g07-000b-08-04,interfered,interfered,1
10390,g07-000b-08-05,in,in,1
10391,g07-000b-08-06,the,the,1
10392,g07-000b-08-07,slightest,slightest,1
10393,g07-000b-09-00,degree,degree,1
10394,g07-000b-09-01,about,about,1
10395,g07-000b-09-02,the,the,1
10396,g07-000b-09-03,matter,smaller,0
10397,g07-000b-09-04,',",",0
10398,g07-000b-09-05,.,.,1
10399,g07-079a-02-00,her,her,1
10400,g07-079a-02-01,practically,practically,1
10401,g07-079a-02-02,all,al,0
10402,g07-079a-02-03,his,his,1
10403,g07-079a-02-04,money,money,1
10404,g07-079a-02-05,caused,caused,1
10405,g07-079a-02-06,it,it,1
10406,g07-079a-02-07,to,to,1
10407,g07-079a-03-00,crumble,tremble,0
10408,g07-079a-03-01,to,to,1
10409,g07-079a-03-02,oblivion,oblivion,1
10410,g07-079a-03-03,.,.,1
10411,g07-079a-03-04,Though,tough,0
10412,g07-079a-03-05,Lady,Lady,1
10413,g07-079a-03-06,Byron,Byron,1
10414,g07-079a-04-00,knew,knew,1
10415,g07-079a-04-01,perfectly,perfectly,1
10416,g07-079a-04-02,well,well,1
10417,g07-079a-04-03,that,that,1
10418,g07-079a-04-04,Byron,Byron,1
10419,g07-079a-04-05,",",",",1
10420,g07-079a-04-06,as,as,1
10421,g07-079a-04-07,early,early,1
10422,g07-079a-08-00,and,and,1
10423,g07-079a-08-01,it,if,0
10424,g07-079a-08-02,came,come,0
10425,g07-079a-08-03,as,as,1
10426,g07-079a-08-04,an,an,1
10427,g07-079a-08-05,appalling,appalling,1
10428,g07-079a-08-06,surprise,surprise,1
10429,g07-079a-08-07,to,to,1
10430,g07-079a-09-00,Captain,Captain,1
10431,g07-079a-09-01,Byron,Byron,1
10432,g07-079a-09-02,that,that,1
10433,g07-079a-09-03,he,he,1
10434,g07-079a-09-04,had,had,1
10435,g07-079a-09-05,been,been,1
10436,g07-079a-09-06,left,left,1
10437,g07-079a-10-00,without,without,1
10438,g07-079a-10-01,the,the,1
10439,g07-079a-10-02,fortune,fortune,1
10440,g07-079a-10-03,that,That,0
10441,g07-079a-10-04,would,would,1
10442,g07-079a-10-05,keep,keep,1
10443,g07-079a-10-06,up,up,1
10444,g07-079a-10-07,the,the,1
10445,m01-049-00-00,He,He,1
10446,m01-049-00-01,rose,rose,1
10447,m01-049-00-02,from,from,1
10448,m01-049-00-03,his,his,1
10449,m01-049-00-04,breakfast-nook,dreakforimonk,0
10450,m01-049-00-05,bench,bench,1
10451,m01-049-01-00,and,and,1
10452,m01-049-01-01,came,came,1
10453,m01-049-01-02,into,into,1
10454,m01-049-01-03,the,he,0
10455,m01-049-01-04,livingroom,biingioon,0
10456,m01-049-01-05,",",",",1
10457,m01-049-01-06,where,where,1
10458,m01-049-02-00,Heather,Heather,1
10459,m01-049-02-01,and,and,1
10460,m01-049-02-02,Steve,never,0
10461,m01-049-02-03,stood,Mood,0
10462,m01-049-02-04,aghast,again,0
10463,m01-049-02-05,at,at,1
10464,m01-049-03-00,his,his,1
10465,m01-049-03-01,entrance,entrance,1
10466,m01-049-03-02,.,.,1
10467,m01-049-03-03,He,He,1
10468,m01-049-03-04,came,came,1
10469,m01-049-03-05,",",",",1
10470,m01-049-03-06,almost,Othon,0
10471,m01-049-03-07,falling,falling,1
10472,m01-049-04-00,forward,forward,1
10473,m01-049-04-01,in,in,1
10474,m01-049-04-02,an,a,0
10475,m01-049-04-03,ungainly,ungainly,1
10476,m01-049-04-04,shuffle,shuffle,1
10477,m01-049-04-05,",",",",1
10478,m01-049-04-06,neck,neck,1
10479,m01-049-05-00,thrust,thick,0
10480,m01-049-05-01,out,out,1
10481,m01-049-05-02,",",",",1
10482,m01-049-05-03,arms,and,0
10483,m01-049-05-04,dangling,dangling,1
10484,m01-049-05-05,loosely,loosely,1
10485,m01-049-05-06,.,.,1
10486,m01-049-06-00,Then,Ten,0
10487,m01-049-06-01,",",",",1
10488,m01-049-06-02,abruptly,abruptly,1
10489,m01-049-06-03,",",",",1
10490,m01-049-06-04,he,be,0
10491,m01-049-06-05,drew,view,0
10492,m01-049-06-06,himself,himself,1
10493,m01-049-06-07,up,up,1
10494,m01-049-07-00,and,and,1
10495,m01-049-07-01,walked,walked,1
10496,m01-049-07-02,on,on,1
10497,m01-049-07-03,the,see,0
10498,m01-049-07-04,very,very,1
10499,m01-049-07-05,tips,lips,0
10500,m01-049-07-06,of,of,1
10501,m01-049-08-00,his,his,1
10502,m01-049-08-01,toes,foes,0
10503,m01-049-08-02,.,.,1
10504,m01-049-08-03,He,He,1
10505,m01-049-08-04,stretched,sliced,0
10506,m01-049-08-05,his,Sir,0
10507,m01-049-08-06,arms,ares,0
10508,m01-049-10-00,drawing-in,drawingrig,0
10509,m01-049-10-01,great,red,0
10510,m01-049-10-02,breaths,balls,0
10511,m01-049-10-03,that,led,0
10512,m01-060-02-00,forward,forward,1
10513,m01-060-02-01,.,.,1
10514,m01-060-02-02,"""","""",1
10515,m01-060-02-03,Isn't,Br't,0
10516,m01-060-02-04,it,it,1
10517,m01-060-02-05,a,a,1
10518,m01-060-02-06,glorious,glorious,1
10519,m01-060-02-07,thing,thing,1
10520,m01-060-02-08,!,!,1
10521,m01-060-02-09,Long,long,0
10522,m01-060-02-10,awaited,awaited,1
10523,m01-060-03-00,transcendent,transcendent,1
10524,m01-060-03-01,event,event,1
10525,m01-060-03-02,",",",",1
10526,m01-060-03-03,the,the,1
10527,m01-060-03-04,exalted,exalted,1
10528,m01-060-03-05,desire,desire,1
10529,m01-060-03-06,of,of,1
10530,m01-060-03-07,all,all,1
10531,m01-060-04-00,mankind,mankind,1
10532,m01-060-04-01,through,through,1
10533,m01-060-04-02,all,all,1
10534,m01-060-04-03,ages,ages,1
10535,m01-060-04-04,!,!,1
10536,m01-060-04-05,The,The,1
10537,m01-060-04-06,Kingdom,Kingdom,1
10538,m01-060-04-07,of,of,1
10539,m01-060-04-08,the,the,1
10540,m01-060-05-00,Mind,Mind,1
10541,m01-060-05-01,is,is,1
10542,m01-060-05-02,at,at,1
10543,m01-060-05-03,hand,hand,1
10544,m01-060-05-04,!,!,1
10545,m01-060-05-05,"""","""",1
10546,m01-060-05-06,He,He,1
10547,m01-060-05-07,turned,turned,1
10548,m01-060-05-08,beaming,beaming,1
10549,m01-060-05-09,eyes,eyes,1
10550,m01-060-06-00,upward,upward,1
10551,m01-060-06-01,and,and,1
10552,m01-060-06-02,shook,shook,1
10553,m01-060-06-03,his,his,1
10554,m01-060-06-04,head,head,1
10555,m01-060-06-05,slowly,slowly,1
10556,m01-060-06-06,from,from,1
10557,m01-060-07-00,side,side,1
10558,m01-060-07-01,to,to,1
10559,m01-060-07-02,side,side,1
10560,m01-060-07-03,.,.,1
10561,m01-079-00-00,A,a,0
10562,m01-079-00-01,superfluous,superfluous,1
10563,m01-079-00-02,precaution,precaution,1
10564,m01-079-00-03,for,for,1
10565,m01-079-00-04,there,there,1
10566,m01-079-00-05,was,was,1
10567,m01-079-00-06,no,no,1
10568,m01-079-00-07,other,other,1
10569,m01-079-00-08,car,Car,0
10570,m01-079-01-00,abroad,abroad,1
10571,m01-079-01-01,;,;,1
10572,m01-079-01-02,and,and,1
10573,m01-079-01-03,no,no,1
10574,m01-079-01-04,pedestrian,pedestrian,1
10575,m01-079-01-05,to,to,1
10576,m01-079-01-06,cross,cross,1
10577,m01-079-01-07,his,his,1
10578,m01-079-01-08,path,path,1
10579,m01-079-01-09,nor,for,0
10580,m01-079-01-10,to,to,1
10581,m01-079-01-11,wait,wait,1
10582,m01-079-02-00,at,at,1
10583,m01-079-02-01,an,an,1
10584,m01-079-02-02,intersection,intersection,1
10585,m01-079-02-03,for,for,1
10586,m01-079-02-04,the,the,1
10587,m01-079-02-05,light,light,1
10588,m01-079-02-06,to,to,1
10589,m01-079-02-07,change,change,1
10590,m01-079-02-08,.,.,1
10591,m01-079-02-09,At,At,1
10592,m01-079-02-10,his,his,1
10593,m01-079-03-00,apartment,apartment,1
10594,m01-079-03-01,he,he,1
10595,m01-079-03-02,garaged,garaged,1
10596,m01-079-03-03,his,his,1
10597,m01-079-03-04,car,car,1
10598,m01-079-03-05,and,and,1
10599,m01-079-03-06,then,then,1
10600,m01-079-03-07,stood,stood,1
10601,m01-079-06-00,loses,loses,1
10602,m01-079-06-01,its,its,1
10603,m01-079-06-02,beat,beat,1
10604,m01-079-06-03,in,in,1
10605,m01-079-06-04,death,death,1
10606,m01-079-06-05,.,.,1
10607,m01-084-00-00,Deadly,Deadly,1
10608,m01-084-00-01,stillness,stillness,1
10609,m01-084-00-02,",",",",1
10610,m01-084-00-03,deadly,deadly,1
10611,m01-084-00-04,portent,potent,0
10612,m01-084-00-05,!,!,1
10613,m01-084-01-00,Steve,Steve,1
10614,m01-084-01-01,awakened,weakened,0
10615,m01-084-01-02,early,early,1
10616,m01-084-01-03,and,and,1
10617,m01-084-01-04,switched,switched,1
10618,m01-084-01-05,on,on,1
10619,m01-084-03-00,The,The,1
10620,m01-084-03-01,set,set,1
10621,m01-084-03-02,lighted-up,lighted-up,1
10622,m01-084-03-03,but,but,1
10623,m01-084-03-04,gave,gone,0
10624,m01-084-03-05,only,only,1
10625,m01-084-03-06,a,a,1
10626,m01-084-03-07,low,low,1
10627,m01-084-04-00,buzzing,buzzing,1
10628,m01-084-04-01,sound,sound,1
10629,m01-084-04-02,.,.,1
10630,m01-084-04-03,He,He,1
10631,m01-084-04-04,had,had,1
10632,m01-084-04-05,just,just,1
10633,m01-084-04-06,finished,finished,1
10634,m01-084-05-00,shaving,shaving,1
10635,m01-084-05-01,when,when,1
10636,m01-084-05-02,it,it,1
10637,m01-084-05-03,came,came,1
10638,m01-084-05-04,on,on,1
10639,m01-084-05-05,",",",",1
10640,m01-084-05-06,with,with,1
10641,m01-084-05-07,a,a,1
10642,m01-084-05-08,flat,flat,1
10643,m01-084-06-00,voice,voice,1
10644,m01-084-06-01,repeating,repeating,1
10645,m01-084-06-02,:,:,1
10646,m01-084-06-03,"""","""",1
10647,m01-084-06-04,This,This,1
10648,m01-084-06-05,is,is,1
10649,m01-084-06-06,BBC,Be,0
10650,m01-084-06-07,calling,calling,1
10651,m01-084-07-00,...,...,1
10652,m01-084-07-01,this,this,1
10653,m01-084-07-02,is,is,1
10654,m01-084-07-03,BBC,BBC,1
10655,m01-084-07-04,calling,calling,1
10656,m01-084-07-05,...,...,1
10657,m01-084-07-06,"""","""",1
10658,m01-095-00-00,Coming,Coming,1
10659,m01-095-00-01,around,around,1
10660,m01-095-00-02,the,the,1
10661,m01-095-00-03,great,great,1
10662,m01-095-00-04,mass,mass,1
10663,m01-095-00-05,of,of,1
10664,m01-095-00-06,the,the,1
10665,m01-095-00-07,Chateau,Chateau,1
10666,m01-095-01-00,Laurier,Maurier,0
10667,m01-095-01-01,",",),0
10668,m01-095-01-02,he,he,1
10669,m01-095-01-03,braked,makes,0
10670,m01-095-01-04,to,to,1
10671,m01-095-01-05,a,a,1
10672,m01-095-01-06,screeching,screeching,1
10673,m01-095-01-07,stop,stop,1
10674,m01-095-01-08,.,.,1
10675,m01-095-01-09,A,A,1
10676,m01-095-02-00,flying,flying,1
10677,m01-095-02-01,saucer,sauce,0
10678,m01-095-02-02,was,was,1
10679,m01-095-02-03,tilting,killing,0
10680,m01-095-02-04,and,and,1
10681,m01-095-02-05,dipping,dipping,1
10682,m01-095-02-06,over,over,1
10683,m01-095-03-00,the,the,1
10684,m01-095-03-01,War,war,0
10685,m01-095-03-02,Memorial,Memorial,1
10686,m01-095-03-03,.,.,1
10687,m01-095-03-04,There,There,1
10688,m01-095-03-05,was,was,1
10689,m01-095-03-06,a,a,1
10690,m01-095-03-07,deep,deep,1
10691,m01-095-05-00,overtone,overtones,0
10692,m01-095-05-01,that,that,1
10693,m01-095-05-02,sang,sang,1
10694,m01-095-05-03,in,in,1
10695,m01-095-05-04,his,his,1
10696,m01-095-05-05,ears,ears,1
10697,m01-095-05-06,with,with,1
10698,m01-095-05-07,an,an,1
10699,m01-095-06-00,almost,almost,1
10700,m01-095-06-01,painful,painful,1
10701,m01-095-06-02,sharpness,pastness,0
10702,m01-095-06-03,.,.,1
10703,m01-095-06-04,He,He,1
10704,m01-095-06-05,reversed,reversed,1
10705,m01-095-06-06,and,and,1
10706,m01-095-07-00,turned,turned,1
10707,m01-095-07-01,back,back,1
10708,m01-095-07-02,on,on,1
10709,m01-095-07-03,McKenzie,viclengio,0
10710,m01-095-07-04,Avenue,avenue,0
10711,m01-095-07-05,.,",",0
10712,m01-104-00-00,"""","""",1
10713,m01-104-00-01,The,the,0
10714,m01-104-00-02,Thetans,Texans,0
10715,m01-104-00-03,",",",",1
10716,m01-104-00-04,"""","""",1
10717,m01-104-00-05,he,he,1
10718,m01-104-00-06,said,said,1
10719,m01-104-00-07,",",",",1
10720,m01-104-00-08,"""","""",1
10721,m01-104-00-09,are,are,1
10722,m01-104-00-10,presumably,presumably,1
10723,m01-104-00-11,here,here,1
10724,m01-104-00-12,to,to,1
10725,m01-104-01-00,take,take,1
10726,m01-104-01-01,charge,charge,1
10727,m01-104-01-02,",",",",1
10728,m01-104-01-03,as,as,1
10729,m01-104-01-04,it,it,1
10730,m01-104-01-05,were,were,1
10731,m01-104-01-06,",",",",1
10732,m01-104-01-07,of,of,1
10733,m01-104-01-08,the,the,1
10734,m01-104-01-09,minds,kinds,0
10735,m01-104-01-10,of,of,1
10736,m01-104-01-11,the,the,1
10737,m01-104-02-00,people,people,1
10738,m01-104-02-01,-,-,1
10739,m01-104-02-02,who,who,1
10740,m01-104-02-03,are,are,1
10741,m01-104-02-04,probably,probably,1
10742,m01-104-02-05,falling,falling,1
10743,m01-104-02-06,all,all,1
10744,m01-104-02-07,over,over,1
10745,m01-104-02-08,them-,them-,1
10746,m01-104-03-00,selves,selves,1
10747,m01-104-03-01,in,in,1
10748,m01-104-03-02,their,then,0
10749,m01-104-03-03,zeal,real,0
10750,m01-104-03-04,to,to,1
10751,m01-104-03-05,get,get,1
10752,m01-104-03-06,their,their,1
10753,m01-104-03-07,orders,orders,1
10754,m01-104-03-08,and,and,1
10755,m01-104-03-09,to,to,1
10756,m01-104-03-10,carry,carry,1
10757,m01-104-04-00,them,them,1
10758,m01-104-04-01,out,out,1
10759,m01-104-04-02,.,.,1
10760,m01-104-04-03,Just,just,0
10761,m01-104-04-04,what,what,1
10762,m01-104-04-05,these,these,1
10763,m01-104-04-06,orders,orders,1
10764,m01-104-04-07,will,will,1
10765,m01-104-04-08,be,be,1
10766,m01-104-04-09,",",",",1
10767,m01-104-04-10,we,we,1
10768,m01-104-04-11,don't,don't,1
10769,m01-104-05-00,know,know,1
10770,m01-104-05-01,.,.,1
10771,m01-104-05-02,Now,Now,1
10772,m01-104-05-03,",",",",1
10773,m01-104-05-04,because,because,1
10774,m01-104-05-05,of,of,1
10775,m01-104-05-06,prior,prior,1
10776,m01-104-05-07,hypnosis,haypnoats,0
10777,m01-104-05-08,we,we,1
10778,m01-104-05-09,have,have,1
10779,m01-104-05-10,es-,esse,0
10780,m01-104-06-00,caped,cared,0
10781,m01-104-06-01,Thetan,Then,0
10782,m01-104-06-02,subjugation,subjugation,1
10783,m01-104-06-03,.,.,1
10784,m01-104-06-04,This,This,1
10785,m01-104-06-05,time,time,1
10786,m01-104-06-06,.,.,1
10787,m01-104-06-07,But,But,1
10788,m01-104-06-08,we,we,1
10789,m01-104-06-09,no,no,1
10790,m01-104-07-00,longer,langer,0
10791,m01-104-07-01,have,have,1
10792,m01-104-07-02,any,any,1
10793,m01-104-07-03,immunity,immunity,1
10794,m01-104-07-04,.,.,1
10795,m01-110-00-00,There,There,1
10796,m01-110-00-01,can,can,1
10797,m01-110-00-02,be,be,1
10798,m01-110-00-03,little,little,1
10799,m01-110-00-04,doubt,doubt,1
10800,m01-110-00-05,that,that,1
10801,m01-110-00-06,if,if,1
10802,m01-110-00-07,the,the,1
10803,m01-110-01-00,Thetans,retains,0
10804,m01-110-01-01,discover,discover,1
10805,m01-110-01-02,our,our,1
10806,m01-110-01-03,mental,mental,1
10807,m01-110-01-04,independence,independence,1
10808,m01-110-02-00,they,they,1
10809,m01-110-02-01,will,will,1
10810,m01-110-02-02,promptly,probably,0
10811,m01-110-02-03,give,give,1
10812,m01-110-02-04,us,us,1
10813,m01-110-02-05,their,their,1
10814,m01-110-02-06,hypnotic,hypnotic,1
10815,m01-110-03-00,treatment,treatments,0
10816,m01-110-03-01,.,.,1
10817,m01-110-03-02,If,4,0
10818,m01-110-03-03,we,we,1
10819,m01-110-03-04,can,an,0
10820,m01-110-03-05,avoid,avoid,1
10821,m01-110-03-06,undue,undue,1
10822,m01-110-04-00,prominence,prominence,1
10823,m01-110-04-01,",",",",1
10824,m01-110-04-02,it,it,1
10825,m01-110-04-03,may,may,1
10826,m01-110-04-04,be,be,1
10827,m01-110-04-05,that,that,1
10828,m01-110-04-06,we,we,1
10829,m01-110-04-07,can,can,1
10830,m01-110-05-00,move,more,0
10831,m01-110-05-01,about,about,1
10832,m01-110-05-02,pretty,putty,0
10833,m01-110-05-03,freely,Rule,0
10834,m01-110-05-04,without,without,1
10835,m01-110-06-00,detection,defection,0
10836,m01-110-06-01,.,.,1
10837,m01-110-06-02,If,&,0
10838,m01-110-06-03,we,be,0
10839,m01-110-06-04,can,a,0
10840,m01-110-06-05,-,-,1
10841,m01-110-06-06,well,well,1
10842,m01-110-06-07,",",",",1
10843,m01-110-06-08,then,then,1
10844,m01-110-06-09,we,we,1
10845,m01-110-08-00,interests,interests,1
10846,m01-110-08-01,.,.,1
10847,m01-110-08-02,What,What,1
10848,m01-110-08-03,those,those,1
10849,m01-110-08-04,interests,interests,1
10850,m01-110-09-00,are,are,1
10851,m01-110-09-01,",",",",1
10852,m01-110-09-02,beyond,beyond,1
10853,m01-110-09-03,personal,persons,0
10854,m01-110-09-04,security,security,1
10855,m01-110-09-05,",",",",1
10856,m01-110-10-00,I,",",0
10857,m01-110-10-01,haven't,hadn't,0
10858,m01-110-10-02,a,"""",0
10859,m01-110-10-03,clue,clue,1
10860,m01-110-10-04,;,;,1
10861,m01-110-10-05,but,but,1
10862,m01-110-10-06,",",",",1
10863,m01-110-10-07,who,who,1
10864,m01-110-10-08,knows,knows,1
10865,m01-110-10-09,",",",",1
10866,m01-121-00-00,There,There,1
10867,m01-121-00-01,is,is,1
10868,m01-121-00-02,just,just,1
10869,m01-121-00-03,a,a,1
10870,m01-121-00-04,hope,hope,1
10871,m01-121-00-05,that,that,1
10872,m01-121-00-06,we,we,1
10873,m01-121-00-07,may,may,1
10874,m01-121-00-08,uncover,uncover,1
10875,m01-121-01-00,some,some,1
10876,m01-121-01-01,weakness,weakness,1
10877,m01-121-01-02,",",",",1
10878,m01-121-01-03,and,and,1
10879,m01-121-01-04,find,find,1
10880,m01-121-01-05,a,a,1
10881,m01-121-01-06,way,way,1
10882,m01-121-01-07,of,of,1
10883,m01-121-01-08,fighting,fighting,1
10884,m01-121-02-00,back,back,1
10885,m01-121-02-01,at,at,1
10886,m01-121-02-02,them,them,1
10887,m01-121-02-03,.,.,1
10888,m01-121-02-04,"""","""",1
10889,m01-121-02-05,Heather,Heather,1
10890,m01-121-02-06,agreed,agreed,1
10891,m01-121-02-07,",",",",1
10892,m01-121-02-08,and,and,1
10893,m01-121-02-09,suggested,suggested,1
10894,m01-121-03-00,that,that,1
10895,m01-121-03-01,they,they,1
10896,m01-121-03-02,use,use,1
10897,m01-121-03-03,Dan,Du,0
10898,m01-121-03-04,as,as,1
10899,m01-121-03-05,a,a,1
10900,m01-121-03-06,specimen,specimen,1
10901,m01-121-03-07,demonstra-,demonstria-,0
10902,m01-121-04-00,ting,fing,0
10903,m01-121-04-01,how,how,1
10904,m01-121-04-02,the,the,1
10905,m01-121-04-03,Thetan,Titan,0
10906,m01-121-04-04,machinations,radiations,0
10907,m01-121-04-05,had,had,1
10908,m01-121-04-06,been,been,1
10909,m01-121-05-00,working,working,1
10910,m01-121-05-01,out,out,1
10911,m01-121-05-02,.,.,1
10912,m01-121-05-03,It,It,1
10913,m01-121-05-04,occurred,occurred,1
10914,m01-121-05-05,to,to,1
10915,m01-121-05-06,Steve,Steve,1
10916,m01-121-05-07,that,that,1
10917,m01-121-05-08,this,this,1
10918,m01-121-05-09,may,may,1
10919,m01-121-06-00,not,not,1
10920,m01-121-06-01,have,have,1
10921,m01-121-06-02,been,been,1
10922,m01-121-06-03,entirely,entirely,1
10923,m01-121-06-04,an,an,1
10924,m01-121-06-05,objective,objective,1
10925,m01-121-06-06,suggestion,suggestion,1
10926,m01-121-07-00,on,on,1
10927,m01-121-07-01,her,her,1
10928,m01-121-07-02,part,part,1
10929,m01-121-07-03,;,;,1
10930,m01-121-07-04,but,but,1
10931,m01-121-07-05,he,he,1
10932,m01-121-07-06,thought,thought,1
10933,m01-121-07-07,it,it,1
10934,m01-121-07-08,a,a,1
10935,m01-121-07-09,good,good,1
10936,m01-121-07-10,idea,idea,1
10937,m01-125-00-00,So,So,1
10938,m01-125-00-01,they,they,1
10939,m01-125-00-02,proceeded,proceeded,1
10940,m01-125-00-03,to,to,1
10941,m01-125-00-04,see,see,1
10942,m01-125-00-05,if,if,1
10943,m01-125-00-06,the,the,1
10944,m01-125-00-07,coast,coast,1
10945,m01-125-01-00,was,was,1
10946,m01-125-01-01,clear,clear,1
10947,m01-125-01-02,.,.,1
10948,m01-125-01-03,The,The,1
10949,m01-125-01-04,street,street,1
10950,m01-125-01-05,was,was,1
10951,m01-125-01-06,quiet,quiet,1
10952,m01-125-01-07,and,and,1
10953,m01-125-03-00,nor,nor,1
10954,m01-125-03-01,sound,sound,1
10955,m01-125-03-02,of,of,1
10956,m01-125-03-03,flying,flying,1
10957,m01-125-03-04,saucers,dancers,0
10958,m01-125-03-05,.,a,0
10959,m01-125-03-06,So,So,1
10960,m01-125-03-07,they,they,1
10961,m01-125-04-00,ventured,ventured,1
10962,m01-125-04-01,forth,forth,1
10963,m01-125-04-02,and,and,1
10964,m01-125-04-03,made,trade,0
10965,m01-125-04-04,their,their,1
10966,m01-125-04-05,way,way,1
10967,m01-125-04-06,on,on,1
10968,m01-125-05-00,foot,foot,1
10969,m01-125-05-01,to,to,1
10970,m01-125-05-02,Dan's,Dan's,1
10971,m01-125-05-03,house,house,1
10972,m01-125-05-04,.,.,1
10973,m01-125-05-05,Dan,far,0
10974,m01-125-05-06,came,came,1
10975,m01-125-06-00,to,to,1
10976,m01-125-06-01,the,the,1
10977,m01-125-06-02,door,floor,0
10978,m01-125-06-03,at,at,1
10979,m01-125-06-04,their,their,1
10980,m01-125-06-05,ring,ring,1
10981,m01-125-06-06,but,but,1
10982,m01-125-06-07,neglected,neglected,1
10983,m01-125-07-00,to,to,1
10984,m01-125-07-01,offer,offer,1
10985,m01-125-07-02,any,any,1
10986,m01-125-07-03,greeting,greeting,1
10987,m01-125-07-04,.,.,1
10988,m01-125-07-05,He,He,1
10989,m01-125-07-06,was,was,1
10990,m01-125-07-07,deeply,deeply,1
10991,m01-125-08-00,preoccupied,preoccupied,1
10992,m01-125-08-01,",",",",1
10993,m01-125-08-02,and,and,1
10994,m01-125-08-03,it,it,1
10995,m01-125-08-04,seemed,seemed,1
10996,m01-125-08-05,that,that,1
10997,m01-125-08-06,the,the,1
10998,m01-125-09-00,ringing,ringing,1
10999,m01-125-09-01,of,of,1
11000,m01-125-09-02,a,a,1
11001,m01-125-09-03,doorbell,doorbell,1
11002,m01-125-09-04,was,was,1
11003,m01-125-09-05,to,to,1
11004,m01-125-09-06,him,him,1
11005,m01-125-10-00,a,a,1
11006,m01-125-10-01,new,new,1
11007,m01-125-10-02,and,and,1
11008,m01-125-10-03,strange,stage,0
11009,m01-125-10-04,phenomenon,phenomenon,1
11010,m01-125-10-05,.,-,0
11011,m01-131-00-00,When,When,1
11012,m01-131-00-01,he,he,1
11013,m01-131-00-02,finally,finally,1
11014,m01-131-00-03,beckoned,beckoned,1
11015,m01-131-00-04,to,to,1
11016,m01-131-00-05,them,them,1
11017,m01-131-00-06,to,to,1
11018,m01-131-00-07,enter,enter,1
11019,m01-131-00-08,",",",",1
11020,m01-131-00-09,the,the,1
11021,m01-131-00-10,action,action,1
11022,m01-131-01-00,gave,gave,1
11023,m01-131-01-01,the,the,1
11024,m01-131-01-02,impression,impression,1
11025,m01-131-01-03,of,of,1
11026,m01-131-01-04,having,having,1
11027,m01-131-01-05,been,been,1
11028,m01-131-01-06,thought,thought,1
11029,m01-131-01-07,out,out,1
11030,m01-131-01-08,and,and,1
11031,m01-131-05-00,their,their,1
11032,m01-131-05-01,heads,heads,1
11033,m01-131-05-02,like,like,1
11034,m01-131-05-03,tennis,tennis,1
11035,m01-131-05-04,spectators,spectators,1
11036,m01-131-05-05,as,as,1
11037,m01-131-05-06,he,he,1
11038,m01-131-05-07,walked,walked,1
11039,m01-131-05-08,up,up,1
11040,m01-131-05-09,and,and,1
11041,m01-131-06-00,down,down,1
11042,m01-131-06-01,",",",",1
11043,m01-131-06-02,up,up,1
11044,m01-131-06-03,and,and,1
11045,m01-131-06-04,down,down,1
11046,m01-131-06-05,.,.,1
11047,m01-136-00-00,His,His,1
11048,m01-136-00-01,whole,whole,1
11049,m01-136-00-02,attitude,attitude,1
11050,m01-136-00-03,was,laws,0
11051,m01-136-00-04,a,a,1
11052,m01-136-00-05,mixture,mixture,1
11053,m01-136-00-06,of,of,1
11054,m01-136-01-00,impatience,impatience,1
11055,m01-136-01-01,pending,pending,1
11056,m01-136-01-02,an,an,1
11057,m01-136-01-03,awaited,awaited,1
11058,m01-136-02-00,communication,Communication,0
11059,m01-136-02-01,and,and,1
11060,m01-136-02-02,of,of,1
11061,m01-136-02-03,a,a,1
11062,m01-136-02-04,vague,vague,1
11063,m01-136-03-00,perplexity,perplexity,1
11064,m01-136-03-01,respecting,respecting,1
11065,m01-136-03-02,his,his,1
11066,m01-136-03-03,surroundings,surroundings,1
11067,m01-136-04-00,and,and,1
11068,m01-136-04-01,the,the,1
11069,m01-136-04-02,purpose,purpose,1
11070,m01-136-04-03,he,he,1
11071,m01-136-04-04,was,was,1
11072,m01-136-04-05,to,to,1
11073,m01-136-04-06,serve,serve,1
11074,m01-136-04-07,.,.,1
11075,m01-136-06-00,Heather,Heather,1
11076,m01-136-06-01,and,and,1
11077,m01-136-06-02,Steve,Steve,1
11078,m01-136-06-03,tried,tried,1
11079,m01-136-06-04,to,to,1
11080,m01-136-06-05,make,make,1
11081,m01-136-06-06,themselves,themselves,1
11082,m01-136-07-00,at,at,1
11083,m01-136-07-01,home,home,1
11084,m01-136-07-02,.,.,1
11085,m01-136-07-03,Steve,Steve,1
11086,m01-136-07-04,switched,switched,1
11087,m01-136-07-05,on,on,1
11088,m01-136-07-06,Dan's,Fan's,0
11089,m01-136-08-00,powerful,powerful,1
11090,m01-136-08-01,",",),0
11091,m01-136-08-02,world-wide,world-wide,1
11092,m01-136-08-03,radio,radio,1
11093,m01-136-08-04,and,and,1
11094,m01-136-08-05,systematically,automatically,0
11095,m01-136-09-00,turned,turned,1
11096,m01-136-09-01,the,the,1
11097,m01-136-09-02,tuning,thing,0
11098,m01-136-09-03,knob,knob,1
11099,m01-136-09-04,through,through,1
11100,m01-136-09-05,all,all,1
11101,m01-136-09-06,the,the,1
11102,m01-149-00-00,They,They,1
11103,m01-149-00-01,followed,followed,1
11104,m01-149-00-02,him,him,1
11105,m01-149-00-03,to,to,1
11106,m01-149-00-04,a,a,1
11107,m01-149-00-05,city,city,1
11108,m01-149-00-06,bus,bus,1
11109,m01-149-00-07,stop,stop,1
11110,m01-149-00-08,on,on,1
11111,m01-149-00-09,Carling,darling,0
11112,m01-149-00-10,Avenue,Avenue,1
11113,m01-149-00-11,",",",",1
11114,m01-149-00-12,where,where,1
11115,m01-149-01-00,he,he,1
11116,m01-149-01-01,waited,waited,1
11117,m01-149-01-02,.,.,1
11118,m01-149-01-03,The,The,1
11119,m01-149-01-04,bus,his,0
11120,m01-149-01-05,stop,stop,1
11121,m01-149-01-06,was,was,1
11122,m01-149-01-07,a,a,1
11123,m01-149-01-08,deserted,deserted,1
11124,m01-149-01-09,island,island,1
11125,m01-149-01-10,on,on,1
11126,m01-149-01-11,an,a,0
11127,m01-149-01-12,empty,empty,1
11128,m01-149-01-13,street,street,1
11129,m01-149-01-14,.,.,1
11130,m01-149-02-00,But,But,1
11131,m01-149-02-01,not,not,1
11132,m01-149-02-02,for,for,1
11133,m01-149-02-03,long,long,1
11134,m01-149-02-04,",",",",1
11135,m01-149-02-05,for,for,1
11136,m01-149-02-06,soon,some,0
11137,m01-149-02-07,pedestrians,pedestrians,1
11138,m01-149-02-08,and,and,1
11139,m01-149-02-09,cars,cats,0
11140,m01-149-02-10,flocked,flocked,1
11141,m01-149-02-11,upon,upon,1
11142,m01-149-03-00,the,the,1
11143,m01-149-03-01,Avenue,Avenue,1
11144,m01-149-03-02,from,from,1
11145,m01-149-03-03,its,its,1
11146,m01-149-03-04,many,many,1
11147,m01-149-03-05,tributary,Primary,0
11148,m01-149-03-06,streets,streets,1
11149,m01-149-03-07,.,.,1
11150,m01-149-03-08,It,It,1
11151,m01-149-03-09,might,might,1
11152,m01-149-03-10,have,have,1
11153,m01-149-04-00,been,been,1
11154,m01-149-04-01,a,a,1
11155,m01-149-04-02,normal,normal,1
11156,m01-149-04-03,business-day,baurinese-day,0
11157,m01-149-04-04,bustle,hustle,0
11158,m01-149-04-05,",",",",1
11159,m01-149-04-06,except,except,1
11160,m01-149-04-07,for,for,1
11161,m01-149-04-08,two,two,1
11162,m01-149-04-09,anomalies,anomalies,1
11163,m01-149-04-10,.,.,1
11164,m01-149-06-00,walked,walked,1
11165,m01-149-06-01,",",",",1
11166,m01-149-06-02,or,or,1
11167,m01-149-06-03,drove,drove,1
11168,m01-149-06-04,",",",",1
11169,m01-149-06-05,or,or,1
11170,m01-149-06-06,waited,waited,1
11171,m01-149-06-07,as,as,1
11172,m01-149-06-08,a,a,1
11173,m01-149-06-09,person,person,1
11174,m01-149-06-10,possessed,possessed,1
11175,m01-149-06-11,of,of,1
11176,m01-149-07-00,a,a,1
11177,m01-149-07-01,single,single,1
11178,m01-149-07-02,all-exclusive,all-ercdusive,0
11179,m01-149-07-03,purpose,purpose,1
11180,m01-149-07-04,.,.,1
11181,m02-048-00-00,Then,Then,1
11182,m02-048-00-01,he,he,1
11183,m02-048-00-02,would,would,1
11184,m02-048-00-03,go,go,1
11185,m02-048-00-04,back,back,1
11186,m02-048-00-05,to,to,1
11187,m02-048-00-06,Plato,Nato,0
11188,m02-048-00-07,for,for,1
11189,m02-048-00-08,a,a,1
11190,m02-048-00-09,final,final,1
11191,m02-048-00-10,spell,spell,1
11192,m02-048-00-11,of,of,1
11193,m02-048-01-00,real,real,1
11194,m02-048-01-01,days,days,1
11195,m02-048-01-02,and,and,1
11196,m02-048-01-03,would,would,1
11197,m02-048-01-04,return,return,1
11198,m02-048-01-05,to,to,1
11199,m02-048-01-06,New,New,1
11200,m02-048-01-07,York,York,1
11201,m02-048-01-08,in,in,1
11202,m02-048-01-09,late,late,1
11203,m02-048-03-00,little,little,1
11204,m02-048-03-01,sorry,say,0
11205,m02-048-03-02,if,if,1
11206,m02-048-03-03,we,we,1
11207,m02-048-03-04,were,were,1
11208,m02-048-03-05,not,not,1
11209,m02-048-03-06,back,back,1
11210,m02-048-03-07,for,for,1
11211,m02-048-03-08,Christmas,Christmas,1
11212,m02-048-04-00,as,as,1
11213,m02-048-04-01,arranged,arranged,1
11214,m02-048-04-02,",",",",1
11215,m02-048-04-03,but,but,1
11216,m02-048-04-04,he,he,1
11217,m02-048-04-05,consoled,conducted,0
11218,m02-048-04-06,himself,himself,1
11219,m02-048-04-07,by,by,1
11220,m02-048-05-00,thinking,thinking,1
11221,m02-048-05-01,that,thatt,0
11222,m02-048-05-02,he,he,1
11223,m02-048-05-03,and,and,1
11224,m02-048-05-04,Angelina,Angelina,1
11225,m02-048-05-05,would,would,1
11226,m02-048-05-06,have,have,1
11227,m02-048-06-00,plenty,Many,0
11228,m02-048-06-01,of,of,1
11229,m02-048-06-02,time,time,1
11230,m02-048-06-03,together,together,1
11231,m02-048-06-04,in,in,1
11232,m02-048-06-05,the,the,1
11233,m02-048-06-06,future,future,1
11234,m02-048-06-07,.,.,1
11235,m02-048-06-08,And,And,1
11236,m02-048-07-00,Heaven,Heaven,1
11237,m02-048-07-01,alone,alone,1
11238,m02-048-07-02,knew,knew,1
11239,m02-048-07-03,when,neon,0
11240,m02-048-07-04,",",",",1
11241,m02-048-07-05,if,it,0
11242,m02-048-07-06,ever,ever,1
11243,m02-048-07-07,",",",",1
11244,m02-048-07-08,he,he,1
11245,m02-048-07-09,would,would,1
11246,m02-048-07-10,be,be,1
11247,m02-048-08-00,back,back,1
11248,m02-048-08-01,on,on,1
11249,m02-048-08-02,Moon,Moon,1
11250,m02-048-08-03,again,again,1
11251,m02-048-08-04,",",",",1
11252,m02-048-08-05,and,and,1
11253,m02-048-08-06,able,able,1
11254,m02-048-08-07,to,to,1
11255,m02-048-08-08,do,to,0
11256,m02-048-09-00,research,research,1
11257,m02-048-09-01,at,at,1
11258,m02-048-09-02,first,fist,0
11259,m02-048-09-03,hand,hand,1
11260,m02-048-09-04,into,into,1
11261,m02-048-09-05,matters,matter,0
11262,m02-048-09-06,on,on,1
11263,m02-048-09-07,which,which,1
11264,m02-048-10-00,the,the,1
11265,m02-048-10-01,future,future,1
11266,m02-048-10-02,of,of,1
11267,m02-048-10-03,everyone,everyone,1
11268,m02-048-10-04,",",",",1
11269,m02-048-10-05,including,including,1
11270,m02-048-10-06,Angelina,Angelina,1
11271,m02-048-10-07,",",",",1
11272,m02-048-10-08,depended,depends,0
11273,m02-048-10-09,...,...,1
11274,m02-055-00-00,They,Thet,0
11275,m02-055-00-01,had,had,1
11276,m02-055-00-02,been,been,1
11277,m02-055-00-03,married,married,1
11278,m02-055-00-04,for,for,1
11279,m02-055-00-05,six,six,1
11280,m02-055-00-06,years,years,1
11281,m02-055-00-07,",",",",1
11282,m02-055-00-08,but,but,1
11283,m02-055-00-09,the,the,1
11284,m02-055-01-00,salary,salary,1
11285,m02-055-01-01,raise,raise,1
11286,m02-055-01-02,",",I,0
11287,m02-055-01-03,on,on,1
11288,m02-055-01-04,the,the,1
11289,m02-055-01-05,expectation,expectation,1
11290,m02-055-01-06,of,of,1
11291,m02-055-01-07,which,which,1
11292,m02-055-01-08,they,thet,0
11293,m02-055-02-00,had,had,1
11294,m02-055-02-01,done,done,1
11295,m02-055-02-02,so,so,1
11296,m02-055-02-03,",",",",1
11297,m02-055-02-04,had,had,1
11298,m02-055-02-05,not,not,1
11299,m02-055-02-06,materialised,materialized,0
11300,m02-055-02-07,.,.,1
11301,m02-055-02-08,"""","""",1
11302,m02-055-02-09,Do,Do,1
11303,m02-055-02-10,you,you,1
11304,m02-055-03-00,know,knew,0
11305,m02-055-03-01,",",I,0
11306,m02-055-03-02,I,I,1
11307,m02-055-03-03,had,had,1
11308,m02-055-03-04,to,to,1
11309,m02-055-03-05,send,send,1
11310,m02-055-03-06,back,back,1
11311,m02-055-03-07,our,or,0
11312,m02-055-03-08,bedroom,bedroom,1
11313,m02-055-04-00,furniture,furniture,1
11314,m02-055-04-01,in,in,1
11315,m02-055-04-02,the,the,1
11316,m02-055-04-03,second,second,1
11317,m02-055-04-04,year,year,1
11318,m02-055-04-05,",",",",1
11319,m02-055-04-06,"""","""",1
11320,m02-055-04-07,she,she,1
11321,m02-055-04-08,moaned,leaned,0
11322,m02-055-04-09,.,.,1
11323,m02-055-04-10,She,she,0
11324,m02-055-05-00,had,had,1
11325,m02-055-05-01,contacts,contacts,1
11326,m02-055-05-02,in,in,1
11327,m02-055-05-03,political,political,1
11328,m02-055-05-04,circles,circles,1
11329,m02-055-05-05,",",",",1
11330,m02-055-05-06,a,a,1
11331,m02-055-05-07,school-,school,0
11332,m02-055-06-00,friend,fried,0
11333,m02-055-06-01,of,of,1
11334,m02-055-06-02,hers,hers,1
11335,m02-055-06-03,having,having,1
11336,m02-055-06-04,married,married,1
11337,m02-055-06-05,Lester,Lester,1
11338,m02-055-06-06,Peron,Pearson,0
11339,m02-055-06-07,",",",",1
11340,m02-055-07-00,a,a,1
11341,m02-055-07-01,Mocrat,Moral,0
11342,m02-055-07-02,Senator,Senator,1
11343,m02-055-07-03,with,with,1
11344,m02-055-07-04,a,a,1
11345,m02-055-07-05,seat,seat,1
11346,m02-055-07-06,on,on,1
11347,m02-055-07-07,the,the,1
11348,m02-055-09-00,Board,Board,1
11349,m02-055-09-01,.,.,1
11350,m02-055-10-00,Hostettler,Hostetler,0
11351,m02-059-01-00,never,never,1
11352,m02-059-01-01,her,her,1
11353,m02-059-01-02,husband,husband,1
11354,m02-059-01-03,",",",",1
11355,m02-059-01-04,a,a,1
11356,m02-059-01-05,fact,fact,1
11357,m02-059-01-06,he,he,1
11358,m02-059-01-07,accepted,accepted,1
11359,m02-059-01-08,as,as,1
11360,m02-059-01-09,inevitable,inevitable,1
11361,m02-059-01-10,.,.,1
11362,m02-059-01-11,"""","""",1
11363,m02-059-01-12,I,I,1
11364,m02-059-01-13,guess,guess,1
11365,m02-059-02-00,Sally,all,0
11366,m02-059-02-01,made,made,1
11367,m02-059-02-02,a,a,1
11368,m02-059-02-03,mistake,mistake,1
11369,m02-059-02-04,about,that,0
11370,m02-059-02-05,me,me,1
11371,m02-059-02-06,",",',0
11372,m02-059-02-07,"""","""",1
11373,m02-059-02-08,he,he,1
11374,m02-059-02-09,said,said,1
11375,m02-059-02-10,one,one,1
11376,m02-059-03-00,evening,evening,1
11377,m02-059-03-01,",",",",1
11378,m02-059-03-02,when,when,1
11379,m02-059-03-03,he,he,1
11380,m02-059-03-04,had,had,1
11381,m02-059-03-05,been,been,1
11382,m02-059-03-06,left,left,1
11383,m02-059-03-07,to,to,1
11384,m02-059-03-08,cook,cook,1
11385,m02-059-03-09,his,his,1
11386,m02-059-03-10,own,own,1
11387,m02-059-03-11,meal,meal,1
11388,m02-059-03-12,.,.,1
11389,m02-059-05-00,was,was,1
11390,m02-059-05-01,a,a,1
11391,m02-059-05-02,Static,Static,1
11392,m02-059-05-03,Mib,Mi,0
11393,m02-059-05-04,",",",",1
11394,m02-059-05-05,the,the,1
11395,m02-059-05-06,middle-income-bracket,mibit-imomn-bated,0
11396,m02-059-05-07,equivalent,equivalent,1
11397,m02-059-06-00,to,to,1
11398,m02-059-06-01,4sub-lil,Usub-fil,0
11399,m02-059-06-02,on,on,1
11400,m02-059-06-03,the,the,1
11401,m02-059-06-04,lower,tower,0
11402,m02-059-06-05,.,.,1
11403,m02-066-00-00,All,All,1
11404,m02-066-00-01,Aristotle,Aristotle,1
11405,m02-066-00-02,was,as,0
11406,m02-066-00-03,excited,existed,0
11407,m02-066-00-04,at,at,1
11408,m02-066-00-05,the,the,1
11409,m02-066-00-06,time,time,1
11410,m02-066-00-07,",",",",1
11411,m02-066-00-08,not,not,1
11412,m02-066-00-09,by,by,1
11413,m02-066-00-10,the,the,1
11414,m02-066-00-11,prospect,proper,0
11415,m02-066-00-12,of,of,1
11416,m02-066-00-13,the,the,1
11417,m02-066-01-00,U.S.,U.S.,1
11418,m02-066-01-01,President's,President's,1
11419,m02-066-01-02,visit,visit,1
11420,m02-066-01-03,",",",",1
11421,m02-066-01-04,but,but,1
11422,m02-066-01-05,by,by,1
11423,m02-066-01-06,a,a,1
11424,m02-066-01-07,great,great,1
11425,m02-066-01-08,storm,from,0
11426,m02-066-01-09,in,in,1
11427,m02-066-01-10,the,the,1
11428,m02-066-01-11,photo-,plots,0
11429,m02-066-02-00,sphere,there,0
11430,m02-066-02-01,of,of,1
11431,m02-066-02-02,the,the,1
11432,m02-066-02-03,sun,sun,1
11433,m02-066-02-04,.,.,1
11434,m02-066-02-05,A,A,1
11435,m02-066-02-06,matter,matter,1
11436,m02-066-02-07,which,which,1
11437,m02-066-02-08,on,on,1
11438,m02-066-02-09,Earth,Earth,1
11439,m02-066-02-10,would,could,0
11440,m02-066-02-11,hardly,hardly,1
11441,m02-066-03-00,penetrate,pernetank,0
11442,m02-066-03-01,beyond,beyond,1
11443,m02-066-03-02,the,the,1
11444,m02-066-03-03,minds,manes,0
11445,m02-066-03-04,of,of,1
11446,m02-066-03-05,astronomers,astronomer,0
11447,m02-066-03-06,was,was,1
11448,m02-066-03-07,of,of,1
11449,m02-066-03-08,general,general,1
11450,m02-069-00-00,One,She,0
11451,m02-069-00-01,wondered,wondered,1
11452,m02-069-00-02,if,it,0
11453,m02-069-00-03,this,this,1
11454,m02-069-00-04,greater,greater,1
11455,m02-069-00-05,awareness,awareness,1
11456,m02-069-00-06,of,of,1
11457,m02-069-00-07,the,the,1
11458,m02-069-00-08,physical,political,0
11459,m02-069-00-09,cosmos,areas,0
11460,m02-069-00-10,might,might,1
11461,m02-069-01-00,with,with,1
11462,m02-069-01-01,time,lime,0
11463,m02-069-01-02,instil,insult,0
11464,m02-069-01-03,the,the,1
11465,m02-069-01-04,reverence,reverence,1
11466,m02-069-01-05,which,which,1
11467,m02-069-01-06,",",",",1
11468,m02-069-01-07,on,on,1
11469,m02-069-01-08,Earth,both,0
11470,m02-069-01-09,",",",",1
11471,m02-069-01-10,nature,nature,1
11472,m02-069-01-11,inspires,improper,0
11473,m02-069-01-12,",",",",1
11474,m02-069-02-00,especially,expect,0
11475,m02-069-02-01,when,when,1
11476,m02-069-02-02,one,one,1
11477,m02-069-02-03,reflected,reflected,1
11478,m02-069-02-04,that,that,1
11479,m02-069-02-05,the,the,1
11480,m02-069-02-06,rockets,readers,0
11481,m02-069-02-07,over,over,1
11482,m02-069-02-08,which,which,1
11483,m02-069-02-09,Mr.,Mr.,1
11484,m02-069-02-10,Peron's,Byron's,0
11485,m02-069-03-00,Board,board,0
11486,m02-069-03-01,presided,presided,1
11487,m02-069-03-02,had,had,1
11488,m02-069-03-03,it,it,1
11489,m02-069-03-04,in,in,1
11490,m02-069-03-05,their,their,1
11491,m02-069-03-06,power,power,1
11492,m02-069-03-07,permanently,permanently,1
11493,m02-069-03-08,to,to,1
11494,m02-069-03-09,warp,way,0
11495,m02-069-03-10,the,the,1
11496,m02-069-04-00,solar,radar,0
11497,m02-069-04-01,system,Luzon,0
11498,m02-069-04-02,.,.,1
11499,m02-069-04-03,True,ruse,0
11500,m02-069-04-04,enough,enough,1
11501,m02-069-04-05,",",",",1
11502,m02-069-04-06,such,such,1
11503,m02-069-04-07,ultimate,ultimate,1
11504,m02-069-04-08,weapons,weapons,1
11505,m02-069-04-09,had,had,1
11506,m02-069-04-10,not,not,1
11507,m02-069-04-11,been,been,1
11508,m02-069-07-00,allies,allies,1
11509,m02-069-07-01,being,being,1
11510,m02-069-07-02,more,more,1
11511,m02-069-07-03,inferior,interim,0
11512,m02-069-07-04,than,than,1
11513,m02-069-07-05,formerly,homely,0
11514,m02-069-07-06,to,to,1
11515,m02-069-07-07,W.C.U.,Will,0
11516,m02-069-07-08,in,in,1
11517,m02-069-07-09,the,the,1
11518,m02-072-00-00,Lester,Lester,1
11519,m02-072-00-01,was,was,1
11520,m02-072-00-02,not,not,1
11521,m02-072-00-03,home,home,1
11522,m02-072-00-04,yet,yet,1
11523,m02-072-00-05,from,from,1
11524,m02-072-00-06,his,his,1
11525,m02-072-00-07,formidable,formidable,1
11526,m02-072-01-00,duties,duties,1
11527,m02-072-01-01,and,and,1
11528,m02-072-01-02,his,his,1
11529,m02-072-01-03,wife,wife,1
11530,m02-072-01-04,",",",",1
11531,m02-072-01-05,in,in,1
11532,m02-072-01-06,the,the,1
11533,m02-072-01-07,manner,manner,1
11534,m02-072-01-08,of,of,1
11535,m02-072-01-09,middle-brow,middle-brow,1
11536,m02-072-03-00,country,country,1
11537,m02-072-03-01,lawyer,lawyer,1
11538,m02-072-03-02,",",",",1
11539,m02-072-03-03,and,and,1
11540,m02-072-03-04,we,we,1
11541,m02-072-03-05,were,were,1
11542,m02-072-03-06,very,very,1
11543,m02-072-03-07,small,small,1
11544,m02-072-03-08,4microdebs,fmicradeds,0
11545,m02-072-03-09,",",",",1
11546,m02-072-03-10,weren't,weren't,1
11547,m02-072-03-11,we,we,1
11548,m02-072-03-12,",",",",1
11549,m02-072-04-00,Sally,Sally,1
11550,m02-072-04-01,"""","""",1
11551,m02-072-04-02,-,-,1
11552,m02-072-04-03,here,here,1
11553,m02-072-04-04,she,she,1
11554,m02-072-04-05,had,had,1
11555,m02-072-04-06,dropped,dropped,1
11556,m02-072-04-07,her,her,1
11557,m02-072-04-08,voice,voice,1
11558,m02-072-04-09,in,in,1
11559,m02-072-04-10,homage,homage,1
11560,m02-072-04-11,to,to,1
11561,m02-072-04-12,the,the,1
11562,m02-072-05-00,economic,economic,1
11563,m02-072-05-01,system,system,1
11564,m02-072-05-02,:,:,1
11565,m02-072-05-03,that,that,1
11566,m02-072-05-04,was,was,1
11567,m02-072-05-05,reverenced,reverence,0
11568,m02-072-05-06,-,-,1
11569,m02-072-05-07,"""",in,0
11570,m02-072-05-08,when,when,1
11571,m02-072-05-09,he,he,1
11572,m02-072-05-10,thought,though,0
11573,m02-072-06-00,we,we,1
11574,m02-072-06-01,might,might,1
11575,m02-072-06-02,get,get,1
11576,m02-072-06-03,GO,Go,0
11577,m02-072-06-04,a,a,1
11578,m02-072-06-05,bit,bit,1
11579,m02-072-06-06,better,better,1
11580,m02-072-06-07,if,if,1
11581,m02-072-06-08,he,he,1
11582,m02-072-06-09,entered,entered,1
11583,m02-072-06-10,politics,politics,1
11584,m02-072-06-11,.,.,1
11585,m02-080-00-00,Sentence,sentence,0
11586,m02-080-00-01,Database,Database,1
11587,m02-080-02-00,we,we,1
11588,m02-080-02-01,came,came,1
11589,m02-080-02-02,through,through,1
11590,m02-080-02-03,to,to,1
11591,m02-080-02-04,4makrodeb,Umakrodets,0
11592,m02-080-02-05,status,status,1
11593,m02-080-02-06,and,and,1
11594,m02-080-03-00,got,got,1
11595,m02-080-03-01,all,all,1
11596,m02-080-03-02,these,these,1
11597,m02-080-03-03,lovely,lovely,1
11598,m02-080-03-04,things,things,1
11599,m02-080-03-05,"""","""",1
11600,m02-080-03-06,-,-,1
11601,m02-080-03-07,she,she,1
11602,m02-080-03-08,waved,waved,1
11603,m02-080-03-09,a,a,1
11604,m02-080-04-00,plump,plump,1
11605,m02-080-04-01,hand,hand,1
11606,m02-080-04-02,towards,towards,1
11607,m02-080-04-03,her,her,1
11608,m02-080-04-04,grand,grand,1
11609,m02-080-04-05,pianos,pianos,1
11610,m02-080-04-06,",",",",1
11611,m02-080-04-07,etc,its,0
11612,m02-080-04-08,:,:,1
11613,m02-080-05-00,at,at,1
11614,m02-080-05-01,the,the,1
11615,m02-080-05-02,same,same,1
11616,m02-080-05-03,time,time,1
11617,m02-080-05-04,a,a,1
11618,m02-080-05-05,door,door,1
11619,m02-080-05-06,banged,banged,1
11620,m02-080-05-07,-,-,1
11621,m02-080-05-08,"""","""",1
11622,m02-080-05-09,but,but,1
11623,m02-080-05-10,don't,don't,1
11624,m02-080-06-00,say,say,1
11625,m02-080-06-01,a,a,1
11626,m02-080-06-02,word,word,1
11627,m02-080-06-03,about,about,1
11628,m02-080-06-04,it,it,1
11629,m02-080-06-05,",",",",1
11630,m02-080-06-06,Lester,Lester,1
11631,m02-080-06-07,wants,wants,1
11632,m02-080-06-08,his,his,1
11633,m02-080-07-00,mouth-organ,mouth-organ,1
11634,m02-080-07-01,to,to,1
11635,m02-080-07-02,be,be,1
11636,m02-080-07-03,forgotten,forgotten,1
11637,m02-080-07-04,now,now,1
11638,m02-080-07-05,.,.,1
11639,m02-080-07-06,The,The,1
11640,m02-080-07-07,time,time,1
11641,m02-080-08-00,has,has,1
11642,m02-080-08-01,come,come,1
11643,m02-080-08-02,for,for,1
11644,m02-080-08-03,him,him,1
11645,m02-080-08-04,to,to,1
11646,m02-080-08-05,be,be,1
11647,m02-080-08-06,taken,taken,1
11648,m02-080-08-07,seriously,seriously,1
11649,m02-080-09-00,as,as,1
11650,m02-080-09-01,a,A,0
11651,m02-080-09-02,statesman,statesman,1
11652,m02-080-09-03,.,.,1
11653,m02-080-09-04,"""","""",1
11654,m02-087-00-00,But,But,1
11655,m02-087-00-01,privately,privately,1
11656,m02-087-00-02,he,he,1
11657,m02-087-00-03,turned,turned,1
11658,m02-087-00-04,out,out,1
11659,m02-087-00-05,to,to,1
11660,m02-087-00-06,be,be,1
11661,m02-087-00-07,as,as,1
11662,m02-087-00-08,friendly,friendly,1
11663,m02-087-00-09,as,as,1
11664,m02-087-01-00,Mr.,Mr.,1
11665,m02-087-01-01,Wise,Wise,1
11666,m02-087-01-02,the,the,1
11667,m02-087-01-03,tube,tube,1
11668,m02-087-01-04,manufacturer,mranitactures,0
11669,m02-087-01-05,",",",",1
11670,m02-087-01-06,to,to,1
11671,m02-087-01-07,have,have,1
11672,m02-087-01-08,the,the,1
11673,m02-087-01-09,same,same,1
11674,m02-087-01-10,adolescent,abddescent,0
11675,m02-087-02-00,openness,opennass,0
11676,m02-087-02-01,and,and,1
11677,m02-087-02-02,freshness,freshness,1
11678,m02-087-02-03,",",",",1
11679,m02-087-02-04,though,though,1
11680,m02-087-02-05,perhaps,perhaps,1
11681,m02-087-02-06,not,not,1
11682,m02-087-02-07,the,the,1
11683,m02-087-02-08,same,same,1
11684,m02-087-03-00,maturity,maturity,1
11685,m02-087-03-01,.,.,1
11686,m02-087-03-02,One,One,1
11687,m02-087-03-03,remembered,remembered,1
11688,m02-087-03-04,that,that,1
11689,m02-087-03-05,he,he,1
11690,m02-087-03-06,was,was,1
11691,m02-087-03-07,a,a,1
11692,m02-087-03-08,lawyer,lawyer,1
11693,m02-087-04-00,by,by,1
11694,m02-087-04-01,training,training,1
11695,m02-087-04-02,",",",",1
11696,m02-087-04-03,and,and,1
11697,m02-087-04-04,suspected,suspected,1
11698,m02-087-04-05,that,that,1
11699,m02-087-04-06,the,the,1
11700,m02-087-04-07,points,points,1
11701,m02-087-04-08,he,he,1
11702,m02-087-04-09,made,made,1
11703,m02-087-05-00,so,so,1
11704,m02-087-05-01,sharply,sharply,1
11705,m02-087-05-02,in,in,1
11706,m02-087-05-03,international,international,1
11707,m02-087-05-04,politics,polities,0
11708,m02-087-05-05,were,were,1
11709,m02-087-05-06,as,as,1
11710,m02-087-05-07,abstract,abstract,1
11711,m02-087-06-00,to,to,1
11712,m02-087-06-01,him,him,1
11713,m02-087-06-02,as,as,1
11714,m02-087-06-03,those,those,1
11715,m02-087-06-04,a,a,1
11716,m02-087-06-05,lawyer,lawyer,1
11717,m02-087-06-06,makes,makes,1
11718,m02-087-06-07,in,in,1
11719,m02-087-06-08,a,a,1
11720,m02-087-06-09,court,court,1
11721,m02-087-07-00,of,of,1
11722,m02-087-07-01,law,law,1
11723,m02-087-07-02,.,.,1
11724,m02-095-00-00,The,the,0
11725,m02-095-00-01,political,political,1
11726,m02-095-00-02,life,life,1
11727,m02-095-00-03,of,of,1
11728,m02-095-00-04,Aristotle,brittle,0
11729,m02-095-00-05,looked,looked,1
11730,m02-095-00-06,more,more,1
11731,m02-095-00-07,and,and,1
11732,m02-095-00-08,more,more,1
11733,m02-095-01-00,like,life,0
11734,m02-095-01-01,a,a,1
11735,m02-095-01-02,masquerade,masquerade,1
11736,m02-095-01-03,of,of,1
11737,m02-095-01-04,business,business,1
11738,m02-095-01-05,interests,interests,1
11739,m02-095-01-06,in,in,1
11740,m02-095-01-07,dis-,did,0
11741,m02-095-02-00,guise,quite,0
11742,m02-095-02-01,which,which,1
11743,m02-095-02-02,",",",",1
11744,m02-095-02-03,far,for,0
11745,m02-095-02-04,from,from,1
11746,m02-095-02-05,attracting,attracting,1
11747,m02-095-02-06,the,the,1
11748,m02-095-02-07,allegiance,allegiance,1
11749,m02-095-03-00,of,of,1
11750,m02-095-03-01,free,free,1
11751,m02-095-03-02,men,men,1
11752,m02-095-03-03,everywhere,everywhere,1
11753,m02-095-03-04,",",I,0
11754,m02-095-03-05,could,could,1
11755,m02-095-03-06,only,only,1
11756,m02-095-03-07,repel,repel,1
11757,m02-095-03-08,them,then,0
11758,m02-095-03-09,.,.,1
11759,m02-095-04-00,Then,Then,1
11760,m02-095-04-01,what,what,1
11761,m02-095-04-02,of,of,1
11762,m02-095-04-03,the,the,1
11763,m02-095-04-04,cultural,cultural,1
11764,m02-095-04-05,life,life,1
11765,m02-095-04-06,?,2,0
11766,m02-095-04-07,Did,Did,1
11767,m02-095-04-08,this,this,1
11768,m02-095-04-09,per-,per-,1
11769,m02-095-05-00,haps,traps,0
11770,m02-095-05-01,nurture,nurture,1
11771,m02-095-05-02,a,a,1
11772,m02-095-05-03,genuinely,genuinely,1
11773,m02-095-05-04,civilizing,civilizing,1
11774,m02-095-05-05,impulse,impose,0
11775,m02-095-06-00,which,which,1
11776,m02-095-06-01,might,might,1
11777,m02-095-06-02,in,in,1
11778,m02-095-06-03,time,time,1
11779,m02-095-06-04,become,become,1
11780,m02-095-06-05,social,social,1
11781,m02-095-06-06,fact,fact,1
11782,m02-095-07-00,and,and,1
11783,m02-095-07-01,counteract,counteract,1
11784,m02-095-07-02,the,the,1
11785,m02-095-07-03,obsession,mission,0
11786,m02-095-07-04,with,with,1
11787,m02-095-07-05,economics,economics,1
11788,m02-095-08-00,which,which,1
11789,m02-095-08-01,had,had,1
11790,m02-095-08-02,grown,grown,1
11791,m02-095-08-03,up,up,1
11792,m02-095-08-04,during,during,1
11793,m02-095-08-05,the,the,1
11794,m02-095-08-06,Moon's,Mann's,0
11795,m02-095-09-00,first,find,0
11796,m02-095-09-01,two,too,0
11797,m02-095-09-02,centuries,centuries,1
11798,m02-095-09-03,?,I,0
11799,m02-109-01-00,to,to,1
11800,m02-109-01-01,be,be,1
11801,m02-109-01-02,diverted,divertealy,0
11802,m02-109-01-03,",",",",1
11803,m02-109-01-04,however,however,1
11804,m02-109-01-05,",",",",1
11805,m02-109-01-06,with,with,1
11806,m02-109-01-07,the,the,1
11807,m02-109-01-08,single,Bugle,0
11808,m02-109-01-09,exception,exception,1
11809,m02-109-01-10,of,of,1
11810,m02-109-01-11,one,one,1
11811,m02-109-03-00,step,slip,0
11812,m02-109-03-01,.,.,1
11813,m02-109-03-02,He,the,0
11814,m02-109-03-03,looked,lookoala,0
11815,m02-109-03-04,as,as,1
11816,m02-109-03-05,if,of,0
11817,m02-109-03-06,nothing,voting,0
11818,m02-109-03-07,Moke,Mike,0
11819,m02-109-03-08,and,and,1
11820,m02-109-03-09,his,his,1
11821,m02-109-06-00,neurosis,neurosis,1
11822,m02-109-06-01,and,and,1
11823,m02-109-06-02,not,not,1
11824,m02-109-06-03,in,in,1
11825,m02-109-06-04,some,some,1
11826,m02-109-06-05,eruption,eruption,1
11827,m02-109-06-06,from,from,1
11828,m02-109-06-07,those,those,1
11829,m02-109-08-00,trans-economic,dimg-emmonic,0
11830,m02-109-08-01,.,.,1
11831,m02-112-00-00,So,So,1
11832,m02-112-00-01,once,once,1
11833,m02-112-00-02,again,again,1
11834,m02-112-00-03,the,the,1
11835,m02-112-00-04,metaphysics,metaphysics,1
11836,m02-112-00-05,were,were,1
11837,m02-112-00-06,depressing,depressing,1
11838,m02-112-00-07,",",",",1
11839,m02-112-01-00,and,and,1
11840,m02-112-01-01,in,in,1
11841,m02-112-01-02,absolute,absolute,1
11842,m02-112-01-03,contrast,contrast,1
11843,m02-112-01-04,to,to,1
11844,m02-112-01-05,the,the,1
11845,m02-112-01-06,physical,physical,1
11846,m02-112-01-07,display,display,1
11847,m02-112-01-08,.,.,1
11848,m02-112-02-00,Mos,Nos,0
11849,m02-112-02-01,have,have,1
11850,m02-112-02-02,an,an,1
11851,m02-112-02-03,un-American,un-American,1
11852,m02-112-02-04,love,love,1
11853,m02-112-02-05,of,of,1
11854,m02-112-02-06,parades,parades,1
11855,m02-112-02-07,",",",",1
11856,m02-112-02-08,and,and,1
11857,m02-112-03-00,these,these,1
11858,m02-112-03-01,young,young,1
11859,m02-112-03-02,ones,ones,1
11860,m02-112-03-03,",",",",1
11861,m02-112-03-04,on,on,1
11862,m02-112-03-05,parade,parade,1
11863,m02-112-03-06,for,for,1
11864,m02-112-03-07,jobs,jobs,1
11865,m02-112-03-08,which,which,1
11866,m02-112-03-09,they,they,1
11867,m02-112-05-00,putting,putting,1
11868,m02-112-05-01,their,their,1
11869,m02-112-05-02,best,best,1
11870,m02-112-05-03,foot,foot,1
11871,m02-112-05-04,forward,forward,1
11872,m02-112-05-05,.,.,1
11873,m03-006-02-00,edge,edge,1
11874,m03-006-02-01,...,...,1
11875,m03-006-02-02,did,did,1
11876,m03-006-02-03,you,you,1
11877,m03-006-02-04,notice,notice,1
11878,m03-006-02-05,?,?,1
11879,m03-006-02-06,And,And,1
11880,m03-006-02-07,the,the,1
11881,m03-006-02-08,mules,mules,1
11882,m03-006-03-00,didn't,didn't,1
11883,m03-006-03-01,seem,seem,1
11884,m03-006-03-02,to,to,1
11885,m03-006-03-03,want,want,1
11886,m03-006-03-04,to,to,1
11887,m03-006-03-05,get,get,1
11888,m03-006-03-06,off,off,1
11889,m03-006-03-07,the,the,1
11890,m03-006-03-08,raft,rest,0
11891,m03-006-03-09,.,.,1
11892,m03-006-03-10,',"""",0
11893,m03-006-04-00,He,He,1
11894,m03-006-04-01,peered,peered,1
11895,m03-006-04-02,as,as,1
11896,m03-006-04-03,it,it,1
11897,m03-006-04-04,were,were,1
11898,m03-006-04-05,into,into,1
11899,m03-006-04-06,the,the,1
11900,m03-006-04-07,dark,dark,1
11901,m03-006-04-08,secrets,secrets,1
11902,m03-006-07-00,night,night,1
11903,m03-006-07-01,",",",",1
11904,m03-006-07-02,exceptionally,exceptionally,1
11905,m03-006-07-03,brilliant,brilliant,1
11906,m03-006-07-04,and,and,1
11907,m03-006-07-05,strange,strange,1
11908,m03-006-07-06,",",",",1
11909,m03-006-08-00,for,for,1
11910,m03-006-08-01,in,in,1
11911,m03-006-08-02,the,the,1
11912,m03-006-08-03,proximity,proximity,1
11913,m03-006-08-04,of,of,1
11914,m03-006-08-05,the,the,1
11915,m03-006-08-06,mountains,mountains,1
11916,m03-006-08-07,",",",",1
11917,m03-006-09-00,whose,whose,1
11918,m03-006-09-01,presence,presence,1
11919,m03-006-09-02,I,I,1
11920,m03-006-09-03,could,could,1
11921,m03-006-09-04,almost,almost,1
11922,m03-006-09-05,smell,smell,1
11923,m03-006-09-06,",",",",1
11924,m03-013-01-00,on,on,1
11925,m03-013-01-01,the,the,1
11926,m03-013-01-02,cosmic,cosmic,1
11927,m03-013-01-03,handiwork,handiwork,1
11928,m03-013-01-04,.,.,1
11929,m03-013-01-05,',"""",0
11930,m03-013-01-06,All,All,1
11931,m03-013-01-07,those,those,1
11932,m03-013-01-08,stars,stars,1
11933,m03-013-01-09,.,.,1
11934,m03-013-01-10,But,But,1
11935,m03-013-01-11,I,I,1
11936,m03-013-01-12,'m,'m,1
11937,m03-013-02-00,a,a,1
11938,m03-013-02-01,bit,bit,1
11939,m03-013-02-02,earthbound,eardhbourd,0
11940,m03-013-02-03,tonight,tonight,1
11941,m03-013-02-04,",",",",1
11942,m03-013-02-05,Trout,root,0
11943,m03-013-02-06,.,.,1
11944,m03-013-02-07,I,I,1
11945,m03-013-02-08,'ve,'ve,1
11946,m03-013-02-09,got,got,1
11947,m03-013-02-10,a,a,1
11948,m03-013-02-11,queer,queer,1
11949,m03-013-03-00,feeling,feeling,1
11950,m03-013-03-01,",",",",1
11951,m03-013-03-02,like,like,1
11952,m03-013-03-03,I,I,1
11953,m03-013-03-04,always,always,1
11954,m03-013-03-05,get,get,1
11955,m03-013-03-06,when,when,1
11956,m03-013-03-07,something,something,1
11957,m03-013-05-00,if,if,1
11958,m03-013-05-01,you,you,1
11959,m03-013-05-02,ask,ask,1
11960,m03-013-05-03,me,he,0
11961,m03-013-05-04,.,.,1
11962,m03-013-05-05,Might,might,0
11963,m03-013-05-06,be,be,1
11964,m03-013-05-07,jaguar,Jaguar,0
11965,m03-013-05-08,",",",",1
11966,m03-013-05-09,might,might,1
11967,m03-013-05-10,be,be,1
11968,m03-013-05-11,...,...,1
11969,m03-020-00-00,Hope,Hope,1
11970,m03-020-00-01,I,I,1
11971,m03-020-00-02,die,did,0
11972,m03-020-00-03,kind,kind,1
11973,m03-020-00-04,of,of,1
11974,m03-020-00-05,composed,composed,1
11975,m03-020-00-06,",",.,0
11976,m03-020-00-07,Trout,front,0
11977,m03-020-00-08,.,.,1
11978,m03-020-00-09,I,",",0
11979,m03-020-00-10,mean,mean,1
11980,m03-020-00-11,you,you,1
11981,m03-020-00-12,can't,can't,1
11982,m03-020-01-00,imagine,imagine,1
11983,m03-020-01-01,the,the,1
11984,m03-020-01-02,Christian,Christian,1
11985,m03-020-01-03,martyrs,martyrs,1
11986,m03-020-01-04,twisting,twisting,1
11987,m03-020-01-05,and,and,1
11988,m03-020-01-06,shrieking,shrieking,1
11989,m03-020-01-07,",",",",1
11990,m03-020-03-00,lion,lion,1
11991,m03-020-03-01,munching,mucking,0
11992,m03-020-03-02,",",",",1
11993,m03-020-03-03,or,or,1
11994,m03-020-03-04,arrows,arrows,1
11995,m03-020-03-05,where,where,1
11996,m03-020-03-06,it,it,1
11997,m03-020-03-07,hurts,hurts,1
11998,m03-020-03-08,most,most,1
11999,m03-020-03-09,.,.,1
12000,m03-020-03-10,Or,or,0
12001,m03-020-04-00,can,can,1
12002,m03-020-04-01,you,you,1
12003,m03-020-04-02,.,.,1
12004,m03-020-04-03,Look,look,0
12005,m03-020-04-04,over,over,1
12006,m03-020-04-05,there,there,1
12007,m03-020-04-06,.,:,0
12008,m03-020-04-07,',",",0
12009,m03-020-04-08,He,He,1
12010,m03-020-04-09,pointed,pointed,1
12011,m03-020-04-10,to,to,1
12012,m03-020-04-11,the,the,1
12013,m03-020-05-00,shadows,honours,0
12014,m03-020-05-01,beyond,beyond,1
12015,m03-020-05-02,the,the,1
12016,m03-020-05-03,river,river,1
12017,m03-020-05-04,.,.,1
12018,m03-020-05-05,',",",0
12019,m03-020-05-06,Something,something,0
12020,m03-020-05-07,moved,moved,1
12021,m03-020-05-08,.,.,1
12022,m03-020-05-09,',",",0
12023,m03-033-01-00,may,may,1
12024,m03-033-01-01,have,have,1
12025,m03-033-01-02,thought,thought,1
12026,m03-033-01-03,I,2,0
12027,m03-033-01-04,had,had,1
12028,m03-033-01-05,become,become,1
12029,m03-033-01-06,unbalanced,unbalanced,1
12030,m03-033-02-00,through,through,1
12031,m03-033-02-01,fear,fear,1
12032,m03-033-02-02,.,.,1
12033,m03-033-02-03,',",",0
12034,m03-033-02-04,A,A,1
12035,m03-033-02-05,character,character,1
12036,m03-033-02-06,Mr,Mr.,0
12037,m03-033-02-07,Gilberto,filberts,0
12038,m03-033-02-08,mentioned,mentioned,1
12039,m03-033-04-00,the,thet,0
12040,m03-033-04-01,forest,forest,1
12041,m03-033-04-02,Indians,Indians,1
12042,m03-033-04-03,are,are,1
12043,m03-033-04-04,said,said,1
12044,m03-033-04-05,to,to,1
12045,m03-033-04-06,be,be,1
12046,m03-033-04-07,mortally,mortally,1
12047,m03-033-05-00,afraid,afraid,1
12048,m03-033-05-01,",",I,0
12049,m03-033-05-02,with,with,1
12050,m03-033-05-03,a,a,1
12051,m03-033-05-04,hoof,hoof,1
12052,m03-033-05-05,shaped,shaped,1
12053,m03-033-05-06,like,like,1
12054,m03-033-05-07,the,the,1
12055,m03-033-05-08,heel,heel,1
12056,m03-033-06-00,of,of,1
12057,m03-033-06-01,a,a,1
12058,m03-033-06-02,bottle,bottle,1
12059,m03-033-06-03,.,.,1
12060,m03-033-06-04,If,if,0
12061,m03-033-06-05,your,your,1
12062,m03-033-06-06,lordship,hardship,0
12063,m03-033-06-07,will,will,1
12064,m03-033-06-08,excuse,expense,0
12065,m03-033-06-09,me,me,1
12066,m03-033-07-00,a,a,1
12067,m03-033-07-01,moment,moment,1
12068,m03-033-07-02,...,...,1
12069,m03-033-07-03,',",",0
12070,m03-110-00-00,Sally,sally,0
12071,m03-110-00-01,and,and,1
12072,m03-110-00-02,of,of,1
12073,m03-110-00-03,course,course,1
12074,m03-110-00-04,Mrs,is,0
12075,m03-110-00-05,Septimus,Reptimus,0
12076,m03-110-00-06,",",",",1
12077,m03-110-00-07,for,for,1
12078,m03-110-00-08,surely,lively,0
12079,m03-110-01-00,Mr,Mr.,0
12080,m03-110-01-01,Septimus,Septimus,1
12081,m03-110-01-02,stood,stood,1
12082,m03-110-01-03,in,in,1
12083,m03-110-01-04,the,the,1
12084,m03-110-01-05,same,same,1
12085,m03-110-01-06,case,case,1
12086,m03-110-01-07,as,as,1
12087,m03-110-02-00,myself,myself,1
12088,m03-110-02-01,?,?,1
12089,m03-110-02-02,But,But,1
12090,m03-110-02-03,was,was,1
12091,m03-110-02-04,it,if,0
12092,m03-110-02-05,so,so,1
12093,m03-110-02-06,?,?,1
12094,m03-110-02-07,I,I,1
12095,m03-110-02-08,allowed,allowed,1
12096,m03-110-02-09,myself,myself,1
12097,m03-110-03-00,to,to,1
12098,m03-110-03-01,entertain,entertain,1
12099,m03-110-03-02,for,for,1
12100,m03-110-03-03,an,an,1
12101,m03-110-03-04,instant,instant,1
12102,m03-110-03-05,the,the,1
12103,m03-110-03-06,idea,idea,1
12104,m03-110-03-07,",",",",1
12105,m03-110-03-08,the,the,1
12106,m03-110-06-00,would,would,1
12107,m03-110-06-01,be,be,1
12108,m03-110-06-02,inopportune,inapposturne,0
12109,m03-110-06-03,;,;,1
12110,m03-110-06-04,and,and,1
12111,m03-110-06-05,with,with,1
12112,m03-110-06-06,the,the,1
12113,m03-110-06-07,idea,idea,1
12114,m03-110-06-08,came,came,1
12115,m03-110-08-00,to,to,1
12116,m03-110-08-01,watch,watch,1
12117,m03-110-08-02,Mr,is,0
12118,m03-110-08-03,Septimus,septimus,0
12119,m03-110-08-04,more,more,1
12120,m03-110-08-05,closely,closely,1
12121,m03-110-08-06,",",",",1
12122,m03-110-08-07,Mrs,Mrs,1
12123,m03-110-09-00,Caine,Maine,0
12124,m03-110-09-01,too,too,1
12125,m03-110-09-02,and,and,1
12126,m03-110-09-03,Mr,Ms,0
12127,m03-110-09-04,Gilberto,fibers,0
12128,m03-110-09-05,who,who,1
12129,m03-110-09-06,would,would,1
12130,m03-110-09-07,...,...,1
12131,m03-114-00-00,But,But,1
12132,m03-114-00-01,all,all,1
12133,m03-114-00-02,three,three,1
12134,m03-114-00-03,were,were,1
12135,m03-114-00-04,to,to,1
12136,m03-114-00-05,the,the,1
12137,m03-114-00-06,casual,casual,1
12138,m03-114-01-00,observation,observation,1
12139,m03-114-01-01,I,I,1
12140,m03-114-01-02,permitted,permitted,1
12141,m03-114-01-03,myself,myself,1
12142,m03-114-01-04,unruffled,unruffled,1
12143,m03-114-01-05,;,;,1
12144,m03-114-02-00,Mr,Mr.,0
12145,m03-114-02-01,Septimus,Sections,0
12146,m03-114-02-02,reserved,reserved,1
12147,m03-114-02-03,and,and,1
12148,m03-114-02-04,certainly,certainly,1
12149,m03-114-02-05,very,very,1
12150,m03-114-03-00,thoughtful,thoughtful,1
12151,m03-114-03-01,",",",",1
12152,m03-114-03-02,but,but,1
12153,m03-114-03-03,that,that,1
12154,m03-114-03-04,was,was,1
12155,m03-114-03-05,his,his,1
12156,m03-114-03-06,habit,habit,1
12157,m03-114-03-07,.,.,1
12158,m03-114-03-08,Indeed,indeed,0
12159,m03-114-04-00,we,we,1
12160,m03-114-04-01,were,were,1
12161,m03-114-04-02,all,all,1
12162,m03-114-04-03,invaded,invaded,1
12163,m03-114-04-04,by,by,1
12164,m03-114-04-05,a,a,1
12165,m03-114-04-06,most,most,1
12166,m03-114-04-07,tranquil,tranquil,1
12167,m03-114-05-00,mood,mood,1
12168,m03-114-05-01,.,.,1
12169,m03-114-05-02,Even,Even,1
12170,m03-114-05-03,the,the,1
12171,m03-114-05-04,Indian,Indian,1
12172,m03-114-05-05,servants,servants,1
12173,m03-114-05-06,relaxed,related,0
12174,m03-114-05-07,",",',0
12175,m03-114-05-08,knowing,knowing,1
12176,m03-114-05-09,",",",",1
12177,m03-114-06-00,so,so,1
12178,m03-114-06-01,Mr,Mr.,0
12179,m03-114-06-02,Gilberto,Gilbert,0
12180,m03-114-06-03,told,told,1
12181,m03-114-06-04,us,us,1
12182,m03-114-06-05,",",",",1
12183,m03-114-06-06,that,that,1
12184,m03-114-06-07,the,the,1
12185,m03-114-06-08,wild,wild,1
12186,m03-114-06-09,and,and,1
12187,m03-114-07-00,savage,savage,1
12188,m03-114-07-01,tribes,tries,0
12189,m03-114-07-02,never,never,1
12190,m03-114-07-03,approached,approach,0
12191,m03-114-07-04,this,this,1
12192,m03-114-07-05,region,region,1
12193,m03-114-07-06,:,:,1
12194,m03-114-07-07,at,at,1
12195,m03-114-08-00,any,any,1
12196,m03-114-08-01,rate,rate,1
12197,m03-114-08-02,they,hey,0
12198,m03-114-08-03,remained,remained,1
12199,m03-114-08-04,with,with,1
12200,m03-114-08-05,us,as,0
12201,m03-114-08-06,",",",",1
12202,m03-114-08-07,perhaps,perhaps,1
12203,m03-114-09-00,for,for,1
12204,m03-114-09-01,such,such,1
12205,m03-114-09-02,protection,protection,1
12206,m03-114-09-03,as,as,1
12207,m03-114-09-04,our,our,1
12208,m03-114-09-05,presence,presence,1
12209,m03-114-09-06,",",(,0
12210,m03-114-09-07,or,or,1
12211,m03-114-09-08,Mrs,Mrs,1
12212,m03-118-00-00,But,But,1
12213,m03-118-00-01,after,after,1
12214,m03-118-00-02,what,what,1
12215,m03-118-00-03,Mrs,is,0
12216,m03-118-00-04,Caine,Cooke,0
12217,m03-118-00-05,had,had,1
12218,m03-118-00-06,said,said,1
12219,m03-118-00-07,it,it,1
12220,m03-118-00-08,was,was,1
12221,m03-118-00-09,never,never,1
12222,m03-118-01-00,far,far,1
12223,m03-118-01-01,from,from,1
12224,m03-118-01-02,our,our,1
12225,m03-118-01-03,minds,minds,1
12226,m03-118-01-04,that,that,1
12227,m03-118-01-05,at,at,1
12228,m03-118-01-06,any,any,1
12229,m03-118-01-07,moment,moment,1
12230,m03-118-01-08,we,we,1
12231,m03-118-01-09,were,were,1
12232,m03-118-02-00,to,to,1
12233,m03-118-02-01,receive,receive,1
12234,m03-118-02-02,a,a,1
12235,m03-118-02-03,summons,summons,1
12236,m03-118-02-04,.,"""",0
12237,m03-118-02-05,I,is,0
12238,m03-118-02-06,could,could,1
12239,m03-118-02-07,see,bee,0
12240,m03-118-02-08,that,that,1
12241,m03-118-02-09,Mr,per,0
12242,m03-118-02-10,Septimus,Septimans,0
12243,m03-118-03-00,was,was,1
12244,m03-118-03-01,impatient,impatient,1
12245,m03-118-03-02,for,for,1
12246,m03-118-03-03,it,it,1
12247,m03-118-03-04,.,.,1
12248,m03-118-03-05,This,This,1
12249,m03-118-03-06,afternoon,afternoon,1
12250,m03-118-03-07,",",',0
12251,m03-118-03-08,then,then,1
12252,m03-118-03-09,",",.,0
12253,m03-118-03-10,we,we,1
12254,m03-118-03-11,climbed,climbed,1
12255,m03-118-04-00,a,a,1
12256,m03-118-04-01,promontory,momentary,0
12257,m03-118-04-02,",",',0
12258,m03-118-04-03,a,a,1
12259,m03-118-04-04,mass,mass,1
12260,m03-118-04-05,of,of,1
12261,m03-118-04-06,clean,clean,1
12262,m03-118-04-07,rock,good,0
12263,m03-118-04-08,crowned,crossed,0
12264,m03-118-04-09,with,with,1
12265,m03-118-05-00,trees,trees,1
12266,m03-118-05-01,and,and,1
12267,m03-118-05-02,bushes,dishes,0
12268,m03-118-05-03,",",",",1
12269,m03-118-05-04,that,that,1
12270,m03-118-05-05,stood,stood,1
12271,m03-118-05-06,well,well,1
12272,m03-118-05-07,out,out,1
12273,m03-118-05-08,over,over,1
12274,m03-118-05-09,the,the,1
12275,m03-118-05-10,lake,late,0
12276,m03-118-05-11,.,-,0
12277,m04-030-00-00,"""","""",1
12278,m04-030-00-01,Good-bye,yead-ige,0
12279,m04-030-00-02,",",.,0
12280,m04-030-00-03,Dai,Sir,0
12281,m04-030-00-04,",",.,0
12282,m04-030-00-05,"""","""",1
12283,m04-030-00-06,said,aid,0
12284,m04-030-00-07,Morfydd,peslyld,0
12285,m04-030-00-08,",",.,0
12286,m04-030-00-09,smiling,finding,0
12287,m04-030-00-10,from,from,1
12288,m04-030-00-11,the,the,1
12289,m04-030-00-12,bottom,atom,0
12290,m04-030-00-13,step,for,0
12291,m04-030-00-14,.,.,1
12292,m04-030-02-00,She,the,0
12293,m04-030-02-01,was,was,1
12294,m04-030-02-02,already,deadly,0
12295,m04-030-02-03,up,up,1
12296,m04-030-02-04,the,the,1
12297,m04-030-02-05,bus,best,0
12298,m04-030-02-06,steps,taps,0
12299,m04-030-02-07,",",',0
12300,m04-030-02-08,and,and,1
12301,m04-030-02-09,the,the,1
12302,m04-030-02-10,bus,best,0
12303,m04-030-02-11,was,was,1
12304,m04-030-02-12,away,away,1
12305,m04-030-02-13,.,.,1
12306,m04-030-02-14,And,that,0
12307,m04-030-02-15,Morfydd,blood,0
12308,m04-030-02-16,Owen,One,0
12309,m04-030-03-00,waving,standing,0
12310,m04-030-03-01,",",.,0
12311,m04-030-03-02,unkissed,ruined,0
12312,m04-030-03-03,",",.,0
12313,m04-030-03-04,from,from,1
12314,m04-030-03-05,the,the,1
12315,m04-030-03-06,window,winter,0
12316,m04-030-03-07,.,.,1
12317,m04-030-03-08,And,by,0
12318,m04-030-03-09,Dai,air,0
12319,m04-030-03-10,",",",",1
12320,m04-030-03-11,on,on,1
12321,m04-030-03-12,the,the,1
12322,m04-030-03-13,pavement,pavement,1
12323,m04-030-03-14,",",',0
12324,m04-030-03-15,knowing,growing,0
12325,m04-030-03-16,in,in,1
12326,m04-030-03-17,his,his,1
12327,m04-030-04-00,heart,heat,0
12328,m04-030-04-01,that,#,0
12329,m04-030-04-02,Morfydd,wuslgal,0
12330,m04-030-04-03,was,was,1
12331,m04-030-04-04,leaving,training,0
12332,m04-030-04-05,him,Muir,0
12333,m04-030-04-06,as,as,1
12334,m04-030-04-07,surely,full,0
12335,m04-030-04-08,as,as,1
12336,m04-030-04-09,she,the,0
12337,m04-030-04-10,was,was,1
12338,m04-030-04-11,leaving,Hearing,0
12339,m04-030-04-12,Dinas,Asian,0
12340,m04-030-04-13,.,.,1
12341,m04-038-00-00,So,&,0
12342,m04-038-00-01,the,he,0
12343,m04-038-00-02,bus,is,0
12344,m04-038-00-03,set,At,0
12345,m04-038-00-04,out,of,0
12346,m04-038-00-05,for,for,1
12347,m04-038-00-06,Llangrwl,angry,0
12348,m04-038-00-07,.,",",0
12349,m04-038-00-08,But,That,0
12350,m04-038-00-09,it,it,1
12351,m04-038-00-10,never,never,1
12352,m04-038-00-11,reached,saved,0
12353,m04-038-00-12,there,that,0
12354,m04-038-00-13,!,!,1
12355,m04-038-00-14,Somewhere,Somernhene,0
12356,m04-038-00-15,",",',0
12357,m04-038-01-00,on,on,1
12358,m04-038-01-01,those,those,1
12359,m04-038-01-02,fifteen,fifteen,1
12360,m04-038-01-03,miles,miles,1
12361,m04-038-01-04,of,of,1
12362,m04-038-01-05,mountain,contain,0
12363,m04-038-01-06,roads,heads,0
12364,m04-038-01-07,",",",",1
12365,m04-038-01-08,it,it,1
12366,m04-038-01-09,disappeared,disappeared,1
12367,m04-038-01-10,from,from,1
12368,m04-038-01-11,the,the,1
12369,m04-038-01-12,earthly,monthly,0
12370,m04-038-02-00,scene,were,0
12371,m04-038-02-01,.,.,1
12372,m04-038-02-02,The,the,0
12373,m04-038-02-03,first,fit,0
12374,m04-038-02-04,intimation,intimations,0
12375,m04-038-02-05,that,fat,0
12376,m04-038-02-06,all,al,0
12377,m04-038-02-07,was,nan,0
12378,m04-038-02-08,not,not,1
12379,m04-038-02-09,well,well,1
12380,m04-038-02-10,came,come,0
12381,m04-038-02-11,when,wher,0
12382,m04-038-02-12,a,a,1
12383,m04-038-03-00,Mr.,Mr.,1
12384,m04-038-03-01,Isaiah,said,0
12385,m04-038-03-02,Roberts,teeth,0
12386,m04-038-03-03,",",",",1
12387,m04-038-03-04,landlord,ambled,0
12388,m04-038-03-05,of,&,0
12389,m04-038-03-06,The,the,0
12390,m04-038-03-07,Traveller's,Broutler's,0
12391,m04-038-03-08,Joy,got,0
12392,m04-038-03-09,",",.,0
12393,m04-038-03-10,rang,long,0
12394,m04-038-03-11,up,up,1
12395,m04-038-03-12,the,the,1
12396,m04-038-04-00,Dinas,Alvin,0
12397,m04-038-04-01,Motor,Ado,0
12398,m04-038-04-02,Omnibus,Charles,0
12399,m04-038-04-03,Co.,v.,0
12400,m04-038-04-04,to,to,1
12401,m04-038-04-05,ask,work,0
12402,m04-038-04-06,what,what,1
12403,m04-038-04-07,had,for,0
12404,m04-038-04-08,happened,happened,1
12405,m04-038-04-09,to,for,0
12406,m04-038-04-10,their,their,1
12407,m04-038-05-00,damn,Sam,0
12408,m04-038-05-01,bus,be,0
12409,m04-038-05-02,.,.,1
12410,m04-043-03-00,reasonably,reasonably,1
12411,m04-043-03-01,.,",",0
12412,m04-043-03-02,"""","""",1
12413,m04-043-03-03,Start,state,0
12414,m04-043-03-04,running,tmrsoning,0
12415,m04-043-03-05,punctual,punted,0
12416,m04-043-03-06,and,and,1
12417,m04-043-03-07,where,there,0
12418,m04-043-03-08,are,are,1
12419,m04-043-03-09,you,y,0
12420,m04-043-03-10,?,!,0
12421,m04-043-03-11,People,sample,0
12422,m04-043-03-12,get,get,1
12423,m04-061-00-00,"""","""",1
12424,m04-061-00-01,And,but,0
12425,m04-061-00-02,what,that,0
12426,m04-061-00-03,are,he,0
12427,m04-061-00-04,you,you,1
12428,m04-061-00-05,going,going,1
12429,m04-061-00-06,to,to,1
12430,m04-061-00-07,do,to,0
12431,m04-061-00-08,about,drug,0
12432,m04-061-00-09,it,it,1
12433,m04-061-00-10,?,!,0
12434,m04-061-00-11,"""","""",1
12435,m04-061-00-12,Tendentious,Bemitaution,0
12436,m04-061-00-13,",",',0
12437,m04-061-00-14,Mr.,Mr.,1
12438,m04-061-00-15,Roberts,Diets,0
12439,m04-061-00-16,sounded,bounded,0
12440,m04-061-00-17,.,.,1
12441,m04-061-04-00,and,and,1
12442,m04-061-04-01,scour,reins,0
12443,m04-061-04-02,the,#,0
12444,m04-061-04-03,countryside,countergids,0
12445,m04-061-04-04,between,between,1
12446,m04-061-04-05,here,bee,0
12447,m04-061-04-06,and,of,0
12448,m04-061-04-07,The,the,0
12449,m04-061-04-08,Traveller's,Bramatbin,0
12450,m04-061-04-09,Joy,by,0
12451,m04-061-04-10,.,',0
12452,m04-072-00-00,The,The,1
12453,m04-072-00-01,two-twenty,twatwenty,0
12454,m04-072-00-02,to,to,1
12455,m04-072-00-03,Llangrwl,Clangoul,0
12456,m04-072-00-04,has,has,1
12457,m04-072-00-05,failed,failed,1
12458,m04-072-00-06,to,to,1
12459,m04-072-01-00,complete,Complete,0
12460,m04-072-01-01,her,her,1
12461,m04-072-01-02,mission,mission,1
12462,m04-072-01-03,.,.,1
12463,m04-072-01-04,"""","""",1
12464,m04-072-01-05,Paled,Paled,1
12465,m04-072-01-06,",",",",1
12466,m04-072-01-07,did,did,1
12467,m04-072-01-08,Dai,Day,0
12468,m04-072-01-09,.,.,1
12469,m04-072-01-10,For,For,1
12470,m04-072-01-11,the,the,1
12471,m04-072-02-00,two-twenty,tro-teenty,0
12472,m04-072-02-01,carried,carried,1
12473,m04-072-02-02,",",",",1
12474,m04-072-02-03,for,for,1
12475,m04-072-02-04,him,him,1
12476,m04-072-02-05,",",",",1
12477,m04-072-02-06,a,a,1
12478,m04-072-02-07,cargo,Congo,0
12479,m04-072-02-08,more,more,1
12480,m04-072-03-00,precious,precious,1
12481,m04-072-03-01,than,than,1
12482,m04-072-03-02,jewels,levels,0
12483,m04-072-03-03,.,.,1
12484,m04-072-03-04,Though,Though,1
12485,m04-072-03-05,Mofydd,Mood,0
12486,m04-072-03-06,Owen,even,0
12487,m04-072-04-00,was,was,1
12488,m04-072-04-01,",",",",1
12489,m04-072-04-02,as,as,1
12490,m04-072-04-03,he,he,1
12491,m04-072-04-04,feared,feared,1
12492,m04-072-04-05,",",",",1
12493,m04-072-04-06,departed,departed,1
12494,m04-072-04-07,out,out,1
12495,m04-072-04-08,of,of,1
12496,m04-072-04-09,his,his,1
12497,m04-072-04-10,life,life,1
12498,m04-072-04-11,",",",",1
12499,m04-072-05-00,he,he,1
12500,m04-072-05-01,still,still,1
12501,m04-072-05-02,loved,loved,1
12502,m04-072-05-03,her,her,1
12503,m04-072-05-04,dearly,clearly,0
12504,m04-072-05-05,.,.,1
12505,m04-072-05-06,Already,already,0
12506,m04-072-05-07,",",",",1
12507,m04-072-05-08,even,even,1
12508,m04-072-06-00,as,as,1
12509,m04-072-06-01,with,with,1
12510,m04-072-06-02,trembling,trembling,1
12511,m04-072-06-03,fingers,fingers,1
12512,m04-072-06-04,he,he,1
12513,m04-072-06-05,fastened,fastened,1
12514,m04-072-06-06,his,his,1
12515,m04-072-07-00,trouser,trousers,0
12516,m04-072-07-01,clips,clips,1
12517,m04-072-07-02,",",",",1
12518,m04-072-07-03,he,he,1
12519,m04-072-07-04,was,was,1
12520,m04-072-07-05,seeing,seeing,1
12521,m04-072-07-06,her,her,1
12522,m04-072-07-07,lying,long,0
12523,m04-072-07-08,in,in,1
12524,m04-072-08-00,some,some,1
12525,m04-072-08-01,dreadful,dreadful,1
12526,m04-072-08-02,ravine,living,0
12527,m04-072-08-03,",",I,0
12528,m04-072-08-04,or,or,1
12529,m04-072-08-05,beset,beset,1
12530,m04-072-08-06,by,by,1
12531,m04-072-09-00,robbers,robbers,1
12532,m04-072-09-01,",",",",1
12533,m04-072-09-02,or,or,1
12534,m04-072-09-03,being,being,1
12535,m04-072-09-04,whisked,whisked,1
12536,m04-072-09-05,off,off,1
12537,m04-072-09-06,to,to,1
12538,m04-072-09-07,Emergency,Emergency,1
12539,m04-072-10-00,Ward,ward,0
12540,m04-072-10-01,10,10,1
12541,m04-072-10-02,.,.,1
12542,m04-078-00-00,But,But,1
12543,m04-078-00-01,even,even,1
12544,m04-078-00-02,his,his,1
12545,m04-078-00-03,imagination,imagination,1
12546,m04-078-00-04,",",",",1
12547,m04-078-00-05,luckily,luckily,1
12548,m04-078-00-06,for,for,1
12549,m04-078-00-07,him,him,1
12550,m04-078-00-08,",",",",1
12551,m04-078-01-00,did,did,1
12552,m04-078-01-01,not,not,1
12553,m04-078-01-02,visualise,visualize,0
12554,m04-078-01-03,the,the,1
12555,m04-078-01-04,awful,actual,0
12556,m04-078-01-05,truth,truth,1
12557,m04-078-01-06,-,-,1
12558,m04-078-01-07,that,that,1
12559,m04-078-02-00,Morfyyd,Mortyyd,0
12560,m04-078-02-01,Owen,Owen,1
12561,m04-078-02-02,was,was,1
12562,m04-078-02-03,already,already,1
12563,m04-078-02-04,qualifying,qualifying,1
12564,m04-078-02-05,for,for,1
12565,m04-078-05-00,Cadwallader,ladwallades,0
12566,m04-078-05-01,when,when,1
12567,m04-078-05-02,his,his,1
12568,m04-078-05-03,child,child,1
12569,m04-078-05-04,mind,mind,1
12570,m04-078-05-05,grasped,grasped,1
12571,m04-078-06-00,the,the,1
12572,m04-078-06-01,fact,fact,1
12573,m04-078-06-02,that,that,1
12574,m04-078-06-03,the,the,1
12575,m04-078-06-04,green,green,1
12576,m04-078-06-05,earth,earth,1
12577,m04-078-06-06,was,was,1
12578,m04-078-06-07,falling,failing,0
12579,m04-078-07-00,away,away,1
12580,m04-078-07-01,at,at,1
12581,m04-078-07-02,a,a,1
12582,m04-078-07-03,rate,rate,1
12583,m04-078-07-04,of,of,1
12584,m04-078-07-05,knots,lots,0
12585,m04-078-07-06,.,.,1
12586,m04-081-00-00,Where,Where,1
12587,m04-081-00-01,indeed,indeed,1
12588,m04-081-00-02,?,2,0
12589,m04-081-00-03,Megan,began,0
12590,m04-081-00-04,Thomas,Thomas,1
12591,m04-081-00-05,spoke,spoke,1
12592,m04-081-00-06,sharply,sharply,1
12593,m04-081-01-00,to,to,1
12594,m04-081-01-01,the,the,1
12595,m04-081-01-02,conductor,conductor,1
12596,m04-081-01-03,",",",",1
12597,m04-081-01-04,demanding,demanding,1
12598,m04-081-01-05,an,an,1
12599,m04-081-01-06,explanation,explanation,1
12600,m04-081-01-07,.,.,1
12601,m04-081-02-00,But,But,1
12602,m04-081-02-01,nonplussed,unuplussed,0
12603,m04-081-02-02,",",",",1
12604,m04-081-02-03,the,the,1
12605,m04-081-02-04,conductor,conductor,1
12606,m04-081-02-05,was,was,1
12607,m04-081-02-06,.,.,1
12608,m04-081-02-07,A,It,0
12609,m04-081-03-00,good,good,1
12610,m04-081-03-01,man,man,1
12611,m04-081-03-02,",",",",1
12612,m04-081-03-03,mind,mind,1
12613,m04-081-03-04,;,;,1
12614,m04-081-03-05,knew,knew,1
12615,m04-081-03-06,his,his,1
12616,m04-081-03-07,job,job,1
12617,m04-081-03-08,.,.,1
12618,m04-081-03-09,But,But,1
12619,m04-081-03-10,out,out,1
12620,m04-081-03-11,of,of,1
12621,m04-081-04-00,depth,death,0
12622,m04-081-04-01,in,in,1
12623,m04-081-04-02,this,this,1
12624,m04-081-04-03,particular,particular,1
12625,m04-081-04-04,instance,instance,1
12626,m04-081-04-05,.,.,1
12627,m04-081-04-06,Fingered,fingered,0
12628,m04-081-05-00,his,his,1
12629,m04-081-05-01,ticket-punch,ticket-pancds,0
12630,m04-081-05-02,nervously,nervously,1
12631,m04-081-05-03,.,.,1
12632,m04-081-05-04,Peered,Peered,1
12633,m04-081-05-05,out,out,1
12634,m04-081-05-06,of,of,1
12635,m04-081-06-00,the,the,1
12636,m04-081-06-01,window,window,1
12637,m04-081-06-02,.,.,1
12638,m04-081-06-03,Went,Went,1
12639,m04-081-06-04,and,and,1
12640,m04-081-06-05,consulted,consulted,1
12641,m04-081-06-06,the,the,1
12642,m04-081-06-07,driver,prices,0
12643,m04-081-06-08,.,.,1
12644,m04-081-07-00,"""","""",1
12645,m04-081-07-01,Where,Where,1
12646,m04-081-07-02,are,are,1
12647,m04-081-07-03,we,we,1
12648,m04-081-07-04,going,going,1
12649,m04-081-07-05,?,?,1
12650,m04-081-07-06,"""","""",1
12651,m04-081-07-07,he,he,1
12652,m04-081-07-08,echoed,echoed,1
12653,m04-081-07-09,Cadwallader,Cadiallader,0
12654,m04-081-07-10,.,.,1
12655,m04-081-09-00,"""","""",1
12656,m04-081-09-01,But,But,1
12657,m04-081-09-02,something,something,1
12658,m04-081-09-03,very,very,1
12659,m04-081-09-04,untoward,untoward,1
12660,m04-081-09-05,has,has,1
12661,m04-093-00-00,Immersed,dressed,0
12662,m04-093-00-01,in,in,1
12663,m04-093-00-02,the,the,1
12664,m04-093-00-03,Dinas,Dives,0
12665,m04-093-00-04,Advertiser,Aduestisen,0
12666,m04-093-00-05,",",",",1
12667,m04-093-00-06,was,was,1
12668,m04-093-00-07,the,the,1
12669,m04-093-01-00,Rev.,Rep.,0
12670,m04-093-01-01,Edwards,Edwards,1
12671,m04-093-01-02,.,.,1
12672,m04-093-01-03,Now,Nor,0
12673,m04-093-01-04,he,he,1
12674,m04-093-01-05,put,put,1
12675,m04-093-01-06,down,down,1
12676,m04-093-01-07,his,his,1
12677,m04-093-01-08,paper,Paper,0
12678,m04-093-01-09,",",",",1
12679,m04-093-02-00,folded,folded,1
12680,m04-093-02-01,it,it,1
12681,m04-093-02-02,",",",",1
12682,m04-093-02-03,and,and,1
12683,m04-093-02-04,glanced,glanced,1
12684,m04-093-02-05,idly,idly,1
12685,m04-093-02-06,out,cut,0
12686,m04-093-02-07,of,of,1
12687,m04-093-02-08,the,the,1
12688,m04-093-03-00,window,Window,0
12689,m04-093-03-01,.,.,1
12690,m04-093-03-02,Looked,looked,0
12691,m04-093-03-03,again,again,1
12692,m04-093-03-04,",",",",1
12693,m04-093-03-05,eyes,eyes,1
12694,m04-093-03-06,starting,starting,1
12695,m04-093-03-07,from,from,1
12696,m04-093-04-00,his,his,1
12697,m04-093-04-01,head,head,1
12698,m04-093-04-02,.,.,1
12699,m04-093-04-03,"""","""",1
12700,m04-093-04-04,God,God,1
12701,m04-093-04-05,bless,bless,1
12702,m04-093-04-06,my,my,1
12703,m04-093-04-07,immortal,immortal,1
12704,m04-093-04-08,soul,sound,0
12705,m04-093-04-09,",",",",1
12706,m04-093-04-10,"""","""",1
12707,m04-093-05-00,he,he,1
12708,m04-093-05-01,cried,cried,1
12709,m04-093-05-02,.,.,1
12710,m04-093-05-03,"""","""",1
12711,m04-093-05-04,Never,Never,1
12712,m04-093-05-05,mind,mind,1
12713,m04-093-05-06,your,your,1
12714,m04-093-05-07,immortal,immortal,1
12715,m04-093-06-00,soul,soul,1
12716,m04-093-06-01,",",",",1
12717,m04-093-06-02,"""","""",1
12718,m04-093-06-03,said,said,1
12719,m04-093-06-04,Megan,Hogan,0
12720,m04-093-06-05,Thomas,Thomas,1
12721,m04-093-06-06,tartly,partly,0
12722,m04-093-06-07,.,.,1
12723,m04-093-07-00,"""","""",1
12724,m04-093-07-01,Here,Here,1
12725,m04-093-07-02,we,we,1
12726,m04-093-07-03,are,are,1
12727,m04-093-07-04,traversing,traversing,1
12728,m04-093-07-05,the,the,1
12729,m04-093-07-06,heavens,heavens,1
12730,m04-093-07-07,at,at,1
12731,m04-093-07-08,the,the,1
12732,m04-093-08-00,very,very,1
12733,m04-093-08-01,moment,moment,1
12734,m04-093-08-02,when,when,1
12735,m04-093-08-03,we,We,0
12736,m04-093-08-04,should,should,1
12737,m04-093-08-05,be,be,1
12738,m04-093-09-00,running,tinning,0
12739,m04-093-09-01,into,into,1
12740,m04-093-09-02,Llangrwl,langrrwl,0
12741,m04-093-09-03,bus,bus,1
12742,m04-093-09-04,station,station,1
12743,m04-093-09-05,.,.,1
12744,m04-100-00-00,And,And,1
12745,m04-100-00-01,no,no,1
12746,m04-100-00-02,one,one,1
12747,m04-100-00-03,doing,doing,1
12748,m04-100-00-04,the,the,1
12749,m04-100-00-05,first,dust,0
12750,m04-100-00-06,thing,thing,1
12751,m04-100-00-07,about,about,1
12752,m04-100-01-00,it,it,1
12753,m04-100-01-01,.,.,1
12754,m04-100-01-02,"""","""",1
12755,m04-100-01-03,Stung,string,0
12756,m04-100-01-04,",",",",1
12757,m04-100-01-05,the,the,1
12758,m04-100-01-06,conductor,conductor,1
12759,m04-100-01-07,was,was,1
12760,m04-100-01-08,.,.,1
12761,m04-100-01-09,"""",a,0
12762,m04-100-01-10,What,What,1
12763,m04-100-01-11,you,you,1
12764,m04-100-02-00,expect,expect,1
12765,m04-100-02-01,me,me,1
12766,m04-100-02-02,to,to,1
12767,m04-100-02-03,do,do,1
12768,m04-100-02-04,?,?,1
12769,m04-100-02-05,"""","""",1
12770,m04-100-02-06,he,he,1
12771,m04-100-02-07,inquired,inquired,1
12772,m04-100-02-08,",",",",1
12773,m04-100-02-09,bitter,bitter,1
12774,m04-100-02-10,.,.,1
12775,m04-100-03-00,"""","""",1
12776,m04-100-03-01,Radio,Radio,1
12777,m04-100-03-02,Flying,flying,0
12778,m04-100-03-03,Control,Control,1
12779,m04-100-03-04,at,at,1
12780,m04-100-03-05,London,London,1
12781,m04-100-03-06,Airport,Airport,1
12782,m04-100-03-07,",",",",1
12783,m04-100-05-00,us,us,1
12784,m04-100-05-01,nowhere,nowhere,1
12785,m04-100-05-02,",",",",1
12786,m04-100-05-03,"""","""",1
12787,m04-100-05-04,boomed,boomed,1
12788,m04-100-05-05,the,the,1
12789,m04-100-05-06,Rev.,you,0
12790,m04-100-05-07,Edwards,Edwards,1
12791,m04-100-05-08,.,.,1
12792,m04-100-06-00,"""","""",1
12793,m04-100-06-01,It,It,1
12794,m04-100-06-02,'s,'s,1
12795,m04-100-06-03,all,all,1
12796,m04-100-06-04,very,very,1
12797,m04-100-06-05,well,well,1
12798,m04-100-06-06,",",",",1
12799,m04-100-06-07,"""","""",1
12800,m04-100-06-08,commented,commented,1
12801,m04-100-07-00,Mr.,Mr.,1
12802,m04-100-07-01,Hayball,Hayball,1
12803,m04-100-07-02,from,from,1
12804,m04-100-07-03,the,the,1
12805,m04-100-07-04,back,back,1
12806,m04-100-07-05,seat,seat,1
12807,m04-100-07-06,.,.,1
12808,m04-107-00-00,"""","""",1
12809,m04-107-00-01,But,But,1
12810,m04-107-00-02,Eth,to,0
12811,m04-107-00-03,and,and,1
12812,m04-107-00-04,me,me,1
12813,m04-107-00-05,wanted,wanted,1
12814,m04-107-00-06,to,to,1
12815,m04-107-00-07,be,be,1
12816,m04-107-01-00,at,at,1
12817,m04-107-01-01,the,the,1
12818,m04-107-01-02,Youth,Youth,1
12819,m04-107-01-03,Hostel,Hotel,0
12820,m04-107-01-04,before,before,1
12821,m04-107-01-05,dark,dark,1
12822,m04-107-01-06,.,.,1
12823,m04-107-01-07,"""","""",1
12824,m04-107-02-00,Morfydd,Mortydd,0
12825,m04-107-02-01,Owen,Owen,1
12826,m04-107-02-02,was,was,1
12827,m04-107-02-03,silent,silent,1
12828,m04-107-02-04,.,.,1
12829,m04-107-02-05,But,But,1
12830,m04-107-02-06,she,she,1
12831,m04-107-03-00,looked,looked,1
12832,m04-107-03-01,down,down,1
12833,m04-107-03-02,at,at,1
12834,m04-107-03-03,the,the,1
12835,m04-107-03-04,fast-disappearing,fast-dinpresring,0
12836,m04-107-04-00,earth,earth,1
12837,m04-107-04-01,",",",",1
12838,m04-107-04-02,and,and,1
12839,m04-107-04-03,it,it,1
12840,m04-107-04-04,seemed,seemed,1
12841,m04-107-04-05,to,to,1
12842,m04-107-04-06,her,her,1
12843,m04-107-04-07,that,that,1
12844,m04-107-04-08,she,she,1
12845,m04-107-05-00,would,would,1
12846,m04-107-05-01,never,never,1
12847,m04-107-05-02,see,hee,0
12848,m04-107-05-03,her,her,1
12849,m04-107-05-04,Dai,a,0
12850,m04-107-05-05,again,again,1
12851,m04-107-05-06,.,.,1
12852,m04-107-05-07,And,And,1
12853,m04-107-06-00,though,though,1
12854,m04-107-06-01,half,half,1
12855,m04-107-06-02,an,an,1
12856,m04-107-06-03,hour,hour,1
12857,m04-107-06-04,ago,ago,1
12858,m04-107-06-05,she,she,1
12859,m04-107-06-06,had,had,1
12860,m04-107-07-00,regarded,regarded,1
12861,m04-107-07-01,this,this,1
12862,m04-107-07-02,possibility,possibility,1
12863,m04-107-07-03,with,with,1
12864,m04-107-08-00,fortitude,fortitude,1
12865,m04-107-08-01,",",",",1
12866,m04-107-08-02,it,it,1
12867,m04-107-08-03,now,now,1
12868,m04-107-08-04,filled,filled,1
12869,m04-107-08-05,her,her,1
12870,m04-107-08-06,with,with,1
12871,m04-107-09-00,dismay,dismay,1
12872,m04-107-09-01,.,.,1
12873,m04-107-09-02,Quietly,quietly,0
12874,m04-107-09-03,she,she,1
12875,m04-107-09-04,began,began,1
12876,m04-107-09-05,to,to,1
12877,m04-107-10-00,weep,weep,1
12878,m04-107-10-01,...,...,1
12879,m04-113-00-00,Dai,air,0
12880,m04-113-00-01,",",",",1
12881,m04-113-00-02,meanwhile,meanwhile,1
12882,m04-113-00-03,",",",",1
12883,m04-113-00-04,was,was,1
12884,m04-113-00-05,pedalling,recalling,0
12885,m04-113-01-00,furiously,furiously,1
12886,m04-113-01-01,on,on,1
12887,m04-113-01-02,the,the,1
12888,m04-113-01-03,road,road,1
12889,m04-113-01-04,.,.,1
12890,m04-113-01-05,Not,Not,1
12891,m04-113-01-06,a,a,1
12892,m04-113-01-07,sign,sign,1
12893,m04-113-01-08,of,of,1
12894,m04-113-02-00,the,the,1
12895,m04-113-02-01,bus,bas,0
12896,m04-113-02-02,.,.,1
12897,m04-113-02-03,He,the,0
12898,m04-113-02-04,passed,parked,0
12899,m04-113-02-05,The,The,1
12900,m04-113-02-06,Traveller's,travellers,0
12901,m04-113-03-00,Joy,toy,0
12902,m04-113-03-01,.,.,1
12903,m04-113-03-02,At,At,1
12904,m04-113-03-03,last,last,1
12905,m04-113-03-04,he,he,1
12906,m04-113-03-05,caught,ought,0
12907,m04-113-03-06,up,up,1
12908,m04-113-03-07,Mr.,Mr.,1
12909,m04-113-03-08,Roberts,Roberts,1
12910,m04-113-03-09,",",",",1
12911,m04-113-04-00,walking,walking,1
12912,m04-113-04-01,very,very,1
12913,m04-113-04-02,dogged,dogged,1
12914,m04-113-04-03,towards,towards,1
12915,m04-113-04-04,Llangrwl,fllangral,0
12916,m04-113-04-05,.,.,1
12917,m04-113-05-00,"""","""",1
12918,m04-113-05-01,Afternoon,afternoon,0
12919,m04-113-05-02,",",",",1
12920,m04-113-05-03,Mr.,Mr.,1
12921,m04-113-05-04,Roberts,Roberts,1
12922,m04-113-05-05,",",",",1
12923,m04-113-05-06,"""","""",1
12924,m04-113-05-07,he,he,1
12925,m04-113-05-08,called,called,1
12926,m04-113-05-09,",",",",1
12927,m04-113-05-10,polite,polite,1
12928,m04-113-05-11,",",",",1
12929,m04-113-06-00,as,as,1
12930,m04-113-06-01,he,he,1
12931,m04-113-06-02,shot,shot,1
12932,m04-113-06-03,past,part,0
12933,m04-113-06-04,.,.,1
12934,m04-113-06-05,His,this,0
12935,m04-113-06-06,spirits,spirits,1
12936,m04-113-06-07,were,were,1
12937,m04-113-06-08,rising,living,0
12938,m04-113-06-09,.,.,1
12939,m04-113-07-00,He,He,1
12940,m04-113-07-01,had,had,1
12941,m04-113-07-02,seen,seen,1
12942,m04-113-07-03,no,no,1
12943,m04-113-07-04,sign,sign,1
12944,m04-113-07-05,of,of,1
12945,m04-113-07-06,an,an,1
12946,m04-113-07-07,accident,accident,1
12947,m04-113-07-08,.,.,1
12948,m04-113-08-00,Therefore,Therefore,1
12949,m04-113-08-01,Mr.,Mr.,1
12950,m04-113-08-02,Roberts,Roberts,1
12951,m04-113-08-03,must,must,1
12952,m04-113-08-04,have,have,1
12953,m04-113-08-05,been,been,1
12954,m04-113-08-06,mistaken,mistaken,1
12955,m04-113-08-07,.,.,1
12956,m04-113-09-00,He,He,1
12957,m04-113-09-01,would,would,1
12958,m04-113-09-02,find,find,1
12959,m04-113-09-03,the,the,1
12960,m04-113-09-04,bus,bus,1
12961,m04-113-09-05,safe,rate,0
12962,m04-113-09-06,and,and,1
12963,m04-113-09-07,sound,round,0
12964,m04-113-09-08,in,in,1
12965,m04-113-10-00,Llangrwl,Allangral,0
12966,m04-113-10-01,",",",",1
12967,m04-113-10-02,and,and,1
12968,m04-113-10-03,his,his,1
12969,m04-113-10-04,dear,dear,1
12970,m04-113-10-05,Morfydd,Mortydd,0
12971,m04-113-10-06,quietly,quietly,1
12972,m04-123-00-00,But,But,1
12973,m04-123-00-01,disappointment,disappointment,1
12974,m04-123-00-02,awaited,awaited,1
12975,m04-123-00-03,him,him,1
12976,m04-123-00-04,.,.,1
12977,m04-123-00-05,A,A,1
12978,m04-123-01-00,restive,sensitive,0
12979,m04-123-01-01,queue,queue,1
12980,m04-123-01-02,of,of,1
12981,m04-123-01-03,people,people,1
12982,m04-123-01-04,in,in,1
12983,m04-123-01-05,the,the,1
12984,m04-123-01-06,bus,bas,0
12985,m04-123-01-07,station,station,1
12986,m04-123-01-08,",",",",1
12987,m04-123-02-00,waiting,waiting,1
12988,m04-123-02-01,to,to,1
12989,m04-123-02-02,be,be,1
12990,m04-123-02-03,transported,transported,1
12991,m04-123-02-04,to,to,1
12992,m04-123-02-05,Dinas,Kings,0
12993,m04-123-02-06,.,.,1
12994,m04-123-02-07,And,And,1
12995,m04-123-03-00,when,when,1
12996,m04-123-03-01,he,he,1
12997,m04-123-03-02,went,went,1
12998,m04-123-03-03,to,to,1
12999,m04-123-03-04,Morfydd's,Mortyodd's,0
13000,m04-123-03-05,house,house,1
13001,m04-123-03-06,",",",",1
13002,m04-123-03-07,all,all,1
13003,m04-123-04-00,he,he,1
13004,m04-123-04-01,found,found,1
13005,m04-123-04-02,was,was,1
13006,m04-123-04-03,Morfydd's,Worfydd's,0
13007,m04-123-04-04,mam,man,0
13008,m04-123-04-05,",",",",1
13009,m04-123-04-06,working,working,1
13010,m04-123-05-00,herself,herself,1
13011,m04-123-05-01,up,up,1
13012,m04-123-05-02,proper,proper,1
13013,m04-123-05-03,...,...,1
13014,m04-123-05-04,Getting,getting,0
13015,m04-123-05-05,dark,dark,1
13016,m04-123-05-06,",",",",1
13017,m04-123-05-07,now,now,1
13018,m04-123-05-08,.,.,1
13019,m04-123-06-00,The,The,1
13020,m04-123-06-01,conductor,conductor,1
13021,m04-123-06-02,switched,watched,0
13022,m04-123-06-03,on,on,1
13023,m04-123-06-04,the,the,1
13024,m04-123-06-05,lights,lights,1
13025,m04-123-06-06,.,.,1
13026,m04-123-07-00,The,The,1
13027,m04-123-07-01,beleaguered,beleaguesed,0
13028,m04-123-07-02,passengers,passengers,1
13029,m04-123-07-03,peered,peered,1
13030,m04-123-07-04,out,out,1
13031,m04-123-07-05,of,of,1
13032,m04-123-08-00,the,the,1
13033,m04-123-08-01,windows,windows,1
13034,m04-123-08-02,.,.,1
13035,m04-123-08-03,Little,little,0
13036,m04-123-08-04,to,to,1
13037,m04-123-08-05,be,be,1
13038,m04-123-08-06,seen,seen,1
13039,m04-123-08-07,",",",",1
13040,m04-123-08-08,only,only,1
13041,m04-123-08-09,a,a,1
13042,m04-123-09-00,few,few,1
13043,m04-123-09-01,lone,lone,1
13044,m04-123-09-02,stars,stars,1
13045,m04-123-09-03,",",",",1
13046,m04-123-09-04,and,and,1
13047,m04-123-09-05,the,the,1
13048,m04-123-09-06,distant,distant,1
13049,m04-123-09-07,earth,earth,1
13050,m04-123-10-00,brooding,brooding,1
13051,m04-123-10-01,in,in,1
13052,m04-123-10-02,her,her,1
13053,m04-123-10-03,shroud,should,0
13054,m04-123-10-04,of,of,1
13055,m04-123-10-05,mist,mist,1
13056,m04-123-10-06,.,.,1
13057,m04-131-00-00,Megan,began,0
13058,m04-131-00-01,Thomas,Thomas,1
13059,m04-131-00-02,sat,nat,0
13060,m04-131-00-03,tight-lipped,light-Lipped,0
13061,m04-131-00-04,",",",",1
13062,m04-131-00-05,nursing,during,0
13063,m04-131-01-00,the,the,1
13064,m04-131-01-01,sleeping,sleeping,1
13065,m04-131-01-02,Cadwallader,ladwallader,0
13066,m04-131-01-03,.,.,1
13067,m04-131-01-04,Driver,driver,0
13068,m04-131-01-05,and,and,1
13069,m04-131-02-00,conductor,conductor,1
13070,m04-131-02-01,peered,peered,1
13071,m04-131-02-02,ahead,ahead,1
13072,m04-131-02-03,into,into,1
13073,m04-131-02-04,nothingness,nothingness,1
13074,m04-131-02-05,.,.,1
13075,m04-131-03-00,On,In,0
13076,m04-131-03-01,the,the,1
13077,m04-131-03-02,back,back,1
13078,m04-131-03-03,seat,seat,1
13079,m04-131-03-04,Stan,tan,0
13080,m04-131-03-05,Hayball,Hayball,1
13081,m04-131-03-06,embraced,cembrauld,0
13082,m04-131-04-00,his,his,1
13083,m04-131-04-01,Eth,with,0
13084,m04-131-04-02,.,.,1
13085,m04-131-04-03,Morfydd,Motyold,0
13086,m04-131-04-04,thought,thought,1
13087,m04-131-04-05,of,of,1
13088,m04-131-04-06,Dai,his,0
13089,m04-131-04-07,.,.,1
13090,m04-131-04-08,The,The,1
13091,m04-131-05-00,Rev.,Press,0
13092,m04-131-05-01,Edwards,Edwards,1
13093,m04-131-05-02,",",",",1
13094,m04-131-05-03,standing,standing,1
13095,m04-131-05-04,at,at,1
13096,m04-131-05-05,the,the,1
13097,m04-131-05-06,front,front,1
13098,m04-131-05-07,",",",",1
13099,m04-131-06-00,looked,looked,1
13100,m04-131-06-01,at,at,1
13101,m04-131-06-02,his,his,1
13102,m04-131-06-03,forlorn,forlorn,1
13103,m04-131-06-04,flock,flock,1
13104,m04-131-06-05,.,.,1
13105,m04-131-06-06,"""","""",1
13106,m04-131-06-07,What,What,1
13107,m04-131-08-00,he,h,0
13108,m04-131-08-01,suggested,suggested,1
13109,m04-131-08-02,hopefully,hopefully,1
13110,m04-131-08-03,.,.,1
13111,m04-138-01-00,sank,ran,0
13112,m04-138-01-01,.,.,1
13113,m04-138-01-02,If,If,1
13114,m04-138-01-03,the,the,1
13115,m04-138-01-04,Welsh,Welsh,1
13116,m04-138-01-05,found,found,1
13117,m04-138-01-06,the,the,1
13118,m04-138-01-07,situation,situation,1
13119,m04-138-02-00,too,too,1
13120,m04-138-02-01,desperate,desperate,1
13121,m04-138-02-02,for,for,1
13122,m04-138-02-03,singing,ringing,0
13123,m04-138-02-04,",",",",1
13124,m04-138-02-05,then,then,1
13125,m04-138-02-06,the,the,1
13126,m04-138-03-00,situation,situation,1
13127,m04-138-03-01,",",",",1
13128,m04-138-03-02,he,he,1
13129,m04-138-03-03,realised,realized,0
13130,m04-138-03-04,",",",",1
13131,m04-138-03-05,must,but,0
13132,m04-138-03-06,be,be,1
13133,m04-138-03-07,desperate,desperate,1
13134,m04-138-04-00,indeed,indeed,1
13135,m04-138-04-01,.,.,1
13136,m04-138-04-02,But,But,1
13137,m04-138-04-03,suddenly,suddenly,1
13138,m04-138-04-04,they,they,1
13139,m04-138-04-05,were,were,1
13140,m04-138-04-06,roused,roused,1
13141,m04-138-05-00,from,from,1
13142,m04-138-05-01,their,their,1
13143,m04-138-05-02,lethargy,lethargy,1
13144,m04-138-05-03,.,.,1
13145,m04-138-05-04,Something,something,0
13146,m04-138-05-05,was,is,0
13147,m04-138-06-00,approaching,approaching,1
13148,m04-138-06-01,",",",",1
13149,m04-138-06-02,faster,faster,1
13150,m04-138-06-03,",",",",1
13151,m04-138-06-04,faster,faster,1
13152,m04-138-06-05,",",",",1
13153,m04-138-06-06,a,a,1
13154,m04-138-06-07,tearing,hearing,0
13155,m04-138-07-00,hurrying,hurrying,1
13156,m04-138-07-01,blur,beer,0
13157,m04-138-07-02,that,that,1
13158,m04-138-07-03,was,was,1
13159,m04-138-07-04,past,part,0
13160,m04-138-07-05,and,and,1
13161,m04-138-07-06,gone,good,0
13162,m04-138-08-00,in,in,1
13163,m04-138-08-01,a,a,1
13164,m04-138-08-02,moment,moment,1
13165,m04-138-08-03,",",",",1
13166,m04-138-08-04,followed,followed,1
13167,m04-138-08-05,by,by,1
13168,m04-138-08-06,a,a,1
13169,m04-138-08-07,great,great,1
13170,m04-138-09-00,rush,must,0
13171,m04-138-09-01,of,of,1
13172,m04-138-09-02,sound,round,0
13173,m04-138-09-03,.,.,1
13174,m04-138-09-04,They,They,1
13175,m04-138-09-05,waved,waved,1
13176,m04-138-09-06,frantically,frantically,1
13177,m04-138-09-07,.,.,1
13178,m04-231-00-00,"""","""",1
13179,m04-231-00-01,Do,Do,1
13180,m04-231-00-02,as,o,0
13181,m04-231-00-03,I,I,1
13182,m04-231-00-04,say,say,1
13183,m04-231-00-05,",",",",1
13184,m04-231-00-06,driver,drives,0
13185,m04-231-00-07,.,.,1
13186,m04-231-00-08,"""","""",1
13187,m04-231-00-09,Very,very,0
13188,m04-231-00-10,stern,item,0
13189,m04-231-00-11,",",",",1
13190,m04-231-00-12,the,the,1
13191,m04-231-00-13,reverend,revered,0
13192,m04-231-01-00,gentleman,gentleman,1
13193,m04-231-01-01,was,was,1
13194,m04-231-01-02,.,.,1
13195,m04-231-01-03,So,To,0
13196,m04-231-01-04,the,the,1
13197,m04-231-01-05,driver,driver,1
13198,m04-231-01-06,peep-peeped,pup-peeped,0
13199,m04-231-01-07,as,up,0
13200,m04-231-02-00,through,through,1
13201,m04-231-02-01,empty,empty,1
13202,m04-231-02-02,space,space,1
13203,m04-231-02-03,.,.,1
13204,m04-231-02-04,"""","""",1
13205,m04-231-02-05,Thank,Thank,1
13206,m04-231-02-06,you,you,1
13207,m04-231-02-07,",",",",1
13208,m04-231-02-08,"""","""",1
13209,m04-231-02-09,the,the,1
13210,m04-231-02-10,Rev.,Rev.,1
13211,m04-231-03-00,Edwards,Edward,0
13212,m04-231-03-01,said,said,1
13213,m04-231-03-02,courteously,courteously,1
13214,m04-231-03-03,.,.,1
13215,m04-231-03-04,"""","""",1
13216,m04-231-03-05,Secondly,Secondly,1
13217,m04-231-03-06,",",",",1
13218,m04-231-03-07,we,we,1
13219,m04-231-03-08,must,must,1
13220,m04-231-04-00,pool,pool,1
13221,m04-231-04-01,and,and,1
13222,m04-231-04-02,ration,ration,1
13223,m04-231-04-03,our,our,1
13224,m04-231-04-04,supplies,supplies,1
13225,m04-231-04-05,of,of,1
13226,m04-231-04-06,food,food,1
13227,m04-231-04-07,",",",",1
13228,m04-231-04-08,if,if,1
13229,m04-231-04-09,any,any,1
13230,m04-231-04-10,.,.,1
13231,m04-231-04-11,"""","""",1
13232,m04-231-06-00,a,a,1
13233,m04-231-06-01,great,great,1
13234,m04-231-06-02,basket,basket,1
13235,m04-231-06-03,.,.,1
13236,m04-238-00-00,"""",",",0
13237,m04-238-00-01,Now,Now,1
13238,m04-238-00-02,",",",",1
13239,m04-238-00-03,who,who,1
13240,m04-238-00-04,has,has,1
13241,m04-238-00-05,any,any,1
13242,m04-238-00-06,food,food,1
13243,m04-238-00-07,?,?,1
13244,m04-238-00-08,"""","""",1
13245,m04-238-00-09,he,he,1
13246,m04-238-00-10,asked,asked,1
13247,m04-238-00-11,hopefully,hopefully,1
13248,m04-238-00-12,.,.,1
13249,m04-238-02-00,"""","""",1
13250,m04-238-02-01,Mr.,Mr.,1
13251,m04-238-02-02,Price,face,0
13252,m04-238-02-03,",",",",1
13253,m04-238-02-04,I,I,1
13254,m04-238-02-05,think,think,1
13255,m04-238-02-06,you,you,1
13256,m04-238-02-07,may,may,1
13257,m04-238-02-08,be,be,1
13258,m04-238-02-09,able,able,1
13259,m04-238-02-10,to,to,1
13260,m04-238-02-11,help,help,1
13261,m04-238-02-12,us,us,1
13262,m04-238-02-13,here,here,1
13263,m04-238-02-14,",",",",1
13264,m04-238-02-15,"""","""",1
13265,m04-238-03-00,said,said,1
13266,m04-238-03-01,the,the,1
13267,m04-238-03-02,Rev.,Mr.,0
13268,m04-238-03-03,Edwards,Edwards,1
13269,m04-238-03-04,.,.,1
13270,m04-238-03-05,Price,Price,1
13271,m04-238-03-06,shook,shoot,0
13272,m04-238-03-07,his,his,1
13273,m04-238-03-08,head,head,1
13274,m04-238-03-09,.,.,1
13275,m04-238-04-00,"""","""",1
13276,m04-238-04-01,Intended,Intended,1
13277,m04-238-04-02,for,for,1
13278,m04-238-04-03,Plas,lap,0
13279,m04-238-04-04,Newydd,Neroyold,0
13280,m04-238-04-05,",",",",1
13281,m04-238-04-06,this,this,1
13282,m04-238-04-07,lot,lot,1
13283,m04-238-04-08,is,is,1
13284,m04-238-04-09,.,.,1
13285,m04-238-04-10,Paid,Paid,1
13286,m04-238-04-11,for,for,1
13287,m04-238-04-12,",",",",1
13288,m04-238-05-00,too,too,1
13289,m04-238-05-01,.,.,1
13290,m04-238-05-02,"""","""",1
13291,m04-238-05-03,He,he,0
13292,m04-238-05-04,folded,folded,1
13293,m04-238-05-05,his,his,1
13294,m04-238-05-06,arms,arms,1
13295,m04-238-05-07,protectively,protectively,1
13296,m04-238-05-08,over,over,1
13297,m04-238-05-09,the,tee,0
13298,m04-238-05-10,basket,market,0
13299,m04-238-05-11,.,.,1
13300,m04-246-00-00,Mutinous,Mutinons,0
13301,m04-246-00-01,dog,day,0
13302,m04-246-00-02,",",",",1
13303,m04-246-00-03,thought,thought,1
13304,m04-246-00-04,the,the,1
13305,m04-246-00-05,Rev.,Mr.,0
13306,m04-246-00-06,Edwards,Edwards,1
13307,m04-246-00-07,",",",",1
13308,m04-246-00-08,who,who,1
13309,m04-246-00-09,hadn't,hadn't,1
13310,m04-246-01-00,enjoyed,enjoyed,1
13311,m04-246-01-01,himself,himself,1
13312,m04-246-01-02,so,no,0
13313,m04-246-01-03,much,much,1
13314,m04-246-01-04,since,since,1
13315,m04-246-01-05,reading,reading,1
13316,m04-246-01-06,Treasure,Treasure,1
13317,m04-246-02-00,Island,Island,1
13318,m04-246-02-01,.,.,1
13319,m04-246-02-02,"""","""",1
13320,m04-246-02-03,What,What,1
13321,m04-246-02-04,have,have,1
13322,m04-246-02-05,you,you,1
13323,m04-246-02-06,got,got,1
13324,m04-246-02-07,in,in,1
13325,m04-246-02-08,that,that,1
13326,m04-246-02-09,basket,basket,1
13327,m04-246-02-10,",",",",1
13328,m04-246-02-11,Price,Price,1
13329,m04-246-02-12,?,!,0
13330,m04-246-02-13,"""",:,0
13331,m04-246-03-00,he,in,0
13332,m04-246-03-01,roared,roared,1
13333,m04-246-03-02,.,.,1
13334,m04-246-03-03,Quelled,shelled,0
13335,m04-246-03-04,",",",",1
13336,m04-246-03-05,Mr.,Mr.,1
13337,m04-246-03-06,Price,Price,1
13338,m04-246-03-07,pulled,pulled,1
13339,m04-246-03-08,out,out,1
13340,m04-246-03-09,a,a,1
13341,m04-246-03-10,grocery,grocery,1
13342,m04-246-04-00,list,list,1
13343,m04-246-04-01,",",",",1
13344,m04-246-04-02,pushed,pushed,1
13345,m04-246-04-03,his,his,1
13346,m04-246-04-04,glasses,glasses,1
13347,m04-246-04-05,up,up,1
13348,m04-246-04-06,on,on,1
13349,m04-246-04-07,his,his,1
13350,m04-246-04-08,nose,more,0
13351,m04-246-04-09,",",",",1
13352,m04-246-04-10,and,and,1
13353,m04-246-05-00,began,began,1
13354,m04-246-05-01,to,to,1
13355,m04-246-05-02,read,read,1
13356,m04-246-05-03,.,.,1
13357,m04-246-05-04,"""","""",1
13358,m04-246-05-05,Six,Six,1
13359,m04-246-05-06,loaves,losses,0
13360,m04-246-05-07,",",",",1
13361,m04-246-05-08,four,four,1
13362,m04-246-05-09,pounds,pounds,1
13363,m04-246-05-10,butter,but,0
13364,m04-246-05-11,",",",",1
13365,m04-246-06-00,two,two,1
13366,m04-246-06-01,pounds,pounds,1
13367,m04-246-06-02,marge,large,0
13368,m04-246-06-03,",",.,0
13369,m04-246-06-04,one,one,1
13370,m04-246-06-05,tin,hir,0
13371,m04-246-06-06,pineapple,pineapple,1
13372,m04-246-06-07,",",",",1
13373,m04-246-06-08,one,one,1
13374,m04-246-06-09,York,sort,0
13375,m04-246-06-10,ham,han,0
13376,m04-246-06-11,.,.,1
13377,m04-246-06-12,"""","""",1
13378,m06-031-00-00,',.,0
13379,m06-031-00-01,But,But,1
13380,m06-031-00-02,we,we,1
13381,m06-031-00-03,-,-,1
13382,m06-031-00-04,',',1
13383,m06-031-00-05,',.,0
13384,m06-031-00-06,Stop,top,0
13385,m06-031-00-07,your,your,1
13386,m06-031-00-08,stupid,stupid,1
13387,m06-031-00-09,talk,talk,1
13388,m06-031-00-10,",",",",1
13389,m06-031-00-11,woman,woman,1
13390,m06-031-00-12,!,!,1
13391,m06-031-00-13,',',1
13392,m06-031-00-14,',.,0
13393,m06-031-00-15,We,We,1
13394,m06-031-00-16,are,are,1
13395,m06-031-00-17,-,-,1
13396,m06-031-00-18,',",",0
13397,m06-031-01-00,',.,0
13398,m06-031-01-01,Be,Be,1
13399,m06-031-01-02,silent,silent,1
13400,m06-031-01-03,",",",",1
13401,m06-031-01-04,woman,woman,1
13402,m06-031-01-05,",",",",1
13403,m06-031-01-06,and,and,1
13404,m06-031-01-07,listen,listen,1
13405,m06-031-01-08,",",",",1
13406,m06-031-01-09,',.,0
13407,m06-031-01-10,Band,Band,1
13408,m06-031-01-11,Appa,App.,0
13409,m06-031-01-12,Bondi,Bondi,1
13410,m06-031-01-13,said,said,1
13411,m06-031-01-14,.,.,1
13412,m06-031-03-00,things,things,1
13413,m06-031-03-01,we,we,1
13414,m06-031-03-02,will,will,1
13415,m06-031-03-03,tell,tell,1
13416,m06-031-03-04,you,you,1
13417,m06-031-03-05,.,.,1
13418,m06-031-03-06,All,Al,0
13419,m06-031-03-07,who,who,1
13420,m06-031-03-08,make,make,1
13421,m06-031-03-09,the,the,1
13422,m06-031-03-10,journey,journey,1
13423,m06-031-03-11,from,from,1
13424,m06-031-04-00,the,the,1
13425,m06-031-04-01,Heavy,Heavy,1
13426,m06-031-04-02,World,world,0
13427,m06-031-04-03,become,become,1
13428,m06-031-04-04,changed,changed,1
13429,m06-031-04-05,.,.,1
13430,m06-031-04-06,Some,some,0
13431,m06-031-04-07,die,die,1
13432,m06-031-04-08,.,.,1
13433,m06-031-04-09,Most,Most,1
13434,m06-031-04-10,live,live,1
13435,m06-031-05-00,and,and,1
13436,m06-031-05-01,grow,grow,1
13437,m06-031-05-02,wings,wings,1
13438,m06-031-05-03,.,.,1
13439,m06-031-05-04,Between,Between,1
13440,m06-031-05-05,the,the,1
13441,m06-031-05-06,worlds,worlds,1
13442,m06-031-05-07,are,are,1
13443,m06-031-05-08,many,Many,0
13444,m06-031-05-09,strong,strong,1
13445,m06-042-00-00,When,when,0
13446,m06-042-00-01,you,you,1
13447,m06-042-00-02,come,come,1
13448,m06-042-00-03,here,here,1
13449,m06-042-00-04,",",.,0
13450,m06-042-00-05,when,when,1
13451,m06-042-00-06,you,you,1
13452,m06-042-00-07,come,come,1
13453,m06-042-00-08,to,to,1
13454,m06-042-00-09,the,the,1
13455,m06-042-00-10,True,True,1
13456,m06-042-02-00,tigerfly,figertly,0
13457,m06-042-02-01,is,is,1
13458,m06-042-02-02,not,not,1
13459,m06-042-02-03,a,a,1
13460,m06-042-02-04,tigerfly,tigerlly,0
13461,m06-042-02-05,until,until,1
13462,m06-042-02-06,it,it,1
13463,m06-042-02-07,changes,charges,0
13464,m06-042-02-08,.,.,1
13465,m06-042-02-09,So,So,1
13466,m06-042-02-10,humans,humans,1
13467,m06-042-03-00,change,change,1
13468,m06-042-03-01,.,.,1
13469,m06-042-03-02,',",",0
13470,m06-042-03-03,',",",0
13471,m06-042-03-04,I,",",0
13472,m06-042-03-05,cannot,cannot,1
13473,m06-042-03-06,know,know,1
13474,m06-042-03-07,what,what,1
13475,m06-042-03-08,he,he,1
13476,m06-042-03-09,says,says,1
13477,m06-042-03-10,",",",",1
13478,m06-042-03-11,',",",0
13479,m06-042-03-12,Haris,Maris,0
13480,m06-042-03-13,said,said,1
13481,m06-042-04-00,stubbornly,stubbornly,1
13482,m06-042-04-01,",",",",1
13483,m06-042-04-02,throwing,throwing,1
13484,m06-042-04-03,himself,himself,1
13485,m06-042-04-04,down,down,1
13486,m06-042-04-05,.,.,1
13487,m06-042-04-06,But,But,1
13488,m06-042-04-07,Lily-yo,Lily-yo,1
13489,m06-042-04-08,and,and,1
13490,m06-042-05-00,Flor,For,0
13491,m06-042-05-01,were,were,1
13492,m06-042-05-02,listening,listening,1
13493,m06-042-05-03,.,.,1
13494,m06-048-03-00,it,it,1
13495,m06-048-03-01,dies,dies,1
13496,m06-048-03-02,when,when,1
13497,m06-048-03-03,it,it,1
13498,m06-048-03-04,changes,changes,1
13499,m06-048-03-05,into,into,1
13500,m06-048-03-06,a,a,1
13501,m06-048-03-07,tigerfly,tigerfly,1
13502,m06-048-03-08,.,.,1
13503,m06-048-03-09,',',1
13504,m06-048-03-10,',',1
13505,m06-048-03-11,You,You,1
13506,m06-048-03-12,are,are,1
13507,m06-048-03-13,still,still,1
13508,m06-048-04-00,young,young,1
13509,m06-048-04-01,",",",",1
13510,m06-048-04-02,',.,0
13511,m06-048-04-03,said,said,1
13512,m06-048-04-04,the,the,1
13513,m06-048-04-05,Chief,chief,0
13514,m06-048-04-06,Captive,Captive,1
13515,m06-048-04-07,.,.,1
13516,m06-048-04-08,',.,0
13517,m06-048-04-09,You,You,1
13518,m06-048-04-10,begin,begin,1
13519,m06-048-04-11,newly,newly,1
13520,m06-048-04-12,here,here,1
13521,m06-048-04-13,.,.,1
13522,m06-048-06-00,each,each,1
13523,m06-048-06-01,other,other,1
13524,m06-048-06-02,.,.,1
13525,m06-048-06-03,In,In,1
13526,m06-048-06-04,their,their,1
13527,m06-048-06-05,flight,flight,1
13528,m06-048-06-06,from,from,1
13529,m06-048-06-07,the,the,1
13530,m06-048-06-08,4wiltmilt,awiltkilt,0
13531,m06-048-06-09,they,they,1
13532,m06-048-06-10,had,had,1
13533,m06-048-07-00,heedlessly,needlessly,0
13534,m06-048-07-01,thrown,thrown,1
13535,m06-048-07-02,down,down,1
13536,m06-048-07-03,their,their,1
13537,m06-048-07-04,souls,souls,1
13538,m06-048-07-05,.,.,1
13539,m06-056-00-00,Haris,Maris,0
13540,m06-056-00-01,had,had,1
13541,m06-056-00-02,trampled,trampled,1
13542,m06-056-00-03,on,on,1
13543,m06-056-00-04,his,his,1
13544,m06-056-00-05,.,.,1
13545,m06-056-00-06,It,It,1
13546,m06-056-00-07,was,was,1
13547,m06-056-00-08,unthinkable,unthinkable,1
13548,m06-056-00-09,!,!,1
13549,m06-056-01-00,',.,0
13550,m06-056-01-01,You,You,1
13551,m06-056-01-02,see,see,1
13552,m06-056-01-03,.,.,1
13553,m06-056-01-04,You,You,1
13554,m06-056-01-05,needed,needed,1
13555,m06-056-01-06,them,then,0
13556,m06-056-01-07,no,no,1
13557,m06-056-01-08,more,more,1
13558,m06-056-01-09,.,.,1
13559,m06-056-01-10,You,You,1
13560,m06-056-01-11,are,are,1
13561,m06-056-01-12,still,still,1
13562,m06-056-02-00,young,young,1
13563,m06-056-02-01,.,.,1
13564,m06-056-02-02,You,You,1
13565,m06-056-02-03,may,may,1
13566,m06-056-02-04,be,be,1
13567,m06-056-02-05,able,able,1
13568,m06-056-02-06,to,to,1
13569,m06-056-02-07,have,have,1
13570,m06-056-02-08,babies,babies,1
13571,m06-056-02-09,.,.,1
13572,m06-056-02-10,Some,Some,1
13573,m06-056-02-11,of,of,1
13574,m06-056-02-12,those,those,1
13575,m06-056-03-00,babies,tables,0
13576,m06-056-03-01,may,may,1
13577,m06-056-03-02,be,be,1
13578,m06-056-03-03,born,boon,0
13579,m06-056-03-04,with,with,1
13580,m06-056-03-05,wings,wings,1
13581,m06-056-03-06,.,.,1
13582,m06-056-03-07,',",",0
13583,m06-056-03-08,The,The,1
13584,m06-056-03-09,Captive,Captive,1
13585,m06-056-03-10,with,with,1
13586,m06-056-04-00,the,the,1
13587,m06-056-04-01,boneless,toneless,0
13588,m06-056-04-02,arms,arms,1
13589,m06-056-04-03,added,added,1
13590,m06-056-04-04,",",",",1
13591,m06-056-04-05,',.,0
13592,m06-056-04-06,Some,some,0
13593,m06-056-04-07,may,may,1
13594,m06-056-04-08,be,be,1
13595,m06-056-04-09,born,born,1
13596,m06-056-04-10,wrong,wrong,1
13597,m06-056-04-11,",",",",1
13598,m06-056-05-00,as,as,1
13599,m06-056-05-01,we,we,1
13600,m06-056-05-02,are,are,1
13601,m06-056-05-03,.,.,1
13602,m06-056-05-04,Some,Some,1
13603,m06-056-05-05,may,may,1
13604,m06-056-05-06,be,be,1
13605,m06-056-05-07,born,born,1
13606,m06-056-05-08,right,right,1
13607,m06-056-05-09,.,.,1
13608,m06-056-05-10,',',1
13609,m06-067-00-00,',.,0
13610,m06-067-00-01,You,You,1
13611,m06-067-00-02,are,are,1
13612,m06-067-00-03,too,too,1
13613,m06-067-00-04,foul,out,0
13614,m06-067-00-05,to,to,1
13615,m06-067-00-06,live,live,1
13616,m06-067-00-07,!,!,1
13617,m06-067-00-08,',.,0
13618,m06-067-00-09,Haris,Maris,0
13619,m06-067-00-10,growled,crowded,0
13620,m06-067-00-11,.,.,1
13621,m06-067-00-12,',',1
13622,m06-067-00-13,Why,Why,1
13623,m06-067-00-14,are,are,1
13624,m06-067-01-00,you,you,1
13625,m06-067-01-01,not,not,1
13626,m06-067-01-02,killed,killed,1
13627,m06-067-01-03,?,!,0
13628,m06-067-01-04,',.,0
13629,m06-067-01-05,',.,0
13630,m06-067-01-06,Because,Because,1
13631,m06-067-01-07,we,we,1
13632,m06-067-01-08,know,know,1
13633,m06-067-01-09,all,all,1
13634,m06-067-01-10,things,things,1
13635,m06-067-01-11,",",",",1
13636,m06-067-01-12,',",",0
13637,m06-067-01-13,the,the,1
13638,m06-067-02-00,Chief,chief,0
13639,m06-067-02-01,Captive,Captive,1
13640,m06-067-02-02,said,said,1
13641,m06-067-02-03,.,.,1
13642,m06-067-02-04,Suddenly,Suddenly,1
13643,m06-067-02-05,his,his,1
13644,m06-067-02-06,second,second,1
13645,m06-067-02-07,head,head,1
13646,m06-067-02-08,roused,roused,1
13647,m06-067-03-00,itself,itself,1
13648,m06-067-03-01,and,and,1
13649,m06-067-03-02,declared,declared,1
13650,m06-067-03-03,",",",",1
13651,m06-067-03-04,',.,0
13652,m06-067-03-05,To,To,1
13653,m06-067-03-06,be,be,1
13654,m06-067-03-07,a,a,1
13655,m06-067-03-08,good,good,1
13656,m06-067-03-09,shape,shape,1
13657,m06-067-03-10,is,is,1
13658,m06-067-03-11,not,not,1
13659,m06-067-03-12,all,all,1
13660,m06-067-04-00,in,in,1
13661,m06-067-04-01,life,life,1
13662,m06-067-04-02,.,.,1
13663,m06-067-04-03,To,to,0
13664,m06-067-04-04,know,know,1
13665,m06-067-04-05,is,is,1
13666,m06-067-04-06,also,also,1
13667,m06-067-04-07,good,good,1
13668,m06-067-04-08,.,.,1
13669,m06-067-04-09,Because,Because,1
13670,m06-067-04-10,we,we,1
13671,m06-067-04-11,cannot,cannot,1
13672,m06-067-04-12,move,more,0
13673,m06-067-05-00,well,well,1
13674,m06-067-05-01,we,we,1
13675,m06-067-05-02,can,can,1
13676,m06-067-05-03,-,-,1
13677,m06-067-05-04,think,think,1
13678,m06-067-05-05,.,.,1
13679,m06-067-05-06,This,this,0
13680,m06-067-05-07,tribe,tribe,1
13681,m06-067-05-08,of,of,1
13682,m06-067-05-09,the,the,1
13683,m06-067-05-10,True,True,1
13684,m06-067-05-11,World,world,0
13685,m06-076-00-00,So,So,1
13686,m06-076-00-01,it,it,1
13687,m06-076-00-02,lets,lets,1
13688,m06-076-00-03,us,us,1
13689,m06-076-00-04,rule,rule,1
13690,m06-076-00-05,it,it,1
13691,m06-076-00-06,.,.,1
13692,m06-076-00-07,',',1
13693,m06-076-00-08,Flor,Four,0
13694,m06-076-00-09,and,and,1
13695,m06-076-00-10,Lily-yo,hily-yo,0
13696,m06-076-01-00,muttered,suffered,0
13697,m06-076-01-01,together,together,1
13698,m06-076-01-02,.,.,1
13699,m06-076-01-03,',",",0
13700,m06-076-01-04,Do,Do,1
13701,m06-076-01-05,you,you,1
13702,m06-076-01-06,say,say,1
13703,m06-076-01-07,that,that,1
13704,m06-076-01-08,you,you,1
13705,m06-076-01-09,poor,poor,1
13706,m06-076-03-00,at,at,1
13707,m06-076-03-01,last,last,1
13708,m06-076-03-02,.,.,1
13709,m06-076-03-03,',.,0
13710,m06-076-03-04,We,We,1
13711,m06-076-03-05,do,do,1
13712,m06-076-03-06,.,.,1
13713,m06-076-03-07,',',1
13714,m06-076-03-08,',',1
13715,m06-076-03-09,Then,Then,1
13716,m06-076-03-10,why,why,1
13717,m06-076-03-11,are,are,1
13718,m06-076-03-12,you,you,1
13719,m06-076-03-13,captives,captives,1
13720,m06-076-03-14,?,?,1
13721,m06-076-03-15,',",",0
13722,m06-076-04-00,The,The,1
13723,m06-076-04-01,flyman,Elman,0
13724,m06-076-04-02,with,with,1
13725,m06-076-04-03,ear,ear,1
13726,m06-076-04-04,lobes,lobes,1
13727,m06-076-04-05,and,and,1
13728,m06-076-04-06,thumbs,thumbs,1
13729,m06-076-04-07,connected,connected,1
13730,m06-076-04-08,",",",",1
13731,m06-076-05-00,making,making,1
13732,m06-076-05-01,his,his,1
13733,m06-076-05-02,perpetual,perpetual,1
13734,m06-076-05-03,little,little,1
13735,m06-076-05-04,gesture,gesture,1
13736,m06-076-05-05,of,of,1
13737,m06-076-05-06,protest,protest,1
13738,m06-076-05-07,",",",",1
13739,m06-076-06-00,spoke,spoke,1
13740,m06-076-06-01,for,for,1
13741,m06-076-06-02,the,the,1
13742,m06-076-06-03,first,first,1
13743,m06-076-06-04,time,time,1
13744,m06-076-06-05,.,.,1
13745,m06-083-00-00,',.,0
13746,m06-083-00-01,To,to,0
13747,m06-083-00-02,rule,rule,1
13748,m06-083-00-03,is,'s,0
13749,m06-083-00-04,to,to,1
13750,m06-083-00-05,serve,serve,1
13751,m06-083-00-06,",",",",1
13752,m06-083-00-07,woman,woman,1
13753,m06-083-00-08,.,.,1
13754,m06-083-00-09,Those,those,0
13755,m06-083-00-10,who,who,1
13756,m06-083-00-11,bear,bear,1
13757,m06-083-00-12,power,power,1
13758,m06-083-01-00,are,are,1
13759,m06-083-01-01,slaves,slaves,1
13760,m06-083-01-02,to,to,1
13761,m06-083-01-03,it,it,1
13762,m06-083-01-04,.,.,1
13763,m06-083-01-05,Only,only,0
13764,m06-083-01-06,an,an,1
13765,m06-083-01-07,outcast,outcast,1
13766,m06-083-01-08,is,is,1
13767,m06-083-01-09,free,free,1
13768,m06-083-01-10,.,.,1
13769,m06-083-01-11,Because,Because,1
13770,m06-083-02-00,we,we,1
13771,m06-083-02-01,are,are,1
13772,m06-083-02-02,Captives,Captives,1
13773,m06-083-02-03,",",",",1
13774,m06-083-02-04,we,we,1
13775,m06-083-02-05,have,have,1
13776,m06-083-02-06,the,the,1
13777,m06-083-02-07,time,time,1
13778,m06-083-02-08,to,to,1
13779,m06-083-02-09,talk,talk,1
13780,m06-083-02-10,and,and,1
13781,m06-083-03-00,think,think,1
13782,m06-083-03-01,and,and,1
13783,m06-083-03-02,plan,plan,1
13784,m06-083-03-03,and,and,1
13785,m06-083-03-04,know,know,1
13786,m06-083-03-05,.,.,1
13787,m06-083-03-06,Those,Those,1
13788,m06-083-03-07,who,who,1
13789,m06-083-03-08,know,know,1
13790,m06-083-04-00,command,command,1
13791,m06-083-04-01,the,the,1
13792,m06-083-04-02,knives,tribes,0
13793,m06-083-04-03,of,of,1
13794,m06-083-04-04,others,others,1
13795,m06-083-04-05,.,.,1
13796,m06-083-04-06,',.,0
13797,m06-083-04-07,',",",0
13798,m06-083-04-08,No,No,1
13799,m06-083-04-09,hurt,hurt,1
13800,m06-083-04-10,will,will,1
13801,m06-083-05-00,come,come,1
13802,m06-083-05-01,to,to,1
13803,m06-083-05-02,you,you,1
13804,m06-083-05-03,",",",",1
13805,m06-083-05-04,Lily-yo,hily-yo,0
13806,m06-083-05-05,",",",",1
13807,m06-083-05-06,',",",0
13808,m06-083-05-07,Band,Band,1
13809,m06-083-05-08,Appa,App,0
13810,m06-083-05-09,Bondi,Bondi,1
13811,m06-083-05-10,added,added,1
13812,m06-083-05-11,.,.,1
13813,m06-083-06-00,',.,0
13814,m06-083-06-01,You,You,1
13815,m06-083-06-02,will,will,1
13816,m06-083-06-03,live,live,1
13817,m06-083-06-04,among,among,1
13818,m06-083-06-05,us,us,1
13819,m06-083-06-06,and,and,1
13820,m06-083-06-07,enjoy,enjoy,1
13821,m06-083-06-08,your,your,1
13822,m06-083-06-09,life,life,1
13823,m06-083-06-10,free,free,1
13824,m06-083-07-00,from,from,1
13825,m06-083-07-01,harm,harm,1
13826,m06-083-07-02,.,.,1
13827,m06-083-07-03,',",",0
13828,m06-091-00-00,',.,0
13829,m06-091-00-01,No,No,1
13830,m06-091-00-02,!,!,1
13831,m06-091-00-03,',.,0
13832,m06-091-00-04,the,the,1
13833,m06-091-00-05,Chief,chief,0
13834,m06-091-00-06,Captive,Captive,1
13835,m06-091-00-07,said,said,1
13836,m06-091-00-08,with,with,1
13837,m06-091-00-09,both,both,1
13838,m06-091-00-10,mouths,mouths,1
13839,m06-091-00-11,.,.,1
13840,m06-091-01-00,',.,0
13841,m06-091-01-01,Before,Before,1
13842,m06-091-01-02,she,she,1
13843,m06-091-01-03,can,can,1
13844,m06-091-01-04,enjoy,enjoy,1
13845,m06-091-01-05,",",",",1
13846,m06-091-01-06,Lily-yo,hily-go,0
13847,m06-091-01-07,and,and,1
13848,m06-091-01-08,her,her,1
13849,m06-091-01-09,companion,companion,1
13850,m06-091-02-00,Flor,flor,0
13851,m06-091-02-01,-,-,1
13852,m06-091-02-02,this,this,1
13853,m06-091-02-03,other,other,1
13854,m06-091-02-04,man,man,1
13855,m06-091-02-05,creature,creature,1
13856,m06-091-02-06,is,is,1
13857,m06-091-02-07,plainly,plainly,1
13858,m06-091-02-08,useless,useless,1
13859,m06-091-02-09,-,-,1
13860,m06-091-03-00,must,must,1
13861,m06-091-03-01,help,help,1
13862,m06-091-03-02,our,our,1
13863,m06-091-03-03,great,great,1
13864,m06-091-03-04,plan,plan,1
13865,m06-091-03-05,.,.,1
13866,m06-091-03-06,',",",0
13867,m06-091-03-07,',.,0
13868,m06-091-03-08,The,The,1
13869,m06-091-03-09,invasion,invasion,1
13870,m06-091-03-10,?,?,1
13871,m06-091-03-11,',.,0
13872,m06-091-03-12,Bondi,Bondi,1
13873,m06-091-06-00,and,and,1
13874,m06-091-06-01,its,its,1
13875,m06-091-06-02,savage,savage,1
13876,m06-091-06-03,life,life,1
13877,m06-091-06-04,are,are,1
13878,m06-091-06-05,still,still,1
13879,m06-091-06-06,fresh,fresh,1
13880,m06-091-06-07,in,in,1
13881,m06-091-06-08,you,you,1
13882,m06-091-06-09,.,.,1
13883,m06-098-00-00,We,We,1
13884,m06-098-00-01,need,need,1
13885,m06-098-00-02,such,such,1
13886,m06-098-00-03,memories,memories,1
13887,m06-098-00-04,.,.,1
13888,m06-098-00-05,So,So,1
13889,m06-098-00-06,we,we,1
13890,m06-098-00-07,ask,ask,1
13891,m06-098-00-08,you,you,1
13892,m06-098-00-09,to,to,1
13893,m06-098-00-10,go,go,1
13894,m06-098-01-00,back,back,1
13895,m06-098-01-01,there,there,1
13896,m06-098-01-02,on,on,1
13897,m06-098-01-03,a,a,1
13898,m06-098-01-04,great,great,1
13899,m06-098-01-05,plan,plan,1
13900,m06-098-01-06,we,we,1
13901,m06-098-01-07,have,have,1
13902,m06-098-01-08,.,.,1
13903,m06-098-01-09,',.,0
13904,m06-098-01-10,',.,0
13905,m06-098-01-11,Go,Go,1
13906,m06-098-01-12,back,back,1
13907,m06-098-01-13,?,?,1
13908,m06-098-01-14,',.,0
13909,m06-098-02-00,gasped,gasped,1
13910,m06-098-02-01,Flor,For,0
13911,m06-098-02-02,.,.,1
13912,m06-098-02-03,',.,0
13913,m06-098-02-04,Yes,Yes,1
13914,m06-098-02-05,.,.,1
13915,m06-098-02-06,We,We,1
13916,m06-098-02-07,plan,plan,1
13917,m06-098-02-08,to,to,1
13918,m06-098-02-09,attack,attack,1
13919,m06-098-02-10,the,the,1
13920,m06-098-02-11,Heavy,Heavy,1
13921,m06-098-03-00,World,world,0
13922,m06-098-03-01,.,.,1
13923,m06-098-03-02,You,tau,0
13924,m06-098-03-03,must,must,1
13925,m06-098-03-04,help,help,1
13926,m06-098-03-05,to,to,1
13927,m06-098-03-06,lead,lead,1
13928,m06-098-03-07,our,our,1
13929,m06-098-03-08,force,force,1
13930,m06-098-03-09,.,.,1
13931,m06-098-03-10,',.,0
13932,m06-098-03-11,The,The,1
13933,m06-098-03-12,long,long,1
13934,m06-098-04-00,afternoon,afternoon,1
13935,m06-098-04-01,of,of,1
13936,m06-098-04-02,eternity,eternity,1
13937,m06-098-04-03,wore,wore,1
13938,m06-098-04-04,on,on,1
13939,m06-098-04-05,",",",",1
13940,m06-098-04-06,that,that,1
13941,m06-098-04-07,long,long,1
13942,m06-098-04-08,golden,golden,1
13943,m06-098-04-09,road,road,1
13944,m06-098-05-00,of,of,1
13945,m06-098-05-01,an,an,1
13946,m06-098-05-02,afternoon,afternoon,1
13947,m06-098-05-03,that,that,1
13948,m06-098-05-04,would,would,1
13949,m06-098-05-05,somewhere,somewhere,1
13950,m06-098-05-06,lead,lead,1
13951,m06-098-05-07,to,to,1
13952,m06-098-06-00,everlasting,everlasting,1
13953,m06-098-06-01,night,night,1
13954,m06-098-06-02,.,.,1
13955,m06-106-00-00,Motion,section,0
13956,m06-106-00-01,there,there,1
13957,m06-106-00-02,was,was,1
13958,m06-106-00-03,",",",",1
13959,m06-106-00-04,but,but,1
13960,m06-106-00-05,motion,notion,0
13961,m06-106-00-06,without,without,1
13962,m06-106-00-07,event,event,1
13963,m06-106-00-08,-,.,0
13964,m06-106-00-09,except,except,1
13965,m06-106-01-00,for,for,1
13966,m06-106-01-01,those,those,1
13967,m06-106-01-02,negligible,negligible,1
13968,m06-106-01-03,events,event,0
13969,m06-106-01-04,that,that,1
13970,m06-106-01-05,seemed,seemed,1
13971,m06-106-01-06,so,so,1
13972,m06-106-01-07,large,large,1
13973,m06-106-01-08,to,to,1
13974,m06-106-02-00,the,the,1
13975,m06-106-02-01,creatures,creatures,1
13976,m06-106-02-02,participating,participating,1
13977,m06-106-02-03,in,in,1
13978,m06-106-02-04,them,them,1
13979,m06-106-02-05,.,.,1
13980,m06-106-02-06,For,For,1
13981,m06-106-02-07,Lily-yo,hily-yo,0
13982,m06-106-02-08,",",",",1
13983,m06-106-02-09,Flor,Flor,1
13984,m06-106-03-00,and,and,1
13985,m06-106-03-01,Haris,Maris,0
13986,m06-106-03-02,there,there,1
13987,m06-106-03-03,were,were,1
13988,m06-106-03-04,many,many,1
13989,m06-106-03-05,events,events,1
13990,m06-106-03-06,.,.,1
13991,m06-106-03-07,Chief,chief,0
13992,m06-106-03-08,of,of,1
13993,m06-106-03-09,these,these,1
13994,m06-106-03-10,was,was,1
13995,m06-106-04-00,that,that,1
13996,m06-106-04-01,they,they,1
13997,m06-106-04-02,learned,learned,1
13998,m06-106-04-03,to,to,1
13999,m06-106-04-04,fly,Sir,0
14000,m06-106-04-05,properly,properly,1
14001,m06-106-04-06,.,.,1
14002,m06-106-04-07,The,The,1
14003,m06-106-04-08,pains,pains,1
14004,m06-106-04-09,associated,associated,1
14005,m06-106-05-00,with,with,1
14006,m06-106-05-01,their,their,1
14007,m06-106-05-02,wings,wings,1
14008,m06-106-05-03,soon,soon,1
14009,m06-106-05-04,died,died,1
14010,m06-106-05-05,away,away,1
14011,m06-106-05-06,as,as,1
14012,m06-106-05-07,the,the,1
14013,m06-106-05-08,wonderful,wonderful,1
14014,m06-106-06-00,new,new,1
14015,m06-106-06-01,flesh,flesh,1
14016,m06-106-06-02,and,and,1
14017,m06-106-06-03,tendon,tendons,0
14018,m06-106-06-04,strengthened,strengthened,1
14019,m06-106-06-05,.,.,1
14020,m06-106-06-06,To,to,0
14021,m06-106-06-07,sail,sail,1
14022,m06-106-06-08,up,up,1
14023,m06-106-06-09,in,in,1
14024,m06-106-06-10,the,the,1
14025,m06-106-07-00,light,light,1
14026,m06-106-07-01,gravity,gravity,1
14027,m06-106-07-02,became,became,1
14028,m06-106-07-03,an,an,1
14029,m06-106-07-04,increasing,increasing,1
14030,m06-106-07-05,delight,delight,1
14031,m06-106-07-06,-,-,1
14032,m06-106-07-07,the,the,1
14033,m06-106-07-08,ugly,ugly,1
14034,m06-106-08-00,flopping,popping,0
14035,m06-106-08-01,movements,movement,0
14036,m06-106-08-02,of,of,1
14037,m06-106-08-03,flymen,flame,0
14038,m06-106-08-04,on,on,1
14039,m06-106-08-05,the,the,1
14040,m06-106-08-06,Heavy,Heavy,1
14041,m06-106-08-07,World,world,0
14042,m06-106-09-00,had,had,1
14043,m06-106-09-01,no,no,1
14044,m06-106-09-02,place,place,1
14045,m06-106-09-03,here,here,1
14046,m06-106-09-04,.,.,1
14047,n01-000-00-00,Alastair,stair,0
14048,n01-000-00-01,was,was,1
14049,n01-000-00-02,a,a,1
14050,n01-000-00-03,bachelor,Bachelor,0
14051,n01-000-00-04,.,.,1
14052,n01-000-00-05,All,M.,0
14053,n01-000-00-06,his,his,1
14054,n01-000-00-07,life,life,1
14055,n01-000-00-08,he,he,1
14056,n01-000-00-09,had,had,1
14057,n01-000-01-00,been,been,1
14058,n01-000-01-01,inclined,inclined,1
14059,n01-000-01-02,to,to,1
14060,n01-000-01-03,regard,regard,1
14061,n01-000-01-04,women,women,1
14062,n01-000-01-05,as,as,1
14063,n01-000-01-06,something,something,1
14064,n01-000-02-00,which,which,1
14065,n01-000-02-01,must,must,1
14066,n01-000-02-02,necessarily,necessarily,1
14067,n01-000-02-03,be,be,1
14068,n01-000-02-04,subordinated,subordinated,1
14069,n01-000-02-05,to,to,1
14070,n01-000-02-06,his,his,1
14071,n01-000-03-00,career,career,1
14072,n01-000-03-01,.,.,1
14073,n01-000-03-02,Now,Now,1
14074,n01-000-03-03,he,he,1
14075,n01-000-03-04,realised,realised,1
14076,n01-000-03-05,that,that,1
14077,n01-000-03-06,he,he,1
14078,n01-000-03-07,was,was,1
14079,n01-000-03-08,entrusting,entrusting,1
14080,n01-000-03-09,not,not,1
14081,n01-000-03-10,only,any,0
14082,n01-000-04-00,his,his,1
14083,n01-000-04-01,own,own,1
14084,n01-000-04-02,life,wife,0
14085,n01-000-04-03,",",",",1
14086,n01-000-04-04,but,but,1
14087,n01-000-04-05,Geoffrey's,beoffey's,0
14088,n01-000-04-06,as,as,1
14089,n01-000-04-07,well,well,1
14090,n01-000-04-08,",",",",1
14091,n01-000-04-09,to,to,1
14092,n01-000-04-10,a,a,1
14093,n01-000-04-11,strange,strange,1
14094,n01-000-04-12,girl,gun,0
14095,n01-000-05-00,whom,whom,1
14096,n01-000-05-01,he,he,1
14097,n01-000-05-02,had,had,1
14098,n01-000-05-03,never,never,1
14099,n01-000-05-04,met,met,1
14100,n01-000-05-05,and,and,1
14101,n01-000-05-06,on,on,1
14102,n01-000-05-07,whom,whom,1
14103,n01-000-05-08,after,after,1
14104,n01-000-05-09,no,no,1
14105,n01-000-05-10,more,more,1
14106,n01-000-06-00,than,than,1
14107,n01-000-06-01,a,a,1
14108,n01-000-06-02,couple,couple,1
14109,n01-000-06-03,of,of,1
14110,n01-000-06-04,telephone,telephone,1
14111,n01-000-06-05,calls,calls,1
14112,n01-000-06-06,he,he,1
14113,n01-000-06-07,was,was,1
14114,n01-004-00-00,It,It,1
14115,n01-004-00-01,was,was,1
14116,n01-004-00-02,a,a,1
14117,n01-004-00-03,novel,novel,1
14118,n01-004-00-04,experience,experience,1
14119,n01-004-00-05,.,.,1
14120,n01-004-00-06,Alastair,Hlartair,0
14121,n01-004-00-07,was,was,1
14122,n01-004-01-00,quite,quite,1
14123,n01-004-01-01,unable,unable,1
14124,n01-004-01-02,to,to,1
14125,n01-004-01-03,explain,explain,1
14126,n01-004-01-04,why,why,1
14127,n01-004-01-05,he,he,1
14128,n01-004-01-06,should,should,1
14129,n01-004-01-07,feel,feel,1
14130,n01-004-02-00,so,to,0
14131,n01-004-02-01,much,much,1
14132,n01-004-02-02,confidence,confidence,1
14133,n01-004-02-03,in,in,1
14134,n01-004-02-04,her,her,1
14135,n01-004-02-05,.,.,1
14136,n01-004-02-06,Once,Once,1
14137,n01-004-02-07,again,again,1
14138,n01-004-03-00,she,she,1
14139,n01-004-03-01,checked,checked,1
14140,n01-004-03-02,back,back,1
14141,n01-004-03-03,her,her,1
14142,n01-004-03-04,instructions,instructions,1
14143,n01-004-03-05,.,.,1
14144,n01-004-03-06,It,It,1
14145,n01-004-03-07,was,was,1
14146,n01-004-04-00,obvious,obvious,1
14147,n01-004-04-01,that,that,1
14148,n01-004-04-02,she,she,1
14149,n01-004-04-03,did,lid,0
14150,n01-004-04-04,not,not,1
14151,n01-004-04-05,fail,feel,0
14152,n01-004-04-06,to,to,1
14153,n01-004-04-07,appreciate,appreciate,1
14154,n01-004-04-08,the,the,1
14155,n01-004-05-00,faith,faith,1
14156,n01-004-05-01,which,with,0
14157,n01-004-05-02,he,he,1
14158,n01-004-05-03,was,was,1
14159,n01-004-05-04,placing,plainly,0
14160,n01-004-05-05,in,in,1
14161,n01-004-05-06,her,her,1
14162,n01-004-05-07,and,and,1
14163,n01-004-06-00,was,was,1
14164,n01-004-06-01,prepared,prepared,1
14165,n01-004-06-02,to,to,1
14166,n01-004-06-03,accept,accept,1
14167,n01-004-06-04,the,the,1
14168,n01-004-06-05,responsibility,restorability,0
14169,n01-004-06-06,.,.,1
14170,n01-009-02-00,evening,evening,1
14171,n01-009-02-01,-,-,1
14172,n01-009-02-02,and,and,1
14173,n01-009-02-03,I,I,1
14174,n01-009-02-04,shall,shall,1
14175,n01-009-02-05,look,lock,0
14176,n01-009-02-06,forward,forward,1
14177,n01-009-02-07,to,to,1
14178,n01-009-02-08,meeting,using,0
14179,n01-009-02-09,you,you,1
14180,n01-009-03-00,both,both,1
14181,n01-009-03-01,at,at,1
14182,n01-009-03-02,midnight,midnight,1
14183,n01-009-03-03,.,.,1
14184,n01-009-03-04,"""","""",1
14185,n01-009-03-05,They,They,1
14186,n01-009-03-06,might,might,1
14187,n01-009-03-07,have,have,1
14188,n01-009-03-08,been,been,1
14189,n01-009-04-00,arranging,arranging,1
14190,n01-009-04-01,a,a,1
14191,n01-009-04-02,supper,supper,1
14192,n01-009-04-03,party,party,1
14193,n01-009-04-04,.,.,1
14194,n01-009-04-05,Then,Then,1
14195,n01-009-04-06,she,she,1
14196,n01-009-04-07,rang,long,0
14197,n01-009-04-08,off,of,0
14198,n01-009-04-09,.,.,1
14199,n01-009-05-00,Alastair,Master,0
14200,n01-009-05-01,admitted,admitted,1
14201,n01-009-05-02,that,that,1
14202,n01-009-05-03,never,ever,0
14203,n01-009-05-04,in,in,1
14204,n01-009-05-05,a,a,1
14205,n01-009-05-06,not,not,1
14206,n01-009-05-07,altogether,altogether,1
14207,n01-009-06-00,uneventful,aneveutful,0
14208,n01-009-06-01,life,life,1
14209,n01-009-06-02,had,had,1
14210,n01-009-06-03,he,he,1
14211,n01-009-06-04,come,come,1
14212,n01-009-06-05,across,across,1
14213,n01-009-06-06,a,a,1
14214,n01-009-06-07,girl,girl,1
14215,n01-009-06-08,who,one,0
14216,n01-009-07-00,sounded,sounded,1
14217,n01-009-07-01,so,so,1
14218,n01-009-07-02,charming,morning,0
14219,n01-009-07-03,and,and,1
14220,n01-009-07-04,appeared,appeared,1
14221,n01-009-07-05,to,to,1
14222,n01-009-07-06,be,be,1
14223,n01-009-07-07,so,so,1
14224,n01-009-08-00,efficient,efficient,1
14225,n01-009-08-01,.,.,1
14226,n01-020-00-00,For,For,1
14227,n01-020-00-01,some,some,1
14228,n01-020-00-02,reason,reason,1
14229,n01-020-00-03,the,the,1
14230,n01-020-00-04,orderlies,underlies,0
14231,n01-020-00-05,had,had,1
14232,n01-020-00-06,forgotten,forgotten,1
14233,n01-020-01-00,to,Io,0
14234,n01-020-01-01,switch,witch,0
14235,n01-020-01-02,on,on,1
14236,n01-020-01-03,the,the,1
14237,n01-020-01-04,lights,higher,0
14238,n01-020-01-05,;,;,1
14239,n01-020-01-06,there,there,1
14240,n01-020-01-07,was,tea,0
14241,n01-020-01-08,no,no,1
14242,n01-020-01-09,colour,colour,1
14243,n01-020-01-10,-,-,1
14244,n01-020-02-00,physical,physical,1
14245,n01-020-02-01,features,features,1
14246,n01-020-02-02,were,there,0
14247,n01-020-02-03,distinguishable,distinguishable,1
14248,n01-020-02-04,solely,safely,0
14249,n01-020-02-05,by,by,1
14250,n01-020-03-00,gradations,gradations,1
14251,n01-020-03-01,of,of,1
14252,n01-020-03-02,silvery,silvery,1
14253,n01-020-03-03,greyness,greatness,0
14254,n01-020-03-04,.,.,1
14255,n01-020-03-05,Even,even,0
14256,n01-020-03-06,the,the,1
14257,n01-020-03-07,snow-,com-,0
14258,n01-020-04-00,capped,capped,1
14259,n01-020-04-01,summit,summit,1
14260,n01-020-04-02,of,of,1
14261,n01-020-04-03,Mont,hot,0
14262,n01-020-04-04,Blanc,Pane,0
14263,n01-020-04-05,",",",",1
14264,n01-020-04-06,seven,seven,1
14265,n01-020-04-07,miles,miles,1
14266,n01-020-05-00,below,bear,0
14267,n01-020-05-01,",",",",1
14268,n01-020-05-02,was,Mr.,0
14269,n01-020-05-03,not,not,1
14270,n01-020-05-04,recognisable,secignisable,0
14271,n01-020-05-05,among,among,1
14272,n01-020-05-06,the,the,1
14273,n01-020-05-07,host,lost,0
14274,n01-020-06-00,of,of,1
14275,n01-020-06-01,lower,lower,1
14276,n01-020-06-02,peaks,peak,0
14277,n01-020-06-03,.,.,1
14278,n01-020-06-04,The,The,1
14279,n01-020-06-05,screen,screen,1
14280,n01-020-06-06,of,of,1
14281,n01-020-06-07,the,the,1
14282,n01-020-06-08,air-to-air,ain-tter-ain,0
14283,n01-020-07-00,radar,radar,1
14284,n01-020-07-01,glowed,glowed,1
14285,n01-020-07-02,.,.,1
14286,n01-020-07-03,Occasionally,fecrsionally,0
14287,n01-020-07-04,minute,minute,1
14288,n01-020-07-05,spots,spots,1
14289,n01-020-08-00,flickered,flickered,1
14290,n01-020-08-01,across,across,1
14291,n01-020-08-02,its,its,1
14292,n01-020-08-03,surface,surface,1
14293,n01-020-08-04,",",",",1
14294,n01-020-08-05,but,but,1
14295,n01-020-08-06,there,there,1
14296,n01-020-08-07,was,wher,0
14297,n01-031-00-00,In,In,1
14298,n01-031-00-01,the,the,1
14299,n01-031-00-02,exceptional,exceptional,1
14300,n01-031-00-03,clarity,charity,0
14301,n01-031-00-04,he,he,1
14302,n01-031-00-05,was,was,1
14303,n01-031-00-06,even,even,1
14304,n01-031-00-07,able,able,1
14305,n01-031-00-08,to,to,1
14306,n01-031-01-00,make,make,1
14307,n01-031-01-01,a,a,1
14308,n01-031-01-02,direct,direct,1
14309,n01-031-01-03,comparison,comparison,1
14310,n01-031-01-04,between,between,1
14311,n01-031-01-05,the,the,1
14312,n01-031-01-06,radar,radar,1
14313,n01-031-02-00,image,image,1
14314,n01-031-02-01,and,and,1
14315,n01-031-02-02,the,the,1
14316,n01-031-02-03,ground,grand,0
14317,n01-031-02-04,itself,itself,1
14318,n01-031-02-05,.,.,1
14319,n01-031-02-06,Ahead,head,0
14320,n01-031-02-07,lay,Lay,0
14321,n01-031-02-08,the,the,1
14322,n01-031-03-00,Plain,train,0
14323,n01-031-03-01,of,of,1
14324,n01-031-03-02,Lombardy,Cembardy,0
14325,n01-031-03-03,;,;,1
14326,n01-031-03-04,to,to,1
14327,n01-031-03-05,the,the,1
14328,n01-031-03-06,right,right,1
14329,n01-031-03-07,",",",",1
14330,n01-031-03-08,Turin,Turin,1
14331,n01-031-03-09,;,;,1
14332,n01-031-03-10,to,to,1
14333,n01-031-03-11,the,the,1
14334,n01-031-04-00,left,left,1
14335,n01-031-04-01,",",",",1
14336,n01-031-04-02,Milan,Mira,0
14337,n01-031-04-03,.,.,1
14338,n01-031-04-04,The,The,1
14339,n01-031-04-05,directional,directional,1
14340,n01-031-04-06,angle,angle,1
14341,n01-031-04-07,of,of,1
14342,n01-031-04-08,the,the,1
14343,n01-031-05-00,scanner,scanned,0
14344,n01-031-05-01,could,could,1
14345,n01-031-05-02,be,be,1
14346,n01-031-05-03,adjusted,adjusted,1
14347,n01-031-05-04,to,to,1
14348,n01-031-05-05,cover,cover,1
14349,n01-031-05-06,any,any,1
14350,n01-031-06-00,particular,particular,1
14351,n01-031-06-01,area,area,1
14352,n01-031-06-02,within,within,1
14353,n01-031-06-03,its,its,1
14354,n01-031-06-04,range,range,1
14355,n01-031-06-05,.,",",0
14356,n01-031-06-06,Geoffrey,heoffrey,0
14357,n01-031-08-00,ground,ground,1
14358,n01-031-08-01,immediately,immediately,1
14359,n01-031-08-02,ahead,ahead,1
14360,n01-031-08-03,.,-,0
14361,n01-036-00-00,He,He,1
14362,n01-036-00-01,was,war,0
14363,n01-036-00-02,able,able,1
14364,n01-036-00-03,to,to,1
14365,n01-036-00-04,pick,pick,1
14366,n01-036-00-05,out,out,1
14367,n01-036-00-06,towns,towns,1
14368,n01-036-00-07,",",",",1
14369,n01-036-00-08,unrecognisable,unrecognizable,0
14370,n01-036-00-09,to,to,1
14371,n01-036-00-10,the,the,1
14372,n01-036-01-00,naked,naked,1
14373,n01-036-01-01,eye,eye,1
14374,n01-036-01-02,",",",",1
14375,n01-036-01-03,obscured,disturbed,0
14376,n01-036-01-04,by,by,1
14377,n01-036-01-05,the,the,1
14378,n01-036-01-06,ground,grand,0
14379,n01-036-01-07,haze,has,0
14380,n01-036-01-08,which,which,1
14381,n01-036-01-09,even,even,1
14382,n01-036-02-00,on,on,1
14383,n01-036-02-01,the,the,1
14384,n01-036-02-02,clearest,nearest,0
14385,n01-036-02-03,night,night,1
14386,n01-036-02-04,limited,limited,1
14387,n01-036-02-05,angular,angular,1
14388,n01-036-02-06,vision,vision,1
14389,n01-036-02-07,.,.,1
14390,n01-036-02-08,He,He,1
14391,n01-036-02-09,glanced,glanced,1
14392,n01-036-03-00,at,at,1
14393,n01-036-03-01,the,the,1
14394,n01-036-03-02,speed,speed,1
14395,n01-036-03-03,recorder,recorder,1
14396,n01-036-03-04,.,.,1
14397,n01-036-03-05,It,It,1
14398,n01-036-03-06,seemed,seemed,1
14399,n01-036-03-07,almost,almost,1
14400,n01-036-03-08,incredible,incredible,1
14401,n01-036-03-09,that,that,1
14402,n01-036-04-00,the,the,1
14403,n01-036-04-01,tiny,fine,0
14404,n01-036-04-02,white,white,1
14405,n01-036-04-03,figure,figure,1
14406,n01-036-04-04,of,of,1
14407,n01-036-04-05,8.5,Sir,0
14408,n01-036-04-06,against,against,1
14409,n01-036-04-07,which,which,1
14410,n01-036-04-08,the,the,1
14411,n01-036-04-09,needle,need,0
14412,n01-036-05-00,was,was,1
14413,n01-036-05-01,resting,resting,1
14414,n01-036-05-02,could,could,1
14415,n01-036-05-03,really,really,1
14416,n01-036-05-04,mean,mean,1
14417,n01-036-05-05,hundreds,hundred,0
14418,n01-036-05-06,of,of,1
14419,n01-036-05-07,knots,knots,1
14420,n01-036-05-08,.,.,1
14421,n01-045-00-00,Now,too,0
14422,n01-045-00-01,",",",",1
14423,n01-045-00-02,as,as,1
14424,n01-045-00-03,Alastair,bastion,0
14425,n01-045-00-04,reduced,reduced,1
14426,n01-045-00-05,the,the,1
14427,n01-045-00-06,thrust,threat,0
14428,n01-045-00-07,",",",",1
14429,n01-045-00-08,the,the,1
14430,n01-045-01-00,pitch,pitch,1
14431,n01-045-01-01,changed,changed,1
14432,n01-045-01-02,as,as,1
14433,n01-045-01-03,the,the,1
14434,n01-045-01-04,nose,nose,1
14435,n01-045-01-05,of,of,1
14436,n01-045-01-06,the,the,1
14437,n01-045-01-07,aircraft,aircraft,1
14438,n01-045-02-00,dipped,slipped,0
14439,n01-045-02-01,slightly,slightly,1
14440,n01-045-02-02,.,.,1
14441,n01-045-02-03,The,The,1
14442,n01-045-02-04,needle,needle,1
14443,n01-045-02-05,of,of,1
14444,n01-045-02-06,the,the,1
14445,n01-045-02-07,speed,speed,1
14446,n01-045-04-00,before,before,1
14447,n01-045-04-01,coming,coming,1
14448,n01-045-04-02,to,to,1
14449,n01-045-04-03,rest,rest,1
14450,n01-045-04-04,at,at,1
14451,n01-045-04-05,5.0,6,0
14452,n01-045-04-06,.,",",0
14453,n01-045-04-07,"""","""",1
14454,n01-045-04-08,We,the,0
14455,n01-045-04-09,'re,'re,1
14456,n01-045-04-10,a,a,1
14457,n01-045-04-11,bit,hit,0
14458,n01-045-07-00,smiled,smiled,1
14459,n01-045-07-01,.,.,1
14460,n01-045-07-02,Alastair,Boston,0
14461,n01-045-07-03,talked,talked,1
14462,n01-045-07-04,of,of,1
14463,n01-045-07-05,running,running,1
14464,n01-045-07-06,in,in,1
14465,n01-045-07-07,when,wrong,0
14466,n01-045-08-00,they,they,1
14467,n01-045-08-01,were,where,0
14468,n01-045-08-02,still,still,1
14469,n01-045-08-03,more,more,1
14470,n01-045-08-04,than,than,1
14471,n01-045-08-05,four,four,1
14472,n01-045-08-06,hundred,hundred,1
14473,n01-045-09-00,miles,miles,1
14474,n01-045-09-01,from,from,1
14475,n01-045-09-02,their,their,1
14476,n01-045-09-03,destination,destination,1
14477,n01-045-09-04,.,.,1
14478,n01-052-00-00,They,They,1
14479,n01-052-00-01,were,were,1
14480,n01-052-00-02,nearing,reading,0
14481,n01-052-00-03,Modena,Model,0
14482,n01-052-00-04,.,.,1
14483,n01-052-00-05,Geoffrey,Geoflrey,0
14484,n01-052-00-06,focused,focused,1
14485,n01-052-00-07,the,the,1
14486,n01-052-00-08,radar,radar,1
14487,n01-052-00-09,scanner,scanned,0
14488,n01-052-08-00,by,by,1
14489,n01-052-08-01,special,special,1
14490,n01-052-08-02,helicopter,helicopter,1
14491,n01-052-08-03,from,from,1
14492,n01-052-08-04,the,the,1
14493,n01-052-08-05,Horse,Horse,1
14494,n01-052-08-06,Guards,guards,0
14495,n01-057-00-00,Geoffrey,Geoftey,0
14496,n01-057-00-01,set,set,1
14497,n01-057-00-02,himself,himself,1
14498,n01-057-00-03,to,to,1
14499,n01-057-00-04,consider,consider,1
14500,n01-057-00-05,the,the,1
14501,n01-057-01-00,movements,movement,0
14502,n01-057-01-01,of,of,1
14503,n01-057-01-02,the,the,1
14504,n01-057-01-03,Bentley,Grindlay,0
14505,n01-057-01-04,.,.,1
14506,n01-057-01-05,It,It,1
14507,n01-057-01-06,had,had,1
14508,n01-057-01-07,passed,passed,1
14509,n01-057-02-00,him,him,1
14510,n01-057-02-01,at,at,1
14511,n01-057-02-02,the,the,1
14512,n01-057-02-03,temporary,temporary,1
14513,n01-057-02-04,bridge,judge,0
14514,n01-057-02-05,over,over,1
14515,n01-057-02-06,the,the,1
14516,n01-057-03-00,Tartaro,Portago,0
14517,n01-057-03-01,at,at,1
14518,n01-057-03-02,a,a,1
14519,n01-057-03-03,few,fer,0
14520,n01-057-03-04,minutes,minister,0
14521,n01-057-03-05,past,past,1
14522,n01-057-03-06,ten,ten,1
14523,n01-057-03-07,on,on,1
14524,n01-057-03-08,the,the,1
14525,n01-057-04-00,previous,previous,1
14526,n01-057-04-01,night,night,1
14527,n01-057-04-02,.,.,1
14528,n01-057-04-03,He,He,1
14529,n01-057-04-04,worked,worked,1
14530,n01-057-04-05,out,out,1
14531,n01-057-04-06,the,the,1
14532,n01-057-04-07,distance,distance,1
14533,n01-057-05-00,on,on,1
14534,n01-057-05-01,the,the,1
14535,n01-057-05-02,presumption,presumphods,0
14536,n01-057-05-03,that,that,1
14537,n01-057-05-04,its,r,0
14538,n01-057-05-05,route,mite,0
14539,n01-057-05-06,had,had,1
14540,n01-057-05-07,been,been,1
14541,n01-057-06-00,through,through,1
14542,n01-057-06-01,Florence,Prime,0
14543,n01-057-06-02,and,and,1
14544,n01-057-06-03,Rome,Home,0
14545,n01-057-06-04,and,and,1
14546,n01-057-06-05,then,then,1
14547,n01-057-07-00,across,across,1
14548,n01-057-07-01,Italy,Ity,0
14549,n01-057-07-02,via,via,1
14550,n01-057-07-03,Foggia,Ripa,0
14551,n01-057-07-04,to,to,1
14552,n01-057-07-05,Barletta,Garletlan,0
14553,n01-057-07-06,.,.,1
14554,n01-057-08-00,It,It,1
14555,n01-057-08-01,came,came,1
14556,n01-057-08-02,to,to,1
14557,n01-057-08-03,just,list,0
14558,n01-057-08-04,over,over,1
14559,n01-057-08-05,six,I,0
14560,n01-057-08-06,hundred,hundred,1
14561,n01-057-09-00,miles,miles,1
14562,n01-057-09-01,.,.,1
14563,n02-004-00-00,To,to,0
14564,n02-004-00-01,Beryl,Berry,0
14565,n02-004-00-02,",",",",1
14566,n02-004-00-03,at,at,1
14567,n02-004-00-04,least,least,1
14568,n02-004-00-05,",",.,0
14569,n02-004-00-06,this,this,1
14570,n02-004-00-07,was,was,1
14571,n02-004-00-08,anti-climax,anti-climax,1
14572,n02-004-00-09,with,with,1
14573,n02-004-00-10,a,a,1
14574,n02-004-01-00,vengeance,vengeance,1
14575,n02-004-01-01,.,.,1
14576,n02-004-01-02,She,She,1
14577,n02-004-01-03,had,had,1
14578,n02-004-01-04,expected,expected,1
14579,n02-004-01-05,to,to,1
14580,n02-004-01-06,be,be,1
14581,n02-004-01-07,met,met,1
14582,n02-004-01-08,with,with,1
14583,n02-004-01-09,violent,violent,1
14584,n02-004-02-00,reproaches,reproaches,1
14585,n02-004-02-01,-,-,1
14586,n02-004-02-02,and,and,1
14587,n02-004-02-03,here,here,1
14588,n02-004-02-04,he,he,1
14589,n02-004-02-05,was,was,1
14590,n02-004-02-06,bland,bland,1
14591,n02-004-02-07,and,and,1
14592,n02-004-02-08,smiling,smiling,1
14593,n02-004-02-09,.,.,1
14594,n02-004-03-00,But,But,1
14595,n02-004-03-01,it,it,1
14596,n02-004-03-02,did,did,1
14597,n02-004-03-03,not,not,1
14598,n02-004-03-04,take,take,1
14599,n02-004-03-05,her,her,1
14600,n02-004-03-06,long,long,1
14601,n02-004-03-07,to,to,1
14602,n02-004-03-08,realise,realise,1
14603,n02-004-03-09,that,that,1
14604,n02-004-03-10,his,his,1
14605,n02-004-03-11,mood,mood,1
14606,n02-004-04-00,was,was,1
14607,n02-004-04-01,less,less,1
14608,n02-004-04-02,pleasant,pleasant,1
14609,n02-004-04-03,than,than,1
14610,n02-004-04-04,appeared,appeared,1
14611,n02-004-04-05,on,on,1
14612,n02-004-04-06,the,the,1
14613,n02-004-04-07,surface,surface,1
14614,n02-004-04-08,.,.,1
14615,n02-004-05-00,He,He,1
14616,n02-004-05-01,told,told,1
14617,n02-004-05-02,her,her,1
14618,n02-004-05-03,nonchalantly,honchalantly,0
14619,n02-004-05-04,",",.,0
14620,n02-004-05-05,as,as,1
14621,n02-004-05-06,he,he,1
14622,n02-004-05-07,led,led,1
14623,n02-004-05-08,the,the,1
14624,n02-004-05-09,way,way,1
14625,n02-004-05-10,to,to,1
14626,n02-004-05-11,his,his,1
14627,n02-004-06-00,own,own,1
14628,n02-004-06-01,veranda,veranda,1
14629,n02-004-06-02,",",",",1
14630,n02-004-06-03,that,that,1
14631,n02-004-06-04,he,he,1
14632,n02-004-06-05,had,had,1
14633,n02-004-06-06,taken,taken,1
14634,n02-004-06-07,the,the,1
14635,n02-004-06-08,liberty,liberty,1
14636,n02-004-06-09,of,of,1
14637,n02-004-07-00,asking,asking,1
14638,n02-004-07-01,Jack,jack,0
14639,n02-004-07-02,-,.,0
14640,n02-004-07-03,as,as,1
14641,n02-004-07-04,a,a,1
14642,n02-004-07-05,representative,representative,1
14643,n02-004-07-06,of,of,1
14644,n02-004-07-07,the,the,1
14645,n02-004-07-08,Vallin,fallen,0
14646,n02-004-07-09,family,family,1
14647,n02-004-07-10,-,-,1
14648,n02-004-08-00,to,to,1
14649,n02-004-08-01,come,come,1
14650,n02-004-08-02,over,over,1
14651,n02-004-08-03,and,and,1
14652,n02-004-08-04,make,make,1
14653,n02-004-08-05,the,the,1
14654,n02-004-08-06,presentation,presentation,1
14655,n02-004-08-07,in,in,1
14656,n02-004-08-08,her,her,1
14657,n02-004-08-09,stead,stead,1
14658,n02-004-08-10,.,.,1
14659,n02-009-00-00,"""","""",1
14660,n02-009-00-01,I,I,1
14661,n02-009-00-02,caught,caught,1
14662,n02-009-00-03,him,him,1
14663,n02-009-00-04,just,just,1
14664,n02-009-00-05,as,as,1
14665,n02-009-00-06,he,he,1
14666,n02-009-00-07,was,was,1
14667,n02-009-00-08,going,going,1
14668,n02-009-00-09,to,to,1
14669,n02-009-00-10,the,the,1
14670,n02-009-02-00,of,of,1
14671,n02-009-02-01,fact,fact,1
14672,n02-009-02-02,I,I,1
14673,n02-009-02-03,'d,'d,1
14674,n02-009-02-04,asked,asked,1
14675,n02-009-02-05,him,him,1
14676,n02-009-02-06,last,last,1
14677,n02-009-02-07,night,night,1
14678,n02-009-02-08,to,to,1
14679,n02-009-02-09,deputise,deputies,0
14680,n02-009-03-00,for,for,1
14681,n02-009-03-01,me,me,1
14682,n02-009-03-02,and,and,1
14683,n02-009-03-03,fetch,fetch,1
14684,n02-009-03-04,her,her,1
14685,n02-009-03-05,.,.,1
14686,n02-009-03-06,He,He,1
14687,n02-009-03-07,brought,brought,1
14688,n02-009-03-08,her,her,1
14689,n02-009-03-09,to,to,1
14690,n02-009-03-10,the,the,1
14691,n02-009-03-11,party,party,1
14692,n02-009-06-00,said,said,1
14693,n02-009-06-01,the,the,1
14694,n02-009-06-02,first,first,1
14695,n02-009-06-03,thing,thing,1
14696,n02-009-06-04,that,that,1
14697,n02-009-06-05,came,came,1
14698,n02-009-06-06,into,into,1
14699,n02-009-06-07,her,her,1
14700,n02-009-06-08,head,head,1
14701,n02-009-06-09,.,.,1
14702,n02-028-05-00,had,had,1
14703,n02-028-05-01,had,had,1
14704,n02-028-05-02,a,a,1
14705,n02-028-05-03,thoroughly,thoroughly,1
14706,n02-028-05-04,good,good,1
14707,n02-028-05-05,time,time,1
14708,n02-028-05-06,",",",",1
14709,n02-028-05-07,and,and,1
14710,n02-028-05-08,it,of,0
14711,n02-028-05-09,would,would,1
14712,n02-028-05-10,take,take,1
14713,n02-028-05-11,them,them,1
14714,n02-028-06-00,nearly,nearly,1
14715,n02-028-06-01,to,to,1
14716,n02-028-06-02,next,most,0
14717,n02-028-06-03,week,week,1
14718,n02-028-06-04,to,to,1
14719,n02-028-06-05,settle,settle,1
14720,n02-028-06-06,down,down,1
14721,n02-028-06-07,again,again,1
14722,n02-028-06-08,.,.,1
14723,n02-028-06-09,Meanwhile,Meanwhile,1
14724,n02-028-07-00,Hubert,test,0
14725,n02-028-07-01,would,would,1
14726,n02-028-07-02,have,have,1
14727,n02-028-07-03,betaken,between,0
14728,n02-028-07-04,himself,himself,1
14729,n02-028-07-05,and,and,1
14730,n02-028-07-06,his,his,1
14731,n02-028-07-07,well-,well,0
14732,n02-033-00-00,It,It,1
14733,n02-033-00-01,was,was,1
14734,n02-033-00-02,all,all,1
14735,n02-033-00-03,over,over,1
14736,n02-033-00-04,and,and,1
14737,n02-033-00-05,done,done,1
14738,n02-033-00-06,with,with,1
14739,n02-033-00-07,.,.,1
14740,n02-033-01-00,For,For,1
14741,n02-033-01-01,the,the,1
14742,n02-033-01-02,time,time,1
14743,n02-033-01-03,being,being,1
14744,n02-033-01-04,Beryl,Best,0
14745,n02-033-01-05,was,was,1
14746,n02-033-01-06,content,content,1
14747,n02-033-01-07,to,to,1
14748,n02-033-01-08,let,let,1
14749,n02-033-02-00,it,it,1
14750,n02-033-02-01,go,go,1
14751,n02-033-02-02,at,at,1
14752,n02-033-02-03,that,that,1
14753,n02-033-02-04,",",",",1
14754,n02-033-02-05,but,but,1
14755,n02-033-02-06,she,she,1
14756,n02-033-02-07,resolved,resolved,1
14757,n02-033-02-08,to,to,1
14758,n02-033-02-09,have,have,1
14759,n02-033-03-00,it,it,1
14760,n02-033-03-01,out,out,1
14761,n02-033-03-02,with,with,1
14762,n02-033-03-03,Piers,Piers,1
14763,n02-033-03-04,when,when,1
14764,n02-033-03-05,a,a,1
14765,n02-033-03-06,reasonable,reasonable,1
14766,n02-033-04-00,opportunity,opportunity,1
14767,n02-033-04-01,presented,presented,1
14768,n02-033-04-02,itself,itself,1
14769,n02-033-04-03,.,.,1
14770,n02-033-04-04,He,He,1
14771,n02-033-04-05,must,must,1
14772,n02-033-05-00,learn,learn,1
14773,n02-033-05-01,that,that,1
14774,n02-033-05-02,he,he,1
14775,n02-033-05-03,could,could,1
14776,n02-033-05-04,not,not,1
14777,n02-033-05-05,treat,treat,1
14778,n02-033-05-06,her,her,1
14779,n02-033-06-00,with,with,1
14780,n02-033-06-01,injustice,injustice,1
14781,n02-033-06-02,and,and,1
14782,n02-033-06-03,contempt,contempt,1
14783,n02-033-06-04,",",",",1
14784,n02-033-06-05,ignoring,ieqguoring,0
14785,n02-033-07-00,her,has,0
14786,n02-033-07-01,explanations,explanations,1
14787,n02-033-07-02,as,as,1
14788,n02-033-07-03,though,though,1
14789,n02-033-07-04,he,he,1
14790,n02-033-07-05,were,were,1
14791,n02-033-08-00,a,a,1
14792,n02-033-08-01,schoolmaster,Shoolmastes,0
14793,n02-033-08-02,and,and,1
14794,n02-033-08-03,she,she,1
14795,n02-033-08-04,a,a,1
14796,n02-033-08-05,small,small,1
14797,n02-033-08-06,",",",",1
14798,n02-033-09-00,ignorant,ignorant,1
14799,n02-033-09-01,child,child,1
14800,n02-033-09-02,.,.,1
14801,n02-037-00-00,He,He,1
14802,n02-037-00-01,gave,gave,1
14803,n02-037-00-02,her,her,1
14804,n02-037-00-03,no,no,1
14805,n02-037-00-04,chance,chance,1
14806,n02-037-00-05,of,of,1
14807,n02-037-00-06,any,any,1
14808,n02-037-00-07,private,private,1
14809,n02-037-01-00,conversation,conversation,1
14810,n02-037-01-01,that,that,1
14811,n02-037-01-02,evening,evening,1
14812,n02-037-01-03,",",",",1
14813,n02-037-01-04,for,for,1
14814,n02-037-01-05,when,when,1
14815,n02-037-02-00,Blanche,Blake,0
14816,n02-037-02-01,and,and,1
14817,n02-037-02-02,Jack,faok,0
14818,n02-037-02-03,left,left,1
14819,n02-037-02-04,",",",",1
14820,n02-037-02-05,he,he,1
14821,n02-037-02-06,went,whit,0
14822,n02-037-02-07,with,with,1
14823,n02-037-03-00,them,them,1
14824,n02-037-03-01,.,.,1
14825,n02-037-03-02,But,But,1
14826,n02-037-03-03,next,next,1
14827,n02-037-03-04,morning,morning,1
14828,n02-037-03-05,she,she,1
14829,n02-037-03-06,insisted,insisted,1
14830,n02-037-04-00,on,on,1
14831,n02-037-04-01,his,his,1
14832,n02-037-04-02,taking,taking,1
14833,n02-037-04-03,her,her,1
14834,n02-037-04-04,out,out,1
14835,n02-037-04-05,in,in,1
14836,n02-037-04-06,the,the,1
14837,n02-037-04-07,jeep,jeep,1
14838,n02-037-04-08,-,-,1
14839,n02-037-05-00,to,to,1
14840,n02-037-05-01,find,fined,0
14841,n02-037-05-02,",",",",1
14842,n02-037-05-03,if,if,1
14843,n02-037-05-04,possible,possible,1
14844,n02-037-05-05,",",",",1
14845,n02-037-05-06,Hubert,Hubert,1
14846,n02-037-05-07,and,and,1
14847,n02-037-05-08,his,his,1
14848,n02-037-07-00,her,has,0
14849,n02-037-07-01,great,great,1
14850,n02-037-07-02,disappointment,disappointment,1
14851,n02-037-07-03,at,at,1
14852,n02-037-07-04,being,very,0
14853,n02-037-08-00,held,help,0
14854,n02-037-08-01,up,up,1
14855,n02-037-08-02,in,in,1
14856,n02-037-08-03,Balicou,Vatican,0
14857,n02-037-08-04,.,.,1
14858,n02-040-00-00,With,With,1
14859,n02-040-00-01,an,an,1
14860,n02-040-00-02,air,air,1
14861,n02-040-00-03,of,of,1
14862,n02-040-00-04,resignation,resignation,1
14863,n02-040-00-05,he,be,0
14864,n02-040-00-06,sent,sent,1
14865,n02-040-00-07,Judy,Judy,1
14866,n02-040-00-08,",",",",1
14867,n02-040-00-09,his,his,1
14868,n02-040-01-00,Boxer,Boxer,1
14869,n02-040-01-01,",",",",1
14870,n02-040-01-02,to,to,1
14871,n02-040-01-03,the,the,1
14872,n02-040-01-04,back,back,1
14873,n02-040-01-05,",",",",1
14874,n02-040-01-06,and,and,1
14875,n02-040-01-07,made,made,1
14876,n02-040-01-08,room,room,1
14877,n02-040-01-09,for,for,1
14878,n02-040-01-10,her,her,1
14879,n02-040-02-00,beside,beside,1
14880,n02-040-02-01,him,him,1
14881,n02-040-02-02,.,.,1
14882,n02-040-02-03,"""","""",1
14883,n02-040-02-04,Is,is,0
14884,n02-040-02-05,that,that,1
14885,n02-040-02-06,all,all,1
14886,n02-040-02-07,you,you,1
14887,n02-040-02-08,want,wart,0
14888,n02-040-02-09,to,to,1
14889,n02-040-02-10,do,do,1
14890,n02-040-02-11,?,?,1
14891,n02-040-02-12,"""","""",1
14892,n02-040-03-00,he,he,1
14893,n02-040-03-01,asked,asked,1
14894,n02-040-03-02,",",",",1
14895,n02-040-03-03,letting,letting,1
14896,n02-040-03-04,in,in,1
14897,n02-040-03-05,the,the,1
14898,n02-040-03-06,clutch,clutch,1
14899,n02-040-03-07,.,.,1
14900,n02-040-03-08,"""","""",1
14901,n02-040-03-09,No,No,1
14902,n02-040-03-10,;,;,1
14903,n02-040-03-11,I,",",0
14904,n02-040-03-12,want,vast,0
14905,n02-040-04-00,to,to,1
14906,n02-040-04-01,make,make,1
14907,n02-040-04-02,you,you,1
14908,n02-040-04-03,understand,understand,1
14909,n02-040-04-04,just,just,1
14910,n02-040-04-05,what,what,1
14911,n02-040-04-06,happened,happened,1
14912,n02-040-05-00,about,about,1
14913,n02-040-05-01,this,this,1
14914,n02-040-05-02,Balicou,Vatican,0
14915,n02-040-05-03,trip,top,0
14916,n02-040-05-04,",",",",1
14917,n02-040-05-05,"""","""",1
14918,n02-040-05-06,she,she,1
14919,n02-040-05-07,returned,returned,1
14920,n02-040-06-00,coldly,coldly,1
14921,n02-040-06-01,.,.,1
14922,n02-040-06-02,"""",',0
14923,n02-040-06-03,I,",",0
14924,n02-040-06-04,'m,'m,1
14925,n02-040-06-05,a,a,1
14926,n02-040-06-06,little,little,1
14927,n02-040-06-07,tired,tired,1
14928,n02-040-06-08,of,of,1
14929,n02-040-06-09,being,being,1
14930,n02-040-06-10,treated,treated,1
14931,n02-040-07-00,like,like,1
14932,n02-040-07-01,an,an,1
14933,n02-040-07-02,ineffective,effective,0
14934,n02-040-07-03,imbecile,imbecile,1
14935,n02-040-07-04,.,.,1
14936,n02-040-07-05,"""","""",1
14937,n02-045-00-00,"""","""",1
14938,n02-045-00-01,And,and,0
14939,n02-045-00-02,I,",",0
14940,n02-045-00-03,'m,'m,1
14941,n02-045-00-04,heartily,heartily,1
14942,n02-045-00-05,sick,side,0
14943,n02-045-00-06,of,of,1
14944,n02-045-00-07,being,being,1
14945,n02-045-00-08,constantly,constantly,1
14946,n02-045-00-09,called,called,1
14947,n02-045-01-00,to,to,1
14948,n02-045-01-01,account,account,1
14949,n02-045-01-02,for,for,1
14950,n02-045-01-03,my,my,1
14951,n02-045-01-04,manners,manners,1
14952,n02-045-01-05,",",",",1
14953,n02-045-01-06,"""","""",1
14954,n02-045-01-07,he,he,1
14955,n02-045-01-08,retorted,retorted,1
14956,n02-045-01-09,.,.,1
14957,n02-045-02-00,"""","""",1
14958,n02-045-02-01,What,What,1
14959,n02-045-02-02,have,have,1
14960,n02-045-02-03,I,",",0
14961,n02-045-02-04,done,done,1
14962,n02-045-02-05,wrong,wrong,1
14963,n02-045-02-06,now,now,1
14964,n02-045-02-07,?,?,1
14965,n02-045-02-08,I,",",0
14966,n02-045-02-09,cover,cover,1
14967,n02-045-02-10,up,up,1
14968,n02-045-02-11,for,for,1
14969,n02-045-03-00,you,you,1
14970,n02-045-03-01,the,the,1
14971,n02-045-03-02,best,best,1
14972,n02-045-03-03,way,way,1
14973,n02-045-03-04,I,",",0
14974,n02-045-03-05,can,can,1
14975,n02-045-03-06,by,by,1
14976,n02-045-03-07,getting,setting,0
14977,n02-045-03-08,hold,hold,1
14978,n02-045-03-09,of,of,1
14979,n02-045-03-10,Jack,back,0
14980,n02-045-04-00,to,to,1
14981,n02-045-04-01,make,make,1
14982,n02-045-04-02,the,the,1
14983,n02-045-04-03,presentation,presentation,1
14984,n02-045-04-04,",",",",1
14985,n02-045-04-05,I,In,0
14986,n02-045-04-06,run,sun,0
14987,n02-045-04-07,the,the,1
14988,n02-045-04-08,damned,damned,1
14989,n02-045-05-00,party,party,1
14990,n02-045-05-01,to,to,1
14991,n02-045-05-02,the,the,1
14992,n02-045-05-03,best,best,1
14993,n02-045-05-04,of,of,1
14994,n02-045-05-05,my,my,1
14995,n02-045-05-06,ability,ability,1
14996,n02-045-05-07,-,-,1
14997,n02-045-05-08,saying,saying,1
14998,n02-045-05-09,the,the,1
14999,n02-045-06-00,sugary,sugary,1
15000,n02-045-06-01,things,things,1
15001,n02-045-06-02,you,you,1
15002,n02-045-06-03,ought,ought,1
15003,n02-045-06-04,to,to,1
15004,n02-045-06-05,have,have,1
15005,n02-045-06-06,been,been,1
15006,n02-045-06-07,there,there,1
15007,n02-045-08-00,fault,fault,1
15008,n02-045-08-01,.,.,1
15009,n02-045-08-02,"""","""",1
15010,n02-049-03-00,look,look,1
15011,n02-049-03-01,as,as,1
15012,n02-049-03-02,though,though,1
15013,n02-049-03-03,it,it,1
15014,n02-049-03-04,was,was,1
15015,n02-049-03-05,only,only,1
15016,n02-049-03-06,what,what,1
15017,n02-049-03-07,you,you,1
15018,n02-049-03-08,expected,expected,1
15019,n02-049-03-09,of,of,1
15020,n02-049-03-10,me,me,1
15021,n02-049-03-11,",",",",1
15022,n02-049-05-00,and,and,1
15023,n02-049-05-01,his,his,1
15024,n02-049-05-02,pals,fall,0
15025,n02-049-05-03,down,down,1
15026,n02-049-05-04,.,.,1
15027,n02-049-05-05,"""","""",1
15028,n02-054-01-00,to,to,1
15029,n02-054-01-01,understand,understand,1
15030,n02-054-01-02,all,all,1
15031,n02-054-01-03,the,the,1
15032,n02-054-01-04,whys,ways,0
15033,n02-054-01-05,and,and,1
15034,n02-054-02-00,wherefores,wherefores,1
15035,n02-054-02-01,of,of,1
15036,n02-054-02-02,your,your,1
15037,n02-054-02-03,actions,actions,1
15038,n02-054-02-04,",",",",1
15039,n02-054-02-05,"""","""",1
15040,n02-054-02-06,he,he,1
15041,n02-054-02-07,said,said,1
15042,n02-054-03-00,stiffly,stiffly,1
15043,n02-054-03-01,.,.,1
15044,n02-054-03-02,"""",-,0
15045,n02-054-03-03,Still,Still,1
15046,n02-054-03-04,less,less,1
15047,n02-054-03-05,to,to,1
15048,n02-054-03-06,criticise,criticize,0
15049,n02-054-03-07,you,you,1
15050,n02-054-03-08,.,.,1
15051,n02-054-03-09,"""","""",1
15052,n02-054-04-00,"""",',0
15053,n02-054-04-01,Oh,on,0
15054,n02-054-04-02,",",",",1
15055,n02-054-04-03,drop,drop,1
15056,n02-054-04-04,that,that,1
15057,n02-054-04-05,nonsense,houses,0
15058,n02-054-04-06,",",",",1
15059,n02-054-04-07,Piers,Piers,1
15060,n02-054-04-08,!,?,0
15061,n02-054-05-00,Be,Be,1
15062,n02-054-05-01,yourself,yourself,1
15063,n02-054-05-02,",",",",1
15064,n02-054-05-03,"""","""",1
15065,n02-054-05-04,she,she,1
15066,n02-054-05-05,exclaimed,exclaimed,1
15067,n02-054-05-06,",",",",1
15068,n02-054-05-07,with,with,1
15069,n02-054-06-00,mounting,mounting,1
15070,n02-054-06-01,exasperation,exasperation,1
15071,n02-054-06-02,.,.,1
15072,n02-054-06-03,"""",',0
15073,n02-054-06-04,Very,Very,1
15074,n02-054-06-05,well,well,1
15075,n02-054-06-06,!,?,0
15076,n02-054-06-07,"""",',0
15077,n02-054-06-08,He,He,1
15078,n02-054-07-00,brought,brought,1
15079,n02-054-07-01,the,the,1
15080,n02-054-07-02,jeep,jeep,1
15081,n02-054-07-03,to,to,1
15082,n02-054-07-04,a,a,1
15083,n02-054-07-05,standstill,standstill,1
15084,n02-054-07-06,in,in,1
15085,n02-054-07-07,a,a,1
15086,n02-054-07-08,rough,rough,1
15087,n02-054-08-00,path,path,1
15088,n02-054-08-01,fringed,fringed,1
15089,n02-054-08-02,and,and,1
15090,n02-054-08-03,shaded,shaded,1
15091,n02-054-08-04,by,of,0
15092,n02-054-08-05,citrus,cites,0
15093,n02-054-08-06,trees,trees,1
15094,n02-054-08-07,.,.,1
15095,n02-054-09-00,"""","""",1
15096,n02-054-09-01,If,if,0
15097,n02-054-09-02,you,you,1
15098,n02-054-09-03,want,want,1
15099,n02-054-09-04,my,my,1
15100,n02-054-09-05,true,true,1
15101,n02-054-09-06,opinion,opinion,1
15102,n02-054-09-07,I,",",0
15103,n02-054-09-08,'ll,'ll,1
15104,n02-054-09-09,give,give,1
15105,n02-054-09-10,it,it,1
15106,n02-054-09-11,.,.,1
15107,n02-062-00-00,You,You,1
15108,n02-062-00-01,made,made,1
15109,n02-062-00-02,some,some,1
15110,n02-062-00-03,sort,sort,1
15111,n02-062-00-04,of,of,1
15112,n02-062-00-05,a,a,1
15113,n02-062-00-06,protest,protest,1
15114,n02-062-00-07,to,to,1
15115,n02-062-00-08,Graybury,Grady,0
15116,n02-062-00-09,.,.,1
15117,n02-062-01-00,I,",",0
15118,n02-062-01-01,'ll,'ll,1
15119,n02-062-01-02,give,give,1
15120,n02-062-01-03,you,you,1
15121,n02-062-01-04,credit,credit,1
15122,n02-062-01-05,for,for,1
15123,n02-062-01-06,that,that,1
15124,n02-062-01-07,.,.,1
15125,n02-062-01-08,But,But,1
15126,n02-062-01-09,you,you,1
15127,n02-062-01-10,didn't,didn't,1
15128,n02-062-01-11,press,press,1
15129,n02-062-02-00,the,the,1
15130,n02-062-02-01,matter,matter,1
15131,n02-062-02-02,because,because,1
15132,n02-062-02-03,",",",",1
15133,n02-062-02-04,very,very,1
15134,n02-062-02-05,naturally,naturally,1
15135,n02-062-02-06,",",",",1
15136,n02-062-02-07,you,you,1
15137,n02-062-02-08,were,were,1
15138,n02-062-03-00,thoroughly,thoroughly,1
15139,n02-062-03-01,enjoying,enjoying,1
15140,n02-062-03-02,Forrest's,Forests,0
15141,n02-062-03-03,company,company,1
15142,n02-062-03-04,in,in,1
15143,n02-062-04-00,idyllic,idyllic,1
15144,n02-062-04-01,surroundings,surroundings,1
15145,n02-062-04-02,.,.,1
15146,n02-062-04-03,"""",',0
15147,n02-062-04-04,"""",',0
15148,n02-062-04-05,How,How,1
15149,n02-062-04-06,dare,care,0
15150,n02-062-04-07,you,you,1
15151,n02-062-04-08,say,say,1
15152,n02-062-05-00,such,such,1
15153,n02-062-05-01,a,a,1
15154,n02-062-05-02,thing,thing,1
15155,n02-062-05-03,?,?,1
15156,n02-062-05-04,"""",.,0
15157,n02-062-05-05,she,she,1
15158,n02-062-05-06,blazed,Glazed,0
15159,n02-062-05-07,.,.,1
15160,n02-062-05-08,"""","""",1
15161,n02-062-05-09,For,For,1
15162,n02-062-05-10,goodness',goodness,0
15163,n02-062-06-00,sake,sake,1
15164,n02-062-06-01,show,show,1
15165,n02-062-06-02,a,a,1
15166,n02-062-06-03,glimmer,glimmer,1
15167,n02-062-06-04,of,of,1
15168,n02-062-06-05,reason,reason,1
15169,n02-062-06-06,",",",",1
15170,n02-062-06-07,"""","""",1
15171,n02-062-06-08,was,was,1
15172,n02-062-06-09,his,his,1
15173,n02-062-07-00,equally,equally,1
15174,n02-062-07-01,indignant,indigent,0
15175,n02-062-07-02,rejoinder,rejoinder,1
15176,n02-062-07-03,.,.,1
15177,n02-104-00-00,"""","""",1
15178,n02-104-00-01,I,",",0
15179,n02-104-00-02,know,know,1
15180,n02-104-00-03,.,.,1
15181,n02-104-00-04,Absurd,Assure,0
15182,n02-104-00-05,as,as,1
15183,n02-104-00-06,it,it,1
15184,n02-104-00-07,may,may,1
15185,n02-104-00-08,seem,seem,1
15186,n02-104-00-09,",",",",1
15187,n02-104-00-10,I,I,1
15188,n02-104-00-11,didn't,didn't,1
15189,n02-104-00-12,want,want,1
15190,n02-104-01-00,you,You,0
15191,n02-104-01-01,to,to,1
15192,n02-104-01-02,think,think,1
15193,n02-104-01-03,badly,badly,1
15194,n02-104-01-04,of,of,1
15195,n02-104-01-05,me,me,1
15196,n02-104-01-06,.,.,1
15197,n02-104-01-07,"""","""",1
15198,n02-104-01-08,She,She,1
15199,n02-104-01-09,turned,turned,1
15200,n02-104-01-10,away,away,1
15201,n02-104-02-00,from,from,1
15202,n02-104-02-01,him,him,1
15203,n02-104-02-02,to,to,1
15204,n02-104-02-03,fondle,handle,0
15205,n02-104-02-04,Judy,film,0
15206,n02-104-02-05,",",",",1
15207,n02-104-02-06,who,wao,0
15208,n02-104-02-07,",",",",1
15209,n02-104-02-08,sensing,using,0
15210,n02-104-02-09,something,squatting,0
15211,n02-104-03-00,amiss,amiss,1
15212,n02-104-03-01,",",",",1
15213,n02-104-03-02,was,was,1
15214,n02-104-03-03,nudging,nudging,1
15215,n02-104-03-04,her,her,1
15216,n02-104-03-05,in,in,1
15217,n02-104-03-06,the,SHe,0
15218,n02-104-03-07,endeavour,endeavour,1
15219,n02-104-03-08,to,to,1
15220,n02-104-05-00,if,it,0
15221,n02-104-05-01,I,I,1
15222,n02-104-05-02,had,had,1
15223,n02-104-05-03,absolutely,alsolatly,0
15224,n02-104-05-04,insisted,insisted,1
15225,n02-104-05-05,on,on,1
15226,n02-104-05-06,sailing,sailing,1
15227,n02-104-05-07,at,at,1
15228,n02-104-05-08,the,Sir,0
15229,n02-104-07-00,have,have,1
15230,n02-104-07-01,had,had,1
15231,n02-104-07-02,it,if,0
15232,n02-104-07-03,in,In,0
15233,n02-104-07-04,for,for,1
15234,n02-104-07-05,Guy,buy,0
15235,n02-104-07-06,.,.,1
15236,n02-109-00-00,You,You,1
15237,n02-109-00-01,see,see,1
15238,n02-109-00-02,",",",",1
15239,n02-109-00-03,it,if,0
15240,n02-109-00-04,was,was,1
15241,n02-109-00-05,",",",",1
15242,n02-109-00-06,apparently,apparently,1
15243,n02-109-00-07,",",",",1
15244,n02-109-00-08,through,frogs,0
15245,n02-109-00-09,a,a,1
15246,n02-109-00-10,mistake,mistake,1
15247,n02-109-01-00,on,on,1
15248,n02-109-01-01,Guy's,buys,0
15249,n02-109-01-02,part,part,1
15250,n02-109-01-03,that,that,1
15251,n02-109-01-04,we,we,1
15252,n02-109-01-05,missed,missed,1
15253,n02-109-01-06,seeing,seeing,1
15254,n02-109-01-07,the,the,1
15255,n02-109-02-00,flamingoes,flamingoes,1
15256,n02-109-02-01,our,our,1
15257,n02-109-02-02,first,first,1
15258,n02-109-02-03,morning,morning,1
15259,n02-109-02-04,on,on,1
15260,n02-109-02-05,the,tie,0
15261,n02-109-02-06,island,island,1
15262,n02-109-02-07,.,.,1
15263,n02-109-02-08,"""","""",1
15264,n02-109-03-00,"""","""",1
15265,n02-109-03-01,What,When,0
15266,n02-109-03-02,harm,farm,0
15267,n02-109-03-03,could,could,1
15268,n02-109-03-04,possibly,possibly,1
15269,n02-109-03-05,have,San,0
15270,n02-109-03-06,come,come,1
15271,n02-109-03-07,to,to,1
15272,n02-109-03-08,Forrest,Forest,0
15273,n02-109-04-00,through,wrongs,0
15274,n02-109-04-01,Sir,Sir,1
15275,n02-109-04-02,John's,John's,1
15276,n02-109-04-03,nonsense,nonsense,1
15277,n02-109-04-04,?,?,1
15278,n02-109-04-05,"""",a,0
15279,n02-109-04-06,Piers,loss,0
15280,n02-109-04-07,could,could,1
15281,n02-109-05-00,hardly,hardly,1
15282,n02-109-05-01,have,have,1
15283,n02-109-05-02,spoken,spoken,1
15284,n02-109-05-03,with,wits,0
15285,n02-109-05-04,more,mose,0
15286,n02-109-05-05,contempt,contempt,1
15287,n02-109-05-06,.,"""",0
15288,n02-109-06-00,A,A,1
15289,n02-109-06-01,bully,bully,1
15290,n02-109-06-02,like,like,1
15291,n02-109-06-03,that,that,1
15292,n02-109-06-04,respects,respects,1
15293,n02-109-06-05,anyone,anyone,1
15294,n02-109-06-06,who,woo,0
15295,n02-109-07-00,dares,closes,0
15296,n02-109-07-01,to,to,1
15297,n02-109-07-02,stand,stand,1
15298,n02-109-07-03,up,up,1
15299,n02-109-07-04,to,to,1
15300,n02-109-07-05,him,him,1
15301,n02-109-07-06,.,.,1
15302,n02-109-07-07,"""",a,0
15303,n02-114-00-00,Beryl,Beryl,1
15304,n02-114-00-01,tried,used,0
15305,n02-114-00-02,to,to,1
15306,n02-114-00-03,suppress,suppress,1
15307,n02-114-00-04,the,4,0
15308,n02-114-00-05,thought,caught,0
15309,n02-114-00-06,that,tat,0
15310,n02-114-00-07,this,air,0
15311,n02-114-00-08,was,laws,0
15312,n02-114-01-00,precisely,precisely,1
15313,n02-114-01-01,the,the,1
15314,n02-114-01-02,remark,semoost,0
15315,n02-114-01-03,she,she,1
15316,n02-114-01-04,had,each,0
15317,n02-114-01-05,made,made,1
15318,n02-114-01-06,to,to,1
15319,n02-114-01-07,Guy,buy,0
15320,n02-114-01-08,.,.,1
15321,n02-114-03-00,your,your,1
15322,n02-114-03-01,knowledge,knowledge,1
15323,n02-114-03-02,of,of,1
15324,n02-114-03-03,all,all,1
15325,n02-114-03-04,the,A,0
15326,n02-114-03-05,affairs,affairs,1
15327,n02-114-03-06,of,of,1
15328,n02-114-03-07,the,me,0
15329,n02-114-04-00,island,island,1
15330,n02-114-04-01,I,I,1
15331,n02-114-04-02,needn't,suicide,0
15332,n02-114-04-03,tell,see,0
15333,n02-114-04-04,you,you,1
15334,n02-114-04-05,that,that,1
15335,n02-114-04-06,Sir,Sir,1
15336,n02-114-04-07,John,join,0
15337,n02-114-05-00,Graybury,Greoeybciry,0
15338,n02-114-05-01,is,is,1
15339,n02-114-05-02,one,one,1
15340,n02-114-05-03,of,of,1
15341,n02-114-05-04,Mr.,Mr.,1
15342,n02-114-05-05,Hewson's,Hudson's,0
15343,n02-114-05-06,most,most,1
15344,n02-114-06-00,important,important,1
15345,n02-114-06-01,customers,customers,1
15346,n02-114-06-02,.,.,1
15347,n02-114-06-03,"""","""",1
15348,n02-114-06-04,"""","""",1
15349,n02-114-06-05,So,So,1
15350,n02-114-06-06,what,coat,0
15351,n02-114-06-07,?,?,1
15352,n02-114-06-08,You,You,1
15353,n02-114-06-09,'re,be,0
15354,n02-114-06-10,not,not,1
15355,n02-114-08-00,Forrest,Forest,0
15356,n02-114-08-01,for,for,1
15357,n02-114-08-02,behaving,believing,0
15358,n02-114-08-03,with,with,1
15359,n02-114-08-04,ordinary,ordinary,1
15360,n02-114-08-05,moral,model,0
15361,n02-114-09-00,courage,courage,1
15362,n02-114-09-01,!,?,0
15363,n02-120-00-00,He,He,1
15364,n02-120-00-01,'s,'s,1
15365,n02-120-00-02,quite,quick,0
15366,n02-120-00-03,capable,capable,1
15367,n02-120-00-04,of,of,1
15368,n02-120-00-05,telling,telling,1
15369,n02-120-00-06,Sir,Sir,1
15370,n02-120-00-07,John,join,0
15371,n02-120-00-08,to,to,1
15372,n02-120-00-09,take,lak,0
15373,n02-120-01-00,himself,himself,1
15374,n02-120-01-01,and,end,0
15375,n02-120-01-02,his,big,0
15376,n02-120-01-03,business,business,1
15377,n02-120-01-04,to,6,0
15378,n02-120-01-05,an,on,0
15379,n02-120-01-06,unmention-,cesmentions,0
15380,n02-120-02-00,able,able,1
15381,n02-120-02-01,destination,destination,1
15382,n02-120-02-02,.,.,1
15383,n02-120-02-03,"""",a,0
15384,n02-120-02-04,"""",a,0
15385,n02-120-02-05,There,There,1
15386,n02-120-02-06,'s,5,0
15387,n02-120-02-07,a,a,1
15388,n02-120-02-08,difference,difference,1
15389,n02-120-03-00,between,bellowed,0
15390,n02-120-03-01,what,seat,0
15391,n02-120-03-02,a,a,1
15392,n02-120-03-03,senior,senior,1
15393,n02-120-03-04,and,and,1
15394,n02-120-03-05,a,a,1
15395,n02-120-03-06,junior,fusion,0
15396,n02-120-04-00,partner,parties,0
15397,n02-120-04-01,can,can,1
15398,n02-120-04-02,do,do,1
15399,n02-120-04-03,",",",",1
15400,n02-120-04-04,"""","""",1
15401,n02-120-04-05,was,was,1
15402,n02-120-04-06,her,her,1
15403,n02-120-04-07,quick,diet,0
15404,n02-120-04-08,reply,reply,1
15405,n02-120-04-09,.,.,1
15406,n02-120-05-00,"""",a,0
15407,n02-120-05-01,What,total,0
15408,n02-120-05-02,they,ther,0
15409,n02-120-05-03,can,Can,0
15410,n02-120-05-04,bring,wrong,0
15411,n02-120-05-05,off,off,1
15412,n02-120-05-06,!,?,0
15413,n02-120-05-07,I,I,1
15414,n02-120-05-08,'ll,'ll,1
15415,n02-120-05-09,admit,sedans,0
15416,n02-120-05-10,that,that,1
15417,n02-120-05-11,.,.,1
15418,n02-120-06-00,But,at,0
15419,n02-120-06-01,Forrest,Forest,0
15420,n02-120-06-02,might,might,1
15421,n02-120-06-03,at,at,1
15422,n02-120-06-04,least,least,1
15423,n02-120-06-05,have,have,1
15424,n02-120-06-06,tried,tired,0
15425,n02-120-06-07,.,.,1
15426,n02-120-06-08,He,He,1
15427,n02-120-06-09,'s,'s,1
15428,n02-120-07-00,pretty,really,0
15429,n02-120-07-01,spineless,spineless,1
15430,n02-120-07-02,!,?,0
15431,n02-120-07-03,"""",a,0
15432,n02-127-00-00,"""","""",1
15433,n02-127-00-01,You,You,1
15434,n02-127-00-02,think,Hint,0
15435,n02-127-00-03,you,you,1
15436,n02-127-00-04,could,could,1
15437,n02-127-00-05,have,Save,0
15438,n02-127-00-06,carried,Carried,0
15439,n02-127-00-07,more,more,1
15440,n02-127-00-08,weight,assist,0
15441,n02-127-01-00,with,with,1
15442,n02-127-01-01,Sir,Si,0
15443,n02-127-01-02,John,form,0
15444,n02-127-01-03,?,5,0
15445,n02-127-01-04,"""",a,0
15446,n02-127-01-05,she,she,1
15447,n02-127-01-06,enquired,enquired,1
15448,n02-127-01-07,cuttingly,calling,0
15449,n02-127-01-08,.,.,1
15450,n02-127-04-00,as,as,1
15451,n02-127-04-01,-,-,1
15452,n02-127-04-02,as,as,1
15453,n02-127-04-03,a,a,1
15454,n02-127-04-04,grounded,grounded,1
15455,n02-127-04-05,whale,role,0
15456,n02-127-04-06,!,?,0
15457,n02-127-04-07,"""","""",1
15458,n02-127-04-08,He,He,1
15459,n02-127-04-09,had,said,0
15460,n02-127-04-10,to,6,0
15461,n02-127-04-11,smile,smile,1
15462,n02-127-06-00,an,len,0
15463,n02-127-06-01,attempt,attempt,1
15464,n02-127-06-02,to,to,1
15465,n02-127-06-03,show,slice,0
15466,n02-127-06-04,my,my,1
15467,n02-127-06-05,lady-love,haaly-love,0
15468,n02-127-06-06,that,that,1
15469,n02-127-06-07,I,5,0
15470,n02-127-07-00,put,put,1
15471,n02-127-07-01,her,her,1
15472,n02-127-07-02,interests,interests,1
15473,n02-127-07-03,before,before,1
15474,n02-127-07-04,my,my,1
15475,n02-127-07-05,own,own,1
15476,n02-127-07-06,.,.,1
15477,n02-151-00-00,Their,Their,1
15478,n02-151-00-01,air,air,1
15479,n02-151-00-02,of,of,1
15480,n02-151-00-03,smiling,smiling,1
15481,n02-151-00-04,somnolence,commence,0
15482,n02-151-00-05,showed,showed,1
15483,n02-151-00-06,them,them,1
15484,n02-151-02-00,celebrations,celebrations,1
15485,n02-151-02-01,",",",",1
15486,n02-151-02-02,and,and,1
15487,n02-151-02-03,their,their,1
15488,n02-151-02-04,friendly,friendly,1
15489,n02-151-02-05,welcome,welcome,1
15490,n02-151-03-00,and,and,1
15491,n02-151-03-01,warm,warm,1
15492,n02-151-03-02,sympathy,sympathy,1
15493,n02-151-03-03,",",",",1
15494,n02-151-03-04,as,as,1
15495,n02-151-03-05,she,she,1
15496,n02-151-03-06,explained,explained,1
15497,n02-151-04-00,how,how,1
15498,n02-151-04-01,she,she,1
15499,n02-151-04-02,had,had,1
15500,n02-151-04-03,come,come,1
15501,n02-151-04-04,to,to,1
15502,n02-151-04-05,miss,miss,1
15503,n02-151-04-06,the,the,1
15504,n02-151-04-07,party,party,1
15505,n02-151-04-08,",",",",1
15506,n02-151-05-00,made,made,1
15507,n02-151-05-01,her,her,1
15508,n02-151-05-02,send,send,1
15509,n02-151-05-03,a,a,1
15510,n02-151-05-04,complacent,complacent,1
15511,n02-151-05-05,glance,glance,1
15512,n02-151-06-00,in,in,1
15513,n02-151-06-01,Piers',Peers',0
15514,n02-151-06-02,direction,direction,1
15515,n02-151-06-03,.,.,1
15516,n02-151-06-04,What,What,1
15517,n02-151-06-05,a,a,1
15518,n02-151-06-06,fuss-box,fuss-box,1
15519,n02-151-06-07,the,the,1
15520,n02-151-07-00,man,man,1
15521,n02-151-07-01,was,was,1
15522,n02-151-07-02,",",",",1
15523,n02-151-07-03,she,she,1
15524,n02-151-07-04,thought,thought,1
15525,n02-151-07-05,impatiently,impatunibly,0
15526,n02-151-07-06,",",",",1
15527,n02-151-10-00,on,on,1
15528,n02-151-10-01,the,the,1
15529,n02-151-10-02,estate,estate,1
15530,n02-151-10-03,was,was,1
15531,n02-151-10-04,a,a,1
15532,n02-151-10-05,major,major,1
15533,n02-151-10-06,error,error,1
15534,n02-151-10-07,:,:,1
15535,n02-154-00-00,And,and,0
15536,n02-154-00-01,then,then,1
15537,n02-154-00-02,she,she,1
15538,n02-154-00-03,received,received,1
15539,n02-154-00-04,a,a,1
15540,n02-154-00-05,jolt,just,0
15541,n02-154-00-06,.,.,1
15542,n02-154-00-07,Old,Old,1
15543,n02-154-00-08,Hubert,Hubert,1
15544,n02-154-00-09,",",",",1
15545,n02-154-00-10,standing,standing,1
15546,n02-154-01-00,beside,beside,1
15547,n02-154-01-01,her,her,1
15548,n02-154-01-02,",",",",1
15549,n02-154-01-03,his,his,1
15550,n02-154-01-04,battered,battered,1
15551,n02-154-01-05,hat,at,0
15552,n02-154-01-06,in,in,1
15553,n02-154-01-07,his,his,1
15554,n02-154-01-08,hand,hand,1
15555,n02-154-01-09,",",",",1
15556,n02-154-01-10,his,his,1
15557,n02-154-02-00,toothless,tookkless,0
15558,n02-154-02-01,mouth,mouth,1
15559,n02-154-02-02,stretched,stretched,1
15560,n02-154-02-03,in,in,1
15561,n02-154-02-04,a,a,1
15562,n02-154-02-05,wide,wide,1
15563,n02-154-02-06,grin,gain,0
15564,n02-154-02-07,",",",",1
15565,n02-154-02-08,told,told,1
15566,n02-154-02-09,her,her,1
15567,n02-154-03-00,in,in,1
15568,n02-154-03-01,halting,talking,0
15569,n02-154-03-02,6patois,Satis,0
15570,n02-154-03-03,that,that,1
15571,n02-154-03-04,"""","""",1
15572,n02-154-03-05,3Mistah,Batista,0
15573,n02-154-03-06,Piers,Piers,1
15574,n02-154-03-07,"""","""",1
15575,n02-154-03-08,had,had,1
15576,n02-154-04-00,explained,explained,1
15577,n02-154-04-01,right,right,1
15578,n02-154-04-02,at,at,1
15579,n02-154-04-03,the,the,1
15580,n02-154-04-04,start,start,1
15581,n02-154-04-05,that,that,1
15582,n02-154-04-06,"""","""",1
15583,n02-154-04-07,3Mis',Boris',0
15584,n02-154-04-08,Beryl,Beryl,1
15585,n02-154-04-09,"""","""",1
15586,n02-157-00-00,That,That,1
15587,n02-157-00-01,it,it,1
15588,n02-157-00-02,wouldn't,moulds,0
15589,n02-157-00-03,be,be,1
15590,n02-157-00-04,her,her,1
15591,n02-157-00-05,fault,fault,1
15592,n02-157-00-06,at,at,1
15593,n02-157-00-07,all,all,1
15594,n02-157-00-08,.,.,1
15595,n02-157-00-09,That,that,0
15596,n02-157-01-00,she,she,1
15597,n02-157-01-01,was,was,1
15598,n02-157-01-02,a,a,1
15599,n02-157-01-03,lady,lady,1
15600,n02-157-01-04,who,who,1
15601,n02-157-01-05,",",",",1
15602,n02-157-01-06,like,like,1
15603,n02-157-01-07,her,her,1
15604,n02-157-01-08,Uncle,under,0
15605,n02-157-01-09,Charles,Charles,1
15606,n02-157-01-10,",",",",1
15607,n02-157-02-00,took,took,1
15608,n02-157-02-01,the,the,1
15609,n02-157-02-02,highest,highest,1
15610,n02-157-02-03,pride,pride,1
15611,n02-157-02-04,in,in,1
15612,n02-157-02-05,keeping,keeping,1
15613,n02-157-02-06,her,her,1
15614,n02-157-02-07,word,word,1
15615,n02-157-02-08,.,.,1
15616,n02-157-02-09,"""","""",1
15617,n02-157-02-10,I,",",0
15618,n02-157-03-00,could,could,1
15619,n02-157-03-01,see,see,1
15620,n02-157-03-02,3anudder,Bauer,0
15621,n02-157-03-03,3t'ing,Being,0
15622,n02-157-03-04,",",",",1
15623,n02-157-03-05,"""","""",1
15624,n02-157-03-06,he,he,1
15625,n02-157-03-07,went,west,0
15626,n02-157-03-08,on,on,1
15627,n02-157-03-09,in,in,1
15628,n02-157-03-10,a,a,1
15629,n02-157-04-00,lower,lower,1
15630,n02-157-04-01,voice,voice,1
15631,n02-157-04-02,",",",",1
15632,n02-157-04-03,his,his,1
15633,n02-157-04-04,sunken,sister,0
15634,n02-157-04-05,black,black,1
15635,n02-157-04-06,eyes,eyes,1
15636,n02-157-04-07,twinkling,tinkling,0
15637,n02-157-04-08,.,",",0
15638,n02-157-05-00,"3""",3,0
15639,n02-157-05-01,He,He,1
15640,n02-157-05-02,powerful,powerful,1
15641,n02-157-05-03,anxious,anxious,1
15642,n02-157-05-04,",",",",1
15643,n02-157-05-05,poor,pour,0
15644,n02-157-05-06,Mistah,mistake,0
15645,n02-157-05-07,Piers,Press,0
15646,n02-157-05-08,.,.,1
15647,n02-157-06-00,We,We,1
15648,n02-157-06-01,all,all,1
15649,n02-157-06-02,know,know,1
15650,n02-157-06-03,how,how,1
15651,n02-157-06-04,Balicou,Bacon,0
15652,n02-157-06-05,Island,bland,0
15653,n02-157-06-06,dangerous,dangerous,1
15654,n02-157-07-00,to,to,1
15655,n02-157-07-01,all,all,1
15656,n02-157-07-02,kin',King,0
15657,n02-157-07-03,o',or,0
15658,n02-157-07-04,boats,boats,1
15659,n02-157-07-05,",",",",1
15660,n02-157-07-06,wid,did,0
15661,n02-157-07-07,d'ose,close,0
15662,n02-157-07-08,big,by,0
15663,n02-157-07-09,",",",",1
15664,n02-157-07-10,big,big,1
15665,n02-157-08-00,rocks,rocks,1
15666,n02-157-08-01,in,in,1
15667,n02-157-08-02,an',and,0
15668,n02-157-08-03,out,out,1
15669,n02-157-08-04,o',of,0
15670,n02-157-08-05,de,de,1
15671,n02-157-08-06,water,water,1
15672,n02-157-08-07,.,.,1
15673,n03-038-00-00,He,He,1
15674,n03-038-00-01,had,had,1
15675,n03-038-00-02,almost,almost,1
15676,n03-038-00-03,entirely,entirely,1
15677,n03-038-00-04,settled,settled,1
15678,n03-038-00-05,back,bock,0
15679,n03-038-00-06,into,into,1
15680,n03-038-00-07,his,his,1
15681,n03-038-00-08,old,old,1
15682,n03-038-01-00,ways,hays,0
15683,n03-038-01-01,",",",",1
15684,n03-038-01-02,even,even,1
15685,n03-038-01-03,to,to,1
15686,n03-038-01-04,reading,reading,1
15687,n03-038-01-05,law,his,0
15688,n03-038-01-06,about,about,1
15689,n03-038-01-07,two,two,1
15690,n03-038-01-08,hours,hours,1
15691,n03-038-01-09,each,each,1
15692,n03-038-02-00,day,by,0
15693,n03-038-02-01,.,.,1
15694,n03-038-02-02,Though,though,0
15695,n03-038-02-03,he,he,1
15696,n03-038-02-04,did,did,1
15697,n03-038-02-05,not,not,1
15698,n03-038-02-06,refuse,reduce,0
15699,n03-038-02-07,wine,the,0
15700,n03-038-02-08,",",",",1
15701,n03-038-02-09,which,which,1
15702,n03-038-02-10,the,the,1
15703,n03-038-04-00,did,did,1
15704,n03-038-04-01,not,not,1
15705,n03-038-04-02,act,act,1
15706,n03-038-04-03,as,as,1
15707,n03-038-04-04,though,though,1
15708,n03-038-04-05,he,he,1
15709,n03-038-04-06,found,found,1
15710,n03-038-04-07,it,it,1
15711,n03-038-04-08,necessary,necessary,1
15712,n03-038-05-00,except,except,1
15713,n03-038-05-01,in,in,1
15714,n03-038-05-02,moderate,moderate,1
15715,n03-038-05-03,compliance,compliance,1
15716,n03-038-05-04,with,with,1
15717,n03-038-05-05,his,his,1
15718,n03-038-05-06,father's,insfoartheir's,0
15719,n03-038-06-00,habit,bail,0
15720,n03-038-06-01,.,:,0
15721,n03-064-00-00,Around,around,0
15722,n03-064-00-01,that,that,1
15723,n03-064-00-02,rounded,sounded,0
15724,n03-064-00-03,rocky,body,0
15725,n03-064-00-04,promontory,protmontory,0
15726,n03-064-00-05,where,where,1
15727,n03-064-00-06,the,the,1
15728,n03-064-03-00,triangular,triangular,1
15729,n03-064-03-01,sail,sail,1
15730,n03-064-03-02,",",",",1
15731,n03-064-03-03,and,and,1
15732,n03-064-03-04,to,to,1
15733,n03-064-03-05,the,the,1
15734,n03-064-03-06,judge's,judge's,1
15735,n03-064-03-07,frightened,frightened,1
15736,n03-064-03-08,eyes,eyes,1
15737,n03-064-03-09,",",",",1
15738,n03-064-03-10,so,so,1
15739,n03-064-04-00,close,close,1
15740,n03-064-04-01,to,to,1
15741,n03-064-04-02,the,the,1
15742,n03-064-04-03,rocks,rocks,1
15743,n03-064-04-04,that,that,1
15744,n03-064-04-05,it,it,1
15745,n03-064-04-06,would,would,1
15746,n03-064-04-07,be,be,1
15747,n03-064-04-08,dashed,asked,0
15748,n03-066-00-00,"""","""",1
15749,n03-066-00-01,That,That,1
15750,n03-066-00-02,boy,boy,1
15751,n03-066-00-03,!,!,1
15752,n03-066-00-04,That,That,1
15753,n03-066-00-05,damned,damned,1
15754,n03-066-00-06,fool,fool,1
15755,n03-066-00-07,boy,boy,1
15756,n03-066-00-08,!,!,1
15757,n03-066-00-09,What,What,1
15758,n03-066-00-10,does,does,1
15759,n03-066-00-11,he,he,1
15760,n03-066-00-12,mean,mica,0
15761,n03-066-02-00,What,What,1
15762,n03-066-02-01,does,does,1
15763,n03-066-02-02,time,time,1
15764,n03-066-02-03,mean,man,0
15765,n03-066-02-04,when,when,1
15766,n03-066-02-05,weighed,weighed,1
15767,n03-066-02-06,against,against,1
15768,n03-066-02-07,the,the,1
15769,n03-066-02-08,life,life,1
15770,n03-066-02-09,of,of,1
15771,n03-066-03-00,two,two,1
15772,n03-066-03-01,human,human,1
15773,n03-066-03-02,beings,beings,1
15774,n03-066-03-03,?,?,1
15775,n03-066-03-04,"""","""",1
15776,n03-066-03-05,Not,Not,1
15777,n03-066-03-06,until,until,1
15778,n03-066-03-07,he,he,1
15779,n03-066-03-08,was,was,1
15780,n03-066-03-09,certain,certain,1
15781,n03-066-03-10,that,that,1
15782,n03-066-03-11,the,the,1
15783,n03-066-04-00,yawl,yamt,0
15784,n03-066-04-01,had,had,1
15785,n03-066-04-02,rounded,sounded,0
15786,n03-066-04-03,the,the,1
15787,n03-066-04-04,rocky,body,0
15788,n03-066-04-05,point,point,1
15789,n03-066-04-06,instead,instead,1
15790,n03-066-04-07,of,of,1
15791,n03-066-05-00,being,being,1
15792,n03-066-05-01,flung,hung,0
15793,n03-066-05-02,against,against,1
15794,n03-066-05-03,the,the,1
15795,n03-066-05-04,huge,huge,1
15796,n03-066-05-05,boulders,boulder,0
15797,n03-066-05-06,did,did,1
15798,n03-066-05-07,the,the,1
15799,n03-066-05-08,judge,judge,1
15800,n03-066-06-00,empty,empty,1
15801,n03-066-06-01,his,his,1
15802,n03-066-06-02,lungs,lungs,1
15803,n03-066-06-03,of,of,1
15804,n03-066-06-04,stifling,stifling,1
15805,n03-066-06-05,air,ai,0
15806,n03-066-06-06,and,and,1
15807,n03-066-06-07,refill,refill,1
15808,n03-066-06-08,them,them,1
15809,n03-066-07-00,with,with,1
15810,n03-066-07-01,part,part,1
15811,n03-066-07-02,of,of,1
15812,n03-066-07-03,that,that,1
15813,n03-066-07-04,howling,howling,1
15814,n03-066-07-05,northwest,northers,0
15815,n03-066-07-06,gale,gale,1
15816,n03-066-07-07,.,.,1
15817,n03-097-00-00,"""","""",1
15818,n03-097-00-01,My,any,0
15819,n03-097-00-02,God,God,1
15820,n03-097-00-03,!,!,1
15821,n03-097-00-04,"""","""",1
15822,n03-097-00-05,the,the,1
15823,n03-097-00-06,judge,judge,1
15824,n03-097-00-07,cried,vied,0
15825,n03-097-00-08,out,out,1
15826,n03-097-00-09,.,.,1
15827,n03-097-00-10,"""","""",1
15828,n03-097-00-11,The,The,1
15829,n03-097-00-12,boy,boy,1
15830,n03-097-01-00,is,is,1
15831,n03-097-01-01,going,going,1
15832,n03-097-01-02,to,to,1
15833,n03-097-01-03,try,try,1
15834,n03-097-01-04,to,to,1
15835,n03-097-01-05,make,make,1
15836,n03-097-01-06,a,a,1
15837,n03-097-01-07,landing,landing,1
15838,n03-097-01-08,on,on,1
15839,n03-097-01-09,the,the,1
15840,n03-097-03-00,Willie,Willie,1
15841,n03-097-03-01,Kim,him,0
15842,n03-097-03-02,was,was,1
15843,n03-097-03-03,speechless,speechless,1
15844,n03-097-03-04,",",I,0
15845,n03-097-03-05,only,only,1
15846,n03-097-03-06,his,his,1
15847,n03-097-03-07,slant,slant,1
15848,n03-097-04-00,black,black,1
15849,n03-097-04-01,eyes,eyes,1
15850,n03-097-04-02,showing,whooping,0
15851,n03-097-04-03,any,any,1
15852,n03-097-04-04,emotion,emotion,1
15853,n03-097-04-05,.,.,1
15854,n03-097-04-06,With,with,0
15855,n03-097-04-07,a,a,1
15856,n03-097-05-00,quick,quick,1
15857,n03-097-05-01,shift,shift,1
15858,n03-097-05-02,of,of,1
15859,n03-097-05-03,tiller,Hitler,0
15860,n03-097-05-04,",",I,0
15861,n03-097-05-05,and,and,1
15862,n03-097-05-06,at,at,1
15863,n03-097-05-07,the,the,1
15864,n03-097-05-08,same,same,1
15865,n03-097-05-09,time,time,1
15866,n03-097-06-00,jibbing,Sibling,0
15867,n03-097-06-01,the,the,1
15868,n03-097-06-02,boom,boom,1
15869,n03-097-06-03,to,to,1
15870,n03-097-06-04,which,which,1
15871,n03-097-06-05,he,he,1
15872,n03-097-06-06,had,had,1
15873,n03-097-06-07,the,the,1
15874,n03-097-07-00,stay,stay,1
15875,n03-097-07-01,rope,rope,1
15876,n03-097-07-02,fastened,fastened,1
15877,n03-097-07-03,",",",",1
15878,n03-097-07-04,Bill,Bill,1
15879,n03-097-07-05,made,made,1
15880,n03-097-07-06,the,the,1
15881,n03-097-08-00,yawl,last,0
15882,n03-097-08-01,recover,recover,1
15883,n03-097-08-02,.,.,1
15884,n03-103-00-00,It,at,0
15885,n03-103-00-01,seemed,seemed,1
15886,n03-103-00-02,to,to,1
15887,n03-103-00-03,the,the,1
15888,n03-103-00-04,frightened,frightened,1
15889,n03-103-00-05,judge,judge,1
15890,n03-103-01-00,as,as,1
15891,n03-103-01-01,though,though,1
15892,n03-103-01-02,his,his,1
15893,n03-103-01-03,son,sow,0
15894,n03-103-01-04,would,would,1
15895,n03-103-01-05,actually,actually,1
15896,n03-103-02-00,shoot,shoot,1
15897,n03-103-02-01,the,the,1
15898,n03-103-02-02,craft,craft,1
15899,n03-103-02-03,in,in,1
15900,n03-103-02-04,under,under,1
15901,n03-103-02-05,the,the,1
15902,n03-103-02-06,outer,outer,1
15903,n03-103-03-00,end,end,1
15904,n03-103-03-01,of,of,1
15905,n03-103-03-02,the,the,1
15906,n03-103-03-03,wharf,what,0
15907,n03-103-03-04,.,.,1
15908,n03-103-03-05,But,But,1
15909,n03-103-03-06,by,by,1
15910,n03-103-03-07,pressing,pressing,1
15911,n03-103-04-00,the,the,1
15912,n03-103-04-01,tiller,filler,0
15913,n03-103-04-02,hard,had,0
15914,n03-103-04-03,over,over,1
15915,n03-103-04-04,and,and,1
15916,n03-103-04-05,at,at,1
15917,n03-103-04-06,the,the,1
15918,n03-103-05-00,same,same,1
15919,n03-103-05-01,time,time,1
15920,n03-103-05-02,dropping,dropping,1
15921,n03-103-05-03,the,the,1
15922,n03-103-05-04,small,small,1
15923,n03-103-05-05,sheet,sheet,1
15924,n03-103-06-00,of,of,1
15925,n03-103-06-01,wet,wet,1
15926,n03-103-06-02,canvas,canvas,1
15927,n03-103-06-03,",",",",1
15928,n03-103-06-04,Bill,Bill,1
15929,n03-103-06-05,cleared,cleared,1
15930,n03-103-06-06,the,the,1
15931,n03-103-07-00,corner,corner,1
15932,n03-103-07-01,of,of,1
15933,n03-103-07-02,the,the,1
15934,n03-103-07-03,pier,pies,0
15935,n03-103-07-04,by,by,1
15936,n03-103-07-05,inches,inches,1
15937,n03-103-07-06,",",),0
15938,n03-103-07-07,and,and,1
15939,n03-103-08-00,with,with,1
15940,n03-103-08-01,the,the,1
15941,n03-103-08-02,tiller,tiller,1
15942,n03-103-08-03,still,still,1
15943,n03-103-08-04,hard,had,0
15944,n03-103-08-05,over,over,1
15945,n03-103-08-06,",",",",1
15946,n03-103-08-07,brought,brought,1
15947,n03-103-09-00,the,the,1
15948,n03-103-09-01,yawl,your,0
15949,n03-103-09-02,up,up,1
15950,n03-103-09-03,against,against,1
15951,n03-103-09-04,the,the,1
15952,n03-103-09-05,waves,waves,1
15953,n03-106-01-00,"""","""",1
15954,n03-106-01-01,that,that,1
15955,n03-106-01-02,was,has,0
15956,n03-106-01-03,as,as,1
15957,n03-106-01-04,pretty,pretty,1
15958,n03-106-01-05,a,a,1
15959,n03-106-01-06,piece,piece,1
15960,n03-106-01-07,of,of,1
15961,n03-106-01-08,seamans-,reahuan-,0
15962,n03-106-02-00,hip,hip,1
15963,n03-106-02-01,as,as,1
15964,n03-106-02-02,I,I,1
15965,n03-106-02-03,ever,ever,1
15966,n03-106-02-04,saw,Y.,0
15967,n03-106-02-05,.,.,1
15968,n03-106-02-06,That,That,1
15969,n03-106-02-07,boy,boy,1
15970,n03-106-02-08,of,of,1
15971,n03-106-03-00,mine,missed,0
15972,n03-106-03-01,seems,seems,1
15973,n03-106-03-02,to,to,1
15974,n03-106-03-03,know,know,1
15975,n03-106-03-04,how,how,1
15976,n03-106-03-05,to,to,1
15977,n03-106-03-06,do,do,1
15978,n03-106-04-00,everything,everything,1
15979,n03-106-04-01,",",",",1
15980,n03-106-04-02,when,when,1
15981,n03-106-04-03,he,he,1
15982,n03-106-04-04,wants,wants,1
15983,n03-106-04-05,to,to,1
15984,n03-106-04-06,.,",",0
15985,n03-106-04-07,"""","""",1
15986,n03-106-05-00,"""","""",1
15987,n03-106-05-01,3Naw,Ian,0
15988,n03-106-05-02,",",",",1
15989,n03-106-05-03,"""","""",1
15990,n03-106-05-04,disputed,disputed,1
15991,n03-106-05-05,Willie,Willie,1
15992,n03-106-05-06,.,",",0
15993,n03-106-05-07,"3""",30,0
15994,n03-106-05-08,Just,burst,0
15995,n03-106-06-00,play,play,1
15996,n03-106-06-01,in,in,1
15997,n03-106-06-02,damn,damn,1
15998,n03-106-06-03,fine,fine,1
15999,n03-106-06-04,luck,luck,1
16000,n03-106-06-05,this,this,1
16001,n03-106-06-06,time,time,1
16002,n03-106-06-07,.,.,1
16003,n03-106-07-00,He,He,1
16004,n03-106-07-01,plenty,plenty,1
16005,n03-106-07-02,smart,lunar,0
16006,n03-106-07-03,though,though,1
16007,n03-106-07-04,.,.,1
16008,n03-106-07-05,"""","""",1
16009,n03-106-07-06,As,is,0
16010,n03-106-07-07,they,they,1
16011,n03-106-08-00,reached,ached,0
16012,n03-106-08-01,the,the,1
16013,n03-106-08-02,pier,pier,1
16014,n03-106-08-03,",",",",1
16015,n03-106-08-04,the,the,1
16016,n03-106-08-05,judge,rupee,0
16017,n03-106-08-06,on,our,0
16018,n03-106-08-07,legs,bet,0
16019,n03-106-09-00,that,that,1
16020,n03-106-09-01,were,were,1
16021,n03-106-09-02,a,a,1
16022,n03-106-09-03,little,little,1
16023,n03-106-09-04,unsteady,instead,0
16024,n03-106-09-05,",",",",1
16025,n03-106-09-06,they,they,1
16026,n03-106-10-00,found,found,1
16027,n03-106-10-01,Bueno,Bueno,1
16028,n03-106-10-02,Buck,Buck,1
16029,n03-106-10-03,",",",",1
16030,n03-106-10-04,now,now,1
16031,n03-106-10-05,on,on,1
16032,n03-106-10-06,the,the,1
16033,n03-113-01-00,weren't,weren't,1
16034,n03-113-01-01,worried,wounded,0
16035,n03-113-01-02,.,.,1
16036,n03-113-01-03,We,We,1
16037,n03-113-01-04,'re,in,0
16038,n03-113-01-05,going,going,1
16039,n03-113-01-06,to,to,1
16040,n03-113-02-00,drag,dry,0
16041,n03-113-02-01,the,the,1
16042,n03-113-02-02,boat,boat,1
16043,n03-113-02-03,ashore,those,0
16044,n03-113-02-04,and,and,1
16045,n03-113-02-05,turn,turn,1
16046,n03-113-03-00,her,her,1
16047,n03-113-03-01,over,over,1
16048,n03-113-03-02,.,.,1
16049,n03-113-03-03,She,the,0
16050,n03-113-03-04,has,has,1
16051,n03-113-03-05,a,a,1
16052,n03-113-03-06,foot,foot,1
16053,n03-113-03-07,of,of,1
16054,n03-113-04-00,water,rate,0
16055,n03-113-04-01,in,in,1
16056,n03-113-04-02,her,her,1
16057,n03-113-04-03,.,.,1
16058,n03-113-04-04,I,I,1
16059,n03-113-04-05,wouldn't,wouldn't,1
16060,n03-113-04-06,be,he,0
16061,n03-113-05-00,surprised,Surprised,0
16062,n03-113-05-01,if,if,1
16063,n03-113-05-02,we,be,0
16064,n03-113-05-03,broke,broke,1
16065,n03-113-05-04,all,all,1
16066,n03-113-06-00,speed,spread,0
16067,n03-113-06-01,records,records,1
16068,n03-113-06-02,on,on,1
16069,n03-113-06-03,the,He,0
16070,n03-113-06-04,way,way,1
16071,n03-113-06-05,in,in,1
16072,n03-113-06-06,.,.,1
16073,n03-113-07-00,Yes,for,0
16074,n03-113-07-01,sir,sir,1
16075,n03-113-07-02,",",",",1
16076,n03-113-07-03,I,I,1
16077,n03-113-07-04,am,an,0
16078,n03-113-07-05,slightly,slightly,1
16079,n03-113-07-06,wet,wet,1
16080,n03-113-07-07,",",",",1
16081,n03-113-07-08,and,and,1
16082,n03-113-08-00,Buck,Suck,0
16083,n03-113-08-01,would,would,1
16084,n03-113-08-02,be,be,1
16085,n03-113-08-03,wetter,wetter,1
16086,n03-113-08-04,if,if,1
16087,n03-113-08-05,he,he,1
16088,n03-113-09-00,had,had,1
16089,n03-113-09-01,more,more,1
16090,n03-113-09-02,clothes,hotter,0
16091,n03-113-09-03,on,on,1
16092,n03-113-09-04,.,.,1
16093,n03-113-09-05,"""",4,0
16094,n03-120-00-00,With,With,1
16095,n03-120-00-01,four,four,1
16096,n03-120-00-02,doing,doing,1
16097,n03-120-00-03,the,the,1
16098,n03-120-00-04,job,job,1
16099,n03-120-00-05,and,and,1
16100,n03-120-00-06,the,the,1
16101,n03-120-00-07,waves,waves,1
16102,n03-120-02-00,dragged,dragged,1
16103,n03-120-02-01,out,out,1
16104,n03-120-02-02,but,but,1
16105,n03-120-02-03,before,before,1
16106,n03-120-02-04,it,it,1
16107,n03-120-02-05,was,was,1
16108,n03-120-02-06,turned,turned,1
16109,n03-120-03-00,over,over,1
16110,n03-120-03-01,Bueno,Bueno,1
16111,n03-120-03-02,Buck,such,0
16112,n03-120-03-03,reached,reached,1
16113,n03-120-03-04,into,into,1
16114,n03-120-03-05,the,the,1
16115,n03-120-03-06,foot,foot,1
16116,n03-120-04-00,of,of,1
16117,n03-120-04-01,water,water,1
16118,n03-120-04-02,",",",",1
16119,n03-120-04-03,tossed,tossed,1
16120,n03-120-04-04,out,out,1
16121,n03-120-04-05,a,a,1
16122,n03-120-04-06,string,string,1
16123,n03-120-04-07,of,of,1
16124,n03-120-04-08,silvery,misery,0
16125,n03-120-05-00,lake,take,0
16126,n03-120-05-01,trout,front,0
16127,n03-120-05-02,and,and,1
16128,n03-120-05-03,said,said,1
16129,n03-120-05-04,-,-,1
16130,n03-120-05-05,"3""",34,0
16131,n03-120-05-06,Bill,Bill,1
16132,n03-120-05-07,",",",",1
16133,n03-120-05-08,he,he,1
16134,n03-120-05-09,'s,'s,1
16135,n03-120-05-10,better,better,1
16136,n03-120-06-00,man,man,1
16137,n03-120-06-01,at,at,1
16138,n03-120-06-02,catch,catch,1
16139,n03-120-06-03,'em,mm,0
16140,n03-120-06-04,than,than,1
16141,n03-120-06-05,Injun,Injun,1
16142,n03-120-06-06,",",",",1
16143,n03-120-06-07,Judge,judge,0
16144,n03-120-06-08,.,.,1
16145,n03-120-07-00,You,You,1
16146,n03-120-07-01,look,look,1
16147,n03-120-07-02,.,.,1
16148,n03-120-07-03,Little,little,0
16149,n03-120-07-04,one,one,1
16150,n03-120-07-05,more,more,1
16151,n03-120-07-06,as,as,1
16152,n03-120-07-07,fifteen,fifteen,1
16153,n03-120-08-00,inches,inches,1
16154,n03-120-08-01,.,.,1
16155,n03-120-08-02,Maybe,maybe,0
16156,n03-120-08-03,big,by,0
16157,n03-120-08-04,one,one,1
16158,n03-120-08-05,four,four,1
16159,n03-120-08-06,feet,feet,1
16160,n03-120-08-07,",",I,0
16161,n03-120-09-00,huh,has,0
16162,n03-120-09-01,?,2,0
16163,n03-120-09-02,"""","""",1
16164,n03-126-00-00,"""","""",1
16165,n03-126-00-01,By,By,1
16166,n03-126-00-02,George,George,1
16167,n03-126-00-03,",",",",1
16168,n03-126-00-04,that,that,1
16169,n03-126-00-05,is,is,1
16170,n03-126-00-06,a,a,1
16171,n03-126-00-07,beautiful,beautiful,1
16172,n03-126-00-08,string,offing,0
16173,n03-126-00-09,of,if,0
16174,n03-126-00-10,fish,fish,1
16175,n03-126-00-11,!,!,1
16176,n03-126-00-12,"""","""",1
16177,n03-126-01-00,exclaimed,exclaimed,1
16178,n03-126-01-01,the,the,1
16179,n03-126-01-02,judge,judge,1
16180,n03-126-01-03,.,.,1
16181,n03-126-01-04,"""","""",1
16182,n03-126-01-05,Toss,Toss,1
16183,n03-126-01-06,them,them,1
16184,n03-126-01-07,on,on,1
16185,n03-126-01-08,the,the,1
16186,n03-126-01-09,grass,Pagan,0
16187,n03-126-03-00,few,fer,0
16188,n03-126-03-01,moments,moments,1
16189,n03-126-03-02,later,later,1
16190,n03-126-03-03,the,the,1
16191,n03-126-03-04,yawl,yawl,1
16192,n03-126-03-05,was,was,1
16193,n03-126-03-06,upside,eyposide,0
16194,n03-126-04-00,down,down,1
16195,n03-126-04-01,",",",",1
16196,n03-126-04-02,exposing,exposing,1
16197,n03-126-04-03,its,its,1
16198,n03-126-04-04,shallow,shallow,1
16199,n03-126-04-05,keel,keel,1
16200,n03-126-04-06,.,.,1
16201,n04-000-00-00,Bertram's,Berra's,0
16202,n04-000-00-01,face,face,1
16203,n04-000-00-02,was,was,1
16204,n04-000-00-03,grim,grim,1
16205,n04-000-00-04,.,.,1
16206,n04-000-00-05,"""","""",1
16207,n04-000-00-06,You,You,1
16208,n04-000-00-07,think,think,1
16209,n04-000-00-08,it,it,1
16210,n04-000-00-09,was,was,1
16211,n04-000-00-10,the,the,1
16212,n04-000-00-11,Snort,sort,0
16213,n04-000-00-12,",",",",1
16214,n04-000-01-00,don't,don't,1
16215,n04-000-01-01,you,you,1
16216,n04-000-01-02,?,?,1
16217,n04-000-01-03,"""","""",1
16218,n04-000-01-04,John,John,1
16219,n04-000-01-05,gave,gave,1
16220,n04-000-01-06,a,a,1
16221,n04-000-01-07,short,short,1
16222,n04-000-01-08,laugh,lange,0
16223,n04-000-01-09,.,.,1
16224,n04-000-01-10,"""","""",1
16225,n04-000-01-11,I,I,1
16226,n04-000-01-12,did,did,1
16227,n04-000-01-13,",",",",1
16228,n04-000-01-14,"""","""",1
16229,n04-000-01-15,he,he,1
16230,n04-000-02-00,said,said,1
16231,n04-000-02-01,;,;,1
16232,n04-000-02-02,"""","""",1
16233,n04-000-02-03,but,but,1
16234,n04-000-02-04,I,I,1
16235,n04-000-02-05,'d,'d,1
16236,n04-000-02-06,better,better,1
16237,n04-000-02-07,stop,stop,1
16238,n04-000-02-08,thinking,thinking,1
16239,n04-000-02-09,that,that,1
16240,n04-000-02-10,now,now,1
16241,n04-000-02-11,.,.,1
16242,n04-000-03-00,Pericles,Pericles,1
16243,n04-000-03-01,is,is,1
16244,n04-000-03-02,fitted,fitting,0
16245,n04-000-03-03,with,with,1
16246,n04-000-03-04,an,an,1
16247,n04-000-03-05,identically,identically,1
16248,n04-000-03-06,similar,similar,1
16249,n04-000-03-07,one,one,1
16250,n04-000-03-08,.,.,1
16251,n04-000-03-09,"""","""",1
16252,n04-000-04-00,"""","""",1
16253,n04-000-04-01,So,so,0
16254,n04-000-04-02,there,there,1
16255,n04-000-04-03,you,you,1
16256,n04-000-04-04,are,are,1
16257,n04-000-04-05,",",",",1
16258,n04-000-04-06,my,my,1
16259,n04-000-04-07,dear,dear,1
16260,n04-000-04-08,.,.,1
16261,n04-000-04-09,"""","""",1
16262,n04-000-04-10,Peggy,began,0
16263,n04-000-04-11,'s,is,0
16264,n04-000-04-12,eyes,eyes,1
16265,n04-000-04-13,filled,filled,1
16266,n04-000-05-00,with,with,1
16267,n04-000-05-01,tears,tears,1
16268,n04-000-05-02,.,.,1
16269,n04-000-05-03,"""","""",1
16270,n04-000-05-04,It,It,1
16271,n04-000-05-05,'s,'s,1
16272,n04-000-05-06,so,so,1
16273,n04-000-05-07,unfair,unfair,1
16274,n04-000-05-08,",",",",1
16275,n04-000-05-09,"""","""",1
16276,n04-000-05-10,she,she,1
16277,n04-000-05-11,said,said,1
16278,n04-000-05-12,.,.,1
16279,n04-009-00-00,"""","""",1
16280,n04-009-00-01,That,That,1
16281,n04-009-00-02,little,little,1
16282,n04-009-00-03,beast,beast,1
16283,n04-009-00-04,Robbie,Robbie,1
16284,n04-009-00-05,Munyard,Ranyard,0
16285,n04-009-00-06,spent,spent,1
16286,n04-009-00-07,six,six,1
16287,n04-009-01-00,months,months,1
16288,n04-009-01-01,ashore,ashore,1
16289,n04-009-01-02,while,while,1
16290,n04-009-01-03,Pericles,Pericles,1
16291,n04-009-01-04,was,was,1
16292,n04-009-01-05,refitting,befitting,0
16293,n04-009-01-06,in,in,1
16294,n04-009-01-07,the,the,1
16295,n04-009-02-00,dockyard,dockyard,1
16296,n04-009-02-01,and,and,1
16297,n04-009-02-02,now,now,1
16298,n04-009-02-03,that,fat,0
16299,n04-009-02-04,she,she,1
16300,n04-009-02-05,'s,'s,1
16301,n04-009-02-06,ready,ready,1
16302,n04-009-02-07,for,for,1
16303,n04-009-02-08,sea,new,0
16304,n04-009-02-09,he,he,1
16305,n04-009-02-10,goes,goes,1
16306,n04-009-03-00,sick,risk,0
16307,n04-009-03-01,.,.,1
16308,n04-009-03-02,Just,just,0
16309,n04-009-03-03,because,because,1
16310,n04-009-03-04,he,he,1
16311,n04-009-03-05,'s,'s,1
16312,n04-009-03-06,an,an,1
16313,n04-009-03-07,Honourable,favourable,0
16314,n04-009-03-08,he,he,1
16315,n04-009-03-09,can,can,1
16316,n04-009-03-10,do,do,1
16317,n04-009-04-00,what,what,1
16318,n04-009-04-01,he,he,1
16319,n04-009-04-02,likes,likes,1
16320,n04-009-04-03,.,.,1
16321,n04-009-04-04,Anyway,Anyway,1
16322,n04-009-04-05,",",",",1
16323,n04-009-04-06,why,why,1
16324,n04-009-04-07,pick,pink,0
16325,n04-009-04-08,on,on,1
16326,n04-009-04-09,you,you,1
16327,n04-009-04-10,to,to,1
16328,n04-009-04-11,succeed,succeed,1
16329,n04-048-01-00,famous,famous,1
16330,n04-048-01-01,Portsmouth,Bostrmanth,0
16331,n04-048-01-02,hostelry,hostelry,1
16332,n04-048-01-03,",",",",1
16333,n04-048-01-04,second,second,1
16334,n04-048-01-05,only,only,1
16335,n04-048-01-06,in,in,1
16336,n04-048-01-07,historic,historic,1
16337,n04-048-02-00,interest,interest,1
16338,n04-048-02-01,to,to,1
16339,n04-048-02-02,The,the,0
16340,n04-048-02-03,George,George,1
16341,n04-048-02-04,",",",",1
16342,n04-048-02-05,unhappily,unhappily,1
16343,n04-048-02-06,destroyed,destroyed,1
16344,n04-048-02-07,by,by,1
16345,n04-048-02-08,German,German,1
16346,n04-048-03-00,bombs,comes,0
16347,n04-048-03-01,during,during,1
16348,n04-048-03-02,the,the,1
16349,n04-048-03-03,last,last,1
16350,n04-048-03-04,war,war,1
16351,n04-048-03-05,.,.,1
16352,n04-048-03-06,Having,Having,1
16353,n04-048-03-07,deposited,deposited,1
16354,n04-048-03-08,his,his,1
16355,n04-048-04-00,baggage,baggage,1
16356,n04-048-04-01,and,and,1
16357,n04-048-04-02,unpacked,embarked,0
16358,n04-048-04-03,his,his,1
16359,n04-048-04-04,overnight-bag,overnight-biog,0
16360,n04-048-04-05,he,he,1
16361,n04-048-05-00,went,went,1
16362,n04-048-05-01,in,in,1
16363,n04-048-05-02,search,search,1
16364,n04-048-05-03,of,of,1
16365,n04-048-05-04,a,a,1
16366,n04-048-05-05,drink,drink,1
16367,n04-048-05-06,.,.,1
16368,n04-048-05-07,The,The,1
16369,n04-048-05-08,lower,lower,1
16370,n04-048-05-09,bar,bar,1
16371,n04-048-05-10,was,was,1
16372,n04-048-06-00,empty,empty,1
16373,n04-048-06-01,",",I,0
16374,n04-048-06-02,save,save,1
16375,n04-048-06-03,for,for,1
16376,n04-048-06-04,the,the,1
16377,n04-048-06-05,lady,lady,1
16378,n04-048-06-06,known,known,1
16379,n04-048-06-07,by,by,1
16380,n04-048-06-08,all,all,1
16381,n04-048-06-09,habitue,habitat,0
16382,n04-048-08-00,man,man,1
16383,n04-048-08-01,who,who,1
16384,n04-048-08-02,was,was,1
16385,n04-048-08-03,staring,storing,0
16386,n04-048-08-04,moodily,moodily,1
16387,n04-048-08-05,into,into,1
16388,n04-048-08-06,a,a,1
16389,n04-048-08-07,gin,girl,0
16390,n04-048-09-00,and,and,1
16391,n04-048-09-01,tonic,basic,0
16392,n04-048-09-02,.,.,1
16393,n04-052-01-00,must,must,1
16394,n04-052-01-01,have,have,1
16395,n04-052-01-02,been,been,1
16396,n04-052-01-03,worth,worth,1
16397,n04-052-01-04,a,a,1
16398,n04-052-01-05,great,great,1
16399,n04-052-01-06,deal,deal,1
16400,n04-052-01-07,to,to,1
16401,n04-052-01-08,the,the,1
16402,n04-052-01-09,proprietors,proprietors,1
16403,n04-052-02-00,of,of,1
16404,n04-052-02-01,the,the,1
16405,n04-052-02-02,hotel,hand,0
16406,n04-052-02-03,.,.,1
16407,n04-052-02-04,She,She,1
16408,n04-052-02-05,greeted,greeted,1
16409,n04-052-02-06,John,John,1
16410,n04-052-02-07,",",",",1
16411,n04-052-02-08,however,however,1
16412,n04-052-02-09,",",",",1
16413,n04-052-02-10,with,with,1
16414,n04-052-02-11,less,less,1
16415,n04-052-03-00,than,than,1
16416,n04-052-03-01,her,her,1
16417,n04-052-03-02,usual,usual,1
16418,n04-052-03-03,cordiality,carnality,0
16419,n04-052-03-04,and,and,1
16420,n04-052-03-05,flashed,flashed,1
16421,n04-052-03-06,a,a,1
16422,n04-052-03-07,warning,warning,1
16423,n04-052-04-00,glance,glance,1
16424,n04-052-04-01,at,at,1
16425,n04-052-04-02,him,him,1
16426,n04-052-04-03,.,.,1
16427,n04-052-04-04,Evidently,Evidently,1
16428,n04-052-04-05,the,the,1
16429,n04-052-04-06,other,other,1
16430,n04-052-04-07,occupant,occupant,1
16431,n04-052-05-00,of,of,1
16432,n04-052-05-01,the,the,1
16433,n04-052-05-02,bar,bar,1
16434,n04-052-05-03,was,was,1
16435,n04-052-05-04,not,not,1
16436,n04-052-05-05,6persona,persona,0
16437,n04-052-05-06,grata,grata,1
16438,n04-052-05-07,.,.,1
16439,n04-052-05-08,If,It,0
16440,n04-052-05-09,her,her,1
16441,n04-052-08-00,gin,air,0
16442,n04-052-08-01,?,?,1
16443,n04-052-08-02,"""","""",1
16444,n04-052-08-03,He,He,1
16445,n04-052-08-04,turned,turned,1
16446,n04-052-08-05,to,to,1
16447,n04-052-08-06,Seaweed,Searreed,0
16448,n04-052-08-07,-,-,1
16449,n04-060-00-00,"""","""",1
16450,n04-060-00-01,Make,Make,1
16451,n04-060-00-02,it,it,1
16452,n04-060-00-03,a,a,1
16453,n04-060-00-04,large,large,1
16454,n04-060-00-05,one,are,0
16455,n04-060-00-06,",",",",1
16456,n04-060-00-07,darling,darling,1
16457,n04-060-00-08,.,.,1
16458,n04-060-00-09,I,I,1
16459,n04-060-00-10,know,know,1
16460,n04-060-00-11,the,the,1
16461,n04-060-00-12,naval,naval,1
16462,n04-060-01-00,habits,habits,1
16463,n04-060-01-01,.,.,1
16464,n04-060-01-02,',"""",0
16465,n04-060-01-03,Drink,Brink,0
16466,n04-060-01-04,gin,gin,1
16467,n04-060-01-05,and,and,1
16468,n04-060-01-06,call,call,1
16469,n04-060-01-07,each,each,1
16470,n04-060-01-08,other,other,1
16471,n04-060-01-09,wallahs,wallakes,0
16472,n04-060-01-10,",",",",1
16473,n04-060-03-00,from,from,1
16474,n04-060-03-01,a,a,1
16475,n04-060-03-02,visit,visit,1
16476,n04-060-03-03,to,to,1
16477,n04-060-03-04,the,the,1
16478,n04-060-03-05,Royal,Royal,1
16479,n04-060-03-06,Navy,Mary,0
16480,n04-060-03-07,.,.,1
16481,n04-060-03-08,Submarines,submarines,0
16482,n04-060-03-09,",",",",1
16483,n04-060-03-10,what,what,1
16484,n04-060-03-11,.,.,1
16485,n04-060-04-00,Youngest,youngest,0
16486,n04-060-04-01,D.S.C.,U.S.C.,0
16487,n04-060-04-02,in,in,1
16488,n04-060-04-03,the,the,1
16489,n04-060-04-04,war,war,1
16490,n04-060-04-05,",",",",1
16491,n04-060-04-06,what,what,1
16492,n04-060-04-07,?,?,1
16493,n04-060-04-08,Crawled,ruled,0
16494,n04-060-05-00,inside,inside,1
16495,n04-060-05-01,a,a,1
16496,n04-060-05-02,submarine,submarine,1
16497,n04-060-05-03,casing,causing,0
16498,n04-060-05-04,to,to,1
16499,n04-060-05-05,defuse,refuse,0
16500,n04-060-05-06,a,a,1
16501,n04-060-05-07,Jerry,Ferry,0
16502,n04-060-06-00,bomb,bomb,1
16503,n04-060-06-01,.,",",0
16504,n04-060-06-02,Should,should,0
16505,n04-060-06-03,have,have,1
16506,n04-060-06-04,been,been,1
16507,n04-060-06-05,a,a,1
16508,n04-060-06-06,V.C.,W.,0
16509,n04-068-01-00,obviously,obviously,1
16510,n04-068-01-01,thirsty,thirsty,1
16511,n04-068-01-02,.,.,1
16512,n04-068-01-03,"""","""",1
16513,n04-068-01-04,John,John,1
16514,n04-068-01-05,fought,caught,0
16515,n04-068-01-06,back,back,1
16516,n04-068-01-07,his,his,1
16517,n04-068-02-00,inherited,inherited,1
16518,n04-068-02-01,desire,desire,1
16519,n04-068-02-02,to,to,1
16520,n04-068-02-03,snub,smile,0
16521,n04-068-02-04,the,the,1
16522,n04-068-02-05,man,man,1
16523,n04-068-02-06,.,"""",0
16524,n04-068-02-07,If,If,1
16525,n04-068-02-08,he,he,1
16526,n04-068-02-09,did,did,1
16527,n04-068-02-10,he,he,1
16528,n04-068-03-00,would,would,1
16529,n04-068-03-01,have,have,1
16530,n04-068-03-02,to,to,1
16531,n04-068-03-03,leave,leave,1
16532,n04-068-03-04,the,the,1
16533,n04-068-03-05,bar,hear,0
16534,n04-068-03-06,and,and,1
16535,n04-068-03-07,either,either,1
16536,n04-068-03-08,sit,sit,1
16537,n04-068-03-09,in,in,1
16538,n04-068-04-00,the,the,1
16539,n04-068-04-01,lounge,lodge,0
16540,n04-068-04-02,or,as,0
16541,n04-068-04-03,return,return,1
16542,n04-068-04-04,to,to,1
16543,n04-068-04-05,his,his,1
16544,n04-068-04-06,bedroom,bedroom,1
16545,n04-068-04-07,.,.,1
16546,n04-068-05-00,Seaweed,learned,0
16547,n04-068-05-01,sensed,sensed,1
16548,n04-068-05-02,his,his,1
16549,n04-068-05-03,embarrassment,cmbremasement,0
16550,n04-068-05-04,and,and,1
16551,n04-068-06-00,came,came,1
16552,n04-068-06-01,to,to,1
16553,n04-068-06-02,the,the,1
16554,n04-068-06-03,rescue,rescue,1
16555,n04-068-06-04,.,.,1
16556,n04-068-06-05,"""","""",1
16557,n04-068-06-06,You,You,1
16558,n04-068-06-07,haven't,haven't,1
16559,n04-068-06-08,introduced,introduced,1
16560,n04-068-07-00,yourself,yourself,1
16561,n04-068-07-01,",",",",1
16562,n04-068-07-02,"""",a,0
16563,n04-068-07-03,she,she,1
16564,n04-068-07-04,said,said,1
16565,n04-068-07-05,with,with,1
16566,n04-068-07-06,mock,mock,1
16567,n04-068-07-07,severity,severity,1
16568,n04-068-07-08,.,.,1
16569,n04-075-03-00,nature,nature,1
16570,n04-075-03-01,-,-,1
16571,n04-075-03-02,I,I,1
16572,n04-075-03-03,assumed,armed,0
16573,n04-075-03-04,that,that,1
16574,n04-075-03-05,you,you,1
16575,n04-075-03-06,both,bath,0
16576,n04-075-03-07,knew,knew,1
16577,n04-075-03-08,who,who,1
16578,n04-075-03-09,I,I,1
16579,n04-075-07-00,in,in,1
16580,n04-075-07-01,the,the,1
16581,n04-075-07-02,Daily,family,0
16582,n04-075-07-03,Courier,Courier,1
16583,n04-075-07-04,.,.,1
16584,n04-084-02-00,He,He,1
16585,n04-084-02-01,held,held,1
16586,n04-084-02-02,out,out,1
16587,n04-084-02-03,his,his,1
16588,n04-084-02-04,hand,hand,1
16589,n04-084-02-05,and,and,1
16590,n04-084-02-06,John,John,1
16591,n04-084-02-07,could,could,1
16592,n04-084-02-08,not,not,1
16593,n04-084-02-09,do,do,1
16594,n04-084-04-00,Commander,Commander,1
16595,n04-084-04-01,",",",",1
16596,n04-084-04-02,"""","""",1
16597,n04-084-04-03,he,he,1
16598,n04-084-04-04,said,said,1
16599,n04-084-04-05,.,.,1
16600,n04-084-04-06,"""","""",1
16601,n04-084-04-07,Now,Now,1
16602,n04-084-04-08,what,what,1
16603,n04-084-04-09,about,about,1
16604,n04-084-04-10,that,that,1
16605,n04-084-06-00,one,one,1
16606,n04-084-06-01,in,in,1
16607,n04-084-06-02,return,return,1
16608,n04-084-06-03,and,and,1
16609,n04-084-06-04,he,he,1
16610,n04-084-06-05,was,was,1
16611,n04-084-06-06,lonely,lonely,1
16612,n04-084-06-07,.,.,1
16613,n04-092-03-00,a,a,1
16614,n04-092-03-01,Lieutenant-Commander,diaernt-hownder,0
16615,n04-092-03-02,.,.,1
16616,n04-092-03-03,Perhaps,perhaps,0
16617,n04-092-03-04,we,be,0
16618,n04-092-03-05,could,could,1
16619,n04-092-04-00,drop,drop,1
16620,n04-092-04-01,the,the,1
16621,n04-092-04-02,rank,rank,1
16622,n04-092-04-03,-,-,1
16623,n04-092-04-04,such,such,1
16624,n04-092-04-05,a,a,1
16625,n04-092-04-06,mouthful,mouthful,1
16626,n04-092-04-07,!,!,1
16627,n04-092-04-08,"""","""",1
16628,n04-092-04-09,"""","""",1
16629,n04-092-04-10,You,You,1
16630,n04-092-04-11,'re,'re,1
16631,n04-092-06-00,his,his,1
16632,n04-092-06-01,glass,glass,1
16633,n04-092-06-02,.,.,1
16634,n04-092-06-03,"""","""",1
16635,n04-092-06-04,Fill,Fill,1
16636,n04-092-06-05,it,it,1
16637,n04-092-06-06,up,up,1
16638,n04-092-06-07,",",',0
16639,n04-092-06-08,darling,parking,0
16640,n04-092-06-09,.,.,1
16641,n04-092-06-10,Accuracy,Accuracy,1
16642,n04-092-06-11,above,above,1
16643,n04-092-07-00,all,all,1
16644,n04-092-07-01,else,else,1
16645,n04-092-07-02,.,.,1
16646,n04-092-07-03,We,We,1
16647,n04-092-07-04,pride,pride,1
16648,n04-092-07-05,ourselves,ourselves,1
16649,n04-092-07-06,about,about,1
16650,n04-092-07-07,accuracy,accuracy,1
16651,n04-092-07-08,on,on,1
16652,n04-092-08-00,the,the,1
16653,n04-092-08-01,Courier,Courier,1
16654,n04-092-08-02,.,.,1
16655,n04-100-01-00,Check,Check,1
16656,n04-100-01-01,and,and,1
16657,n04-100-01-02,counter-check,count-check,0
16658,n04-100-01-03,-,.,0
16659,n04-100-01-04,nothing,nothing,1
16660,n04-100-01-05,but,but,1
16661,n04-100-01-06,the,the,1
16662,n04-100-01-07,truth,truth,1
16663,n04-100-01-08,.,.,1
16664,n04-100-04-00,gin,air,0
16665,n04-100-04-01,with,with,1
16666,n04-100-04-02,relish,relish,1
16667,n04-100-04-03,.,.,1
16668,n04-100-04-04,It,He,0
16669,n04-100-04-05,was,aaiy,0
16670,n04-100-04-06,his,his,1
16671,n04-100-04-07,favourite,favorite,0
16672,n04-100-04-08,brand,brand,1
16673,n04-100-04-09,",",",",1
16674,n04-100-05-00,he,he,1
16675,n04-100-05-01,was,way,0
16676,n04-100-05-02,on,on,1
16677,n04-100-05-03,the,the,1
16678,n04-100-05-04,verge,verge,1
16679,n04-100-05-05,of,of,1
16680,n04-100-05-06,a,a,1
16681,n04-100-05-07,new,new,1
16682,n04-100-05-08,chapter,chapter,1
16683,n04-100-05-09,in,in,1
16684,n04-100-06-00,his,his,1
16685,n04-100-06-01,career,career,1
16686,n04-100-06-02,",",",",1
16687,n04-100-06-03,and,and,1
16688,n04-100-06-04,his,his,1
16689,n04-100-06-05,companion's,companions,0
16690,n04-100-06-06,attitude,attitude,1
16691,n04-100-06-07,was,was,1
16692,n04-100-07-00,challenging,challenging,1
16693,n04-100-07-01,.,.,1
16694,n04-107-00-00,Life,file,0
16695,n04-107-00-01,at,at,1
16696,n04-107-00-02,home,home,1
16697,n04-107-00-03,and,and,1
16698,n04-107-00-04,in,in,1
16699,n04-107-00-05,Bath,Bath,1
16700,n04-107-00-06,had,had,1
16701,n04-107-00-07,been,been,1
16702,n04-107-00-08,a,e,0
16703,n04-107-01-00,trifle,trifle,1
16704,n04-107-01-01,too,too,1
16705,n04-107-01-02,comfortable,comfortable,1
16706,n04-107-01-03,and,and,1
16707,n04-107-01-04,humdrum,huaundram,0
16708,n04-107-01-05,.,.,1
16709,n04-107-02-00,He,He,1
16710,n04-107-02-01,'d,ad,0
16711,n04-107-02-02,never,never,1
16712,n04-107-02-03,before,before,1
16713,n04-107-02-04,met,met,1
16714,n04-107-02-05,a,a,1
16715,n04-107-02-06,pressman,posseman,0
16716,n04-107-02-07,and,and,1
16717,n04-107-05-00,Bawley,Bailey,0
16718,n04-107-05-01,.,.,1
16719,n04-107-05-02,"""","""",1
16720,n04-107-05-03,The,The,1
16721,n04-107-05-04,truth,truth,1
16722,n04-107-05-05,is,is,1
16723,n04-107-05-06,usually,usually,1
16724,n04-107-05-07,very,very,1
16725,n04-107-05-08,embarra-,aembarra-,0
16726,n04-107-08-00,said,said,1
16727,n04-107-08-01,John,John,1
16728,n04-107-08-02,.,.,1
16729,n04-114-01-00,going,going,1
16730,n04-114-01-01,to,to,1
16731,n04-114-01-02,take,take,1
16732,n04-114-01-03,over,over,1
16733,n04-114-01-04,command,command,1
16734,n04-114-01-05,of,of,1
16735,n04-114-01-06,Pericles,prides,0
16736,n04-114-01-07,.,.,1
16737,n04-114-01-08,Am,Aim,0
16738,n04-114-01-09,I,I,1
16739,n04-114-05-00,he,he,1
16740,n04-114-05-01,said,said,1
16741,n04-114-05-02,.,.,1
16742,n04-114-05-03,"""","""",1
16743,n04-114-05-04,Expense,Expense,1
16744,n04-114-05-05,account,account,1
16745,n04-114-05-06,.,.,1
16746,n04-114-05-07,You,You,1
16747,n04-114-05-08,'re,'re,1
16748,n04-114-05-09,a,a,1
16749,n04-114-05-10,married,married,1
16750,n04-114-07-00,your,your,1
16751,n04-114-07-01,substance,substance,1
16752,n04-114-07-02,on,on,1
16753,n04-114-07-03,a,a,1
16754,n04-114-07-04,complete,complete,1
16755,n04-114-07-05,stranger,stranger,1
16756,n04-114-07-06,.,.,1
16757,n04-114-07-07,Set,Set,1
16758,n04-114-08-00,'em,let,0
16759,n04-114-08-01,up,up,1
16760,n04-114-08-02,",",",",1
16761,n04-114-08-03,darling,darling,1
16762,n04-114-08-04,!,!,1
16763,n04-114-08-05,"""","""",1
16764,n04-130-01-00,off,o,0
16765,n04-130-01-01,it,it,1
16766,n04-130-01-02,",",",",1
16767,n04-130-01-03,"""","""",1
16768,n04-130-01-04,said,said,1
16769,n04-130-01-05,Bawley,Bailey,0
16770,n04-130-01-06,.,.,1
16771,n04-130-01-07,"""","""",1
16772,n04-130-01-08,The,The,1
16773,n04-130-01-09,proprietor,proprietor,1
16774,n04-130-01-10,of,of,1
16775,n04-130-01-11,the,the,1
16776,n04-130-01-12,Daily,daily,0
16777,n04-130-02-00,Courier,later,0
16778,n04-130-02-01,knows,knows,1
16779,n04-130-02-02,what,what,1
16780,n04-130-02-03,'s,'s,1
16781,n04-130-02-04,going,going,1
16782,n04-130-02-05,on,on,1
16783,n04-130-02-06,.,.,1
16784,n04-130-02-07,If,If,1
16785,n04-130-02-08,he,he,1
16786,n04-130-02-09,doesn't,doesn't,1
16787,n04-130-02-10,mind,mind,1
16788,n04-130-02-11,",",",",1
16789,n04-130-03-00,why,why,1
16790,n04-130-03-01,should,should,1
16791,n04-130-03-02,you,you,1
16792,n04-130-03-03,?,?,1
16793,n04-130-03-04,"""","""",1
16794,n04-130-03-05,"""","""",1
16795,n04-130-03-06,I,I,1
16796,n04-130-03-07,see,see,1
16797,n04-130-03-08,.,.,1
16798,n04-130-03-09,"""","""",1
16799,n04-130-03-10,John,John,1
16800,n04-130-03-11,took,took,1
16801,n04-130-03-12,the,the,1
16802,n04-130-04-00,refilled,refilled,1
16803,n04-130-04-01,glass,glass,1
16804,n04-130-04-02,and,and,1
16805,n04-130-04-03,looked,looked,1
16806,n04-130-04-04,over,wet,0
16807,n04-130-04-05,the,the,1
16808,n04-130-04-06,rim,rim,1
16809,n04-130-04-07,at,at,1
16810,n04-130-04-08,his,his,1
16811,n04-130-05-00,companion,companion,1
16812,n04-130-05-01,.,.,1
16813,n04-130-05-02,"""","""",1
16814,n04-130-05-03,You,You,1
16815,n04-130-05-04,want,want,1
16816,n04-130-05-05,me,o,0
16817,n04-130-05-06,to,to,1
16818,n04-130-05-07,talk,talk,1
16819,n04-130-05-08,",",",",1
16820,n04-130-05-09,is,is,1
16821,n04-130-05-10,that,that,1
16822,n04-130-05-11,it,it,1
16823,n04-130-05-12,?,?,1
16824,n04-130-05-13,"""","""",1
16825,n04-139-00-00,"""","""",1
16826,n04-139-00-01,You,wagon,0
16827,n04-139-00-02,misjudge,misgedge,0
16828,n04-139-00-03,me,me,1
16829,n04-139-00-04,",",",",1
16830,n04-139-00-05,"""","""",1
16831,n04-139-00-06,said,said,1
16832,n04-139-00-07,Bawley,Badly,0
16833,n04-139-00-08,.,.,1
16834,n04-139-00-09,"""","""",1
16835,n04-139-00-10,You,You,1
16836,n04-139-00-11,have,have,1
16837,n04-139-05-00,of,of,1
16838,n04-139-05-01,course,course,1
16839,n04-139-05-02,.,.,1
16840,n04-139-05-03,"""","""",1
16841,n04-139-05-04,"""","""",1
16842,n04-139-05-05,On,On,1
16843,n04-139-05-06,one,one,1
16844,n04-139-05-07,condition,condition,1
16845,n04-139-05-08,",",",",1
16846,n04-139-05-09,"""","""",1
16847,n04-139-05-10,said,said,1
16848,n04-139-05-11,John,John,1
16849,n04-139-05-12,.,.,1
16850,n04-149-02-00,we,we,1
16851,n04-149-02-01,give,give,1
16852,n04-149-02-02,him,hum,0
16853,n04-149-02-03,the,the,1
16854,n04-149-02-04,publicity,publicity,1
16855,n04-149-02-05,.,.,1
16856,n04-149-02-06,',",",0
16857,n04-149-02-07,The,The,1
16858,n04-149-02-08,Honourable,Venerable,0
16859,n04-149-04-00,sort,sort,1
16860,n04-149-04-01,of,to,0
16861,n04-149-04-02,thing,thing,1
16862,n04-149-04-03,.,.,1
16863,n04-149-04-04,"""","""",1
16864,n04-149-04-05,"""","""",1
16865,n04-149-04-06,You,You,1
16866,n04-149-04-07,'ll,ill,0
16867,n04-149-04-08,get,get,1
16868,n04-149-04-09,nothing,nothing,1
16869,n04-149-04-10,out,out,1
16870,n04-149-04-11,of,t,0
16871,n04-149-04-12,me,me,1
16872,n04-149-04-13,",",",",1
16873,n04-149-04-14,"""","""",1
16874,n04-156-01-00,tell,tell,1
16875,n04-156-01-01,George,George,1
16876,n04-156-01-02,to,to,1
16877,n04-156-01-03,bring,bring,1
16878,n04-156-01-04,in,in,1
16879,n04-156-01-05,the,the,1
16880,n04-156-01-06,6carte,locate,0
16881,n04-156-01-07,du,di,0
16882,n04-156-01-08,jour,your,0
16883,n04-156-01-09,.,",",0
16884,n04-156-01-10,"""","""",1
16885,n04-156-04-00,host,host,1
16886,n04-156-04-01,and,and,1
16887,n04-156-04-02,a,a,1
16888,n04-156-04-03,splendid,splendid,1
16889,n04-156-04-04,raconteur,tracouteur,0
16890,n04-156-04-05,.,.,1
16891,n04-156-04-06,The,The,1
16892,n04-156-04-07,evening,evening,1
16893,n04-156-05-00,passed,passed,1
16894,n04-156-05-01,all,all,1
16895,n04-156-05-02,too,too,1
16896,n04-156-05-03,quickly,widely,0
16897,n04-156-05-04,.,.,1
16898,n04-156-05-05,As,As,1
16899,n04-156-05-06,they,they,1
16900,n04-156-05-07,parted,parted,1
16901,n04-156-05-08,in,in,1
16902,n04-156-06-00,the,the,1
16903,n04-156-06-01,vestibule,vestibule,1
16904,n04-156-06-02,the,the,1
16905,n04-156-06-03,two,two,1
16906,n04-156-06-04,men,men,1
16907,n04-156-06-05,were,were,1
16908,n04-156-06-06,well,well,1
16909,n04-156-07-00,disposed,disposed,1
16910,n04-156-07-01,towards,towards,1
16911,n04-156-07-02,each,one,0
16912,n04-156-07-03,other,another,0
16913,n04-156-07-04,.,.,1
16914,n04-163-02-00,give,give,1
16915,n04-163-02-01,me,me,1
16916,n04-163-02-02,a,a,1
16917,n04-163-02-03,ring,ring,1
16918,n04-163-02-04,at,at,1
16919,n04-163-02-05,this,this,1
16920,n04-163-02-06,number,number,1
16921,n04-163-02-07,and,and,1
16922,n04-163-02-08,I,I,1
16923,n04-163-02-09,'ll,...,0
16924,n04-163-05-00,John,John,1
16925,n04-163-05-01,took,took,1
16926,n04-163-05-02,it,it,1
16927,n04-163-05-03,and,and,1
16928,n04-163-05-04,put,put,1
16929,n04-163-05-05,it,it,1
16930,n04-163-05-06,in,in,1
16931,n04-163-05-07,his,his,1
16932,n04-163-05-08,pocket,pocket,1
16933,n04-163-05-09,.,.,1
16934,n04-163-08-00,up,up,1
16935,n04-163-08-01,on,on,1
16936,n04-163-08-02,that,that,1
16937,n04-163-08-03,.,.,1
16938,n04-202-00-00,Glad,Glad,1
16939,n04-202-00-01,I,I,1
16940,n04-202-00-02,met,met,1
16941,n04-202-00-03,you,you,1
16942,n04-202-00-04,.,.,1
16943,n04-202-00-05,Don't,Don't,1
16944,n04-202-00-06,forget,forget,1
16945,n04-202-00-07,to,to,1
16946,n04-202-00-08,give,give,1
16947,n04-202-00-09,me,me,1
16948,n04-202-00-10,a,a,1
16949,n04-202-00-11,ring,ring,1
16950,n04-202-00-12,-,.,0
16951,n04-202-01-00,any,any,1
16952,n04-202-01-01,time,time,1
16953,n04-202-01-02,-,-,1
16954,n04-202-01-03,knock,knock,1
16955,n04-202-01-04,twice,twice,1
16956,n04-202-01-05,and,and,1
16957,n04-202-01-06,ask,art,0
16958,n04-202-01-07,for,for,1
16959,n04-202-01-08,Bawley,Bailey,0
16960,n04-202-01-09,",",',0
16961,n04-202-01-10,what,what,1
16962,n04-202-01-11,?,!,0
16963,n04-202-01-12,"""","""",1
16964,n04-202-02-00,"""","""",1
16965,n04-202-02-01,I,A,0
16966,n04-202-02-02,don't,don't,1
16967,n04-202-02-03,know,know,1
16968,n04-202-02-04,when,when,1
16969,n04-202-02-05,that,that,1
16970,n04-202-02-06,will,will,1
16971,n04-202-02-07,be,be,1
16972,n04-202-02-08,",",",",1
16973,n04-202-02-09,"""","""",1
16974,n04-202-02-10,said,said,1
16975,n04-202-02-11,John,John,1
16976,n04-202-02-12,.,.,1
16977,n04-202-03-00,"""","""",1
16978,n04-202-03-01,I,&,0
16979,n04-202-03-02,shall,shall,1
16980,n04-202-03-03,be,be,1
16981,n04-202-03-04,busy,busy,1
16982,n04-202-03-05,for,for,1
16983,n04-202-03-06,a,a,1
16984,n04-202-03-07,while,while,1
16985,n04-202-03-08,",",",",1
16986,n04-202-03-09,cleaning,cleaning,1
16987,n04-202-03-10,up,up,1
16988,n04-202-03-11,after,after,1
16989,n04-202-04-00,Master,Master,1
16990,n04-202-04-01,bloody,bloody,1
16991,n04-202-04-02,Munyard,Hlsyard,0
16992,n04-202-04-03,.,.,1
16993,n04-202-04-04,"""","""",1
16994,n04-202-04-05,THERE,THERE,1
16995,n04-202-04-06,were,were,1
16996,n04-202-04-07,six,six,1
16997,n04-202-04-08,submarines,submarines,1
16998,n04-202-04-09,",",",",1
16999,n04-202-05-00,lying,lying,1
17000,n04-202-05-01,in,in,1
17001,n04-202-05-02,pairs,pairs,1
17002,n04-202-05-03,alongside,alongside,1
17003,n04-202-05-04,the,the,1
17004,n04-202-05-05,jetty,jelly,0
17005,n04-202-05-06,at,at,1
17006,n04-202-05-07,Fort,Ford,0
17007,n04-202-05-08,Blockhouse,blockhouse,0
17008,n04-202-05-09,.,.,1
17009,n04-202-06-00,Black,place,0
17010,n04-202-06-01,and,and,1
17011,n04-202-06-02,grimly,grimly,1
17012,n04-202-06-03,businesslike,businesstible,0
17013,n04-202-06-04,they,they,1
17014,n04-202-06-05,both,both,1
17015,n04-202-06-06,looked,looked,1
17016,n04-202-06-07,and,and,1
17017,n04-202-07-00,sounded,sounded,1
17018,n04-202-07-01,",",",",1
17019,n04-202-07-02,for,for,1
17020,n04-202-07-03,all,all,1
17021,n04-202-07-04,of,of,1
17022,n04-202-07-05,them,them,1
17023,n04-202-07-06,were,were,1
17024,n04-202-07-07,rumbling,tumbling,0
17025,n04-202-07-08,as,as,1
17026,n04-202-07-09,they,they,1
17027,n04-202-08-00,charged,charged,1
17028,n04-202-08-01,their,their,1
17029,n04-202-08-02,electric,electric,1
17030,n04-202-08-03,batteries,batteries,1
17031,n04-202-08-04,.,.,1
17032,n04-209-00-00,A,A,1
17033,n04-209-00-01,light,light,1
17034,n04-209-00-02,wind,wind,1
17035,n04-209-00-03,wafted,coated,0
17036,n04-209-00-04,the,the,1
17037,n04-209-00-05,smoke,smoke,1
17038,n04-209-00-06,of,of,1
17039,n04-209-00-07,diesel,diesel,1
17040,n04-209-00-08,exhaust,exhaust,1
17041,n04-209-00-09,in,in,1
17042,n04-209-01-00,through,through,1
17043,n04-209-01-01,the,the,1
17044,n04-209-01-02,open,open,1
17045,n04-209-01-03,windows,windows,1
17046,n04-209-01-04,of,of,1
17047,n04-209-01-05,the,the,1
17048,n04-209-01-06,Captain's,Captain's,1
17049,n04-209-01-07,house,house,1
17050,n04-209-01-08,.,.,1
17051,n04-209-01-09,It,It,1
17052,n04-209-02-00,pervaded,pervaded,1
17053,n04-209-02-01,every,every,1
17054,n04-209-02-02,room,room,1
17055,n04-209-02-03,but,but,1
17056,n04-209-02-04,neither,neither,1
17057,n04-209-02-05,Harry,Hang,0
17058,n04-209-02-06,nor,nor,1
17059,n04-209-02-07,Madeleine,Madeleine,1
17060,n04-209-03-00,Turton,Burton,0
17061,n04-209-03-01,noticed,noticed,1
17062,n04-209-03-02,its,its,1
17063,n04-209-03-03,existence,existence,1
17064,n04-209-03-04,as,as,1
17065,n04-209-03-05,they,they,1
17066,n04-209-03-06,sat,sat,1
17067,n04-209-03-07,in,in,1
17068,n04-209-03-08,silence,silence,1
17069,n04-209-03-09,over,oven,0
17070,n04-209-04-00,a,a,1
17071,n04-209-04-01,substantial,substantial,1
17072,n04-209-04-02,breakfast,breakfast,1
17073,n04-209-04-03,.,.,1
17074,n04-209-04-04,Although,Although,1
17075,n04-209-04-05,usually,usually,1
17076,n04-209-04-06,a,a,1
17077,n04-209-04-07,very,very,1
17078,n04-209-05-00,talkative,talkative,1
17079,n04-209-05-01,lady,lady,1
17080,n04-209-05-02,Madeleine,Madeleine,1
17081,n04-209-05-03,respected,respected,1
17082,n04-209-05-04,her,her,1
17083,n04-209-05-05,husband's,husband's,1
17084,n04-209-06-00,silences,silences,1
17085,n04-209-06-01,",",',0
17086,n04-209-06-02,for,for,1
17087,n04-209-06-03,she,she,1
17088,n04-209-06-04,knew,knew,1
17089,n04-209-06-05,they,they,1
17090,n04-209-06-06,betokened,betokened,1
17091,n04-209-06-07,a,a,1
17092,n04-209-06-08,worry,worry,1
17093,n04-209-06-09,of,of,1
17094,n04-209-07-00,some,some,1
17095,n04-209-07-01,sort,sort,1
17096,n04-209-07-02,.,.,1
17097,n04-213-00-00,There,There,1
17098,n04-213-00-01,had,had,1
17099,n04-213-00-02,been,been,1
17100,n04-213-00-03,many,many,1
17101,n04-213-00-04,such,such,1
17102,n04-213-00-05,breakfasts,breakfasts,1
17103,n04-213-00-06,lately,early,0
17104,n04-213-00-07,since,since,1
17105,n04-213-00-08,the,the,1
17106,n04-213-01-00,affair,affair,1
17107,n04-213-01-01,of,of,1
17108,n04-213-01-02,Parsifal,Parsifal,1
17109,n04-213-01-03,.,.,1
17110,n04-213-01-04,Harry,Harry,1
17111,n04-213-01-05,had,had,1
17112,n04-213-01-06,lost,lost,1
17113,n04-213-01-07,a,a,1
17114,n04-213-01-08,good,good,1
17115,n04-213-01-09,deal,deal,1
17116,n04-213-01-10,of,of,1
17117,n04-213-01-11,weight,weight,1
17118,n04-213-01-12,.,.,1
17119,n04-213-02-00,His,His,1
17120,n04-213-02-01,normal,normal,1
17121,n04-213-02-02,placid,placid,1
17122,n04-213-02-03,and,and,1
17123,n04-213-02-04,steady-going,sleady-going,0
17124,n04-213-02-05,manner,masisier,0
17125,n04-213-02-06,remained,remained,1
17126,n04-213-02-07,",",',0
17127,n04-213-03-00,but,but,1
17128,n04-213-03-01,she,she,1
17129,n04-213-03-02,could,could,1
17130,n04-213-03-03,see,see,1
17131,n04-213-03-04,that,that,1
17132,n04-213-03-05,it,it,1
17133,n04-213-03-06,no,no,1
17134,n04-213-03-07,longer,longer,1
17135,n04-213-03-08,came,came,1
17136,n04-213-03-09,naturally,naturally,1
17137,n04-213-03-10,.,.,1
17138,n04-213-04-00,It,It,1
17139,n04-213-04-01,is,is,1
17140,n04-213-04-02,the,the,1
17141,n04-213-04-03,common,common,1
17142,n04-213-04-04,lot,lot,1
17143,n04-213-04-05,of,of,1
17144,n04-213-04-06,all,all,1
17145,n04-213-04-07,Squadron,Squadron,1
17146,n04-213-04-08,Senior,Senior,1
17147,n04-213-04-09,Officers,Officers,1
17148,n04-213-05-00,to,to,1
17149,n04-213-05-01,experience,experience,1
17150,n04-213-05-02,such,such,1
17151,n04-213-05-03,catastrophes,catastrophes,1
17152,n04-213-05-04,as,as,1
17153,n04-213-05-05,the,the,1
17154,n04-213-05-06,loss,loss,1
17155,n04-213-05-07,of,of,1
17156,n04-213-05-08,a,a,1
17157,n04-213-05-09,submarine,submarine,1
17158,n04-213-05-10,",",",",1
17159,n04-213-06-00,though,though,1
17160,n04-213-06-01,in,in,1
17161,n04-213-06-02,peace,peace,1
17162,n04-213-06-03,time,time,1
17163,n04-213-06-04,these,these,1
17164,n04-213-06-05,happenings,happenings,1
17165,n04-213-06-06,are,are,1
17166,n04-213-06-07,few,few,1
17167,n04-213-06-08,and,and,1
17168,n04-213-07-00,far,far,1
17169,n04-213-07-01,between,between,1
17170,n04-213-07-02,.,.,1
17171,n04-218-00-00,This,This,1
17172,n04-218-00-01,is,is,1
17173,n04-218-00-02,the,the,1
17174,n04-218-00-03,testing,testing,1
17175,n04-218-00-04,time,time,1
17176,n04-218-00-05,for,for,1
17177,n04-218-00-06,all,all,1
17178,n04-218-00-07,.,.,1
17179,n04-218-00-08,The,The,1
17180,n04-218-00-09,affair,affair,1
17181,n04-218-00-10,blows,blows,1
17182,n04-218-00-11,up,up,1
17183,n04-218-00-12,into,into,1
17184,n04-218-01-00,a,a,1
17185,n04-218-01-01,national,national,1
17186,n04-218-01-02,disaster,disaster,1
17187,n04-218-01-03,and,and,1
17188,n04-218-01-04,then,then,1
17189,n04-218-01-05,when,when,1
17190,n04-218-01-06,it,it,1
17191,n04-218-01-07,is,is,1
17192,n04-218-01-08,all,all,1
17193,n04-218-01-09,over,over,1
17194,n04-218-01-10,life,life,1
17195,n04-218-02-00,must,must,1
17196,n04-218-02-01,continue,continue,1
17197,n04-218-02-02,as,as,1
17198,n04-218-02-03,before,before,1
17199,n04-218-02-04,.,.,1
17200,n04-218-02-05,During,During,1
17201,n04-218-02-06,this,this,1
17202,n04-218-02-07,period,period,1
17203,n04-218-02-08,the,the,1
17204,n04-218-02-09,Captain,Captain,1
17205,n04-218-03-00,must,must,1
17206,n04-218-03-01,present,present,1
17207,n04-218-03-02,an,an,1
17208,n04-218-03-03,unruffled,unrifled,0
17209,n04-218-03-04,appearance,appearance,1
17210,n04-218-03-05,and,and,1
17211,n04-218-03-06,carry,carry,1
17212,n04-218-03-07,on,on,1
17213,n04-218-03-08,as,as,1
17214,n04-218-04-00,if,if,1
17215,n04-218-04-01,nothing,nothing,1
17216,n04-218-04-02,unusual,unusual,1
17217,n04-218-04-03,has,has,1
17218,n04-218-04-04,happened,happened,1
17219,n04-218-04-05,.,.,1
17220,n04-218-04-06,Harry,Harry,1
17221,n04-218-04-07,Turton,Burton,0
17222,n04-218-04-08,had,had,1
17223,n04-218-05-00,written,written,1
17224,n04-218-05-01,letters,letters,1
17225,n04-218-05-02,to,to,1
17226,n04-218-05-03,the,the,1
17227,n04-218-05-04,bereaved,behaved,0
17228,n04-218-05-05,",",",",1
17229,n04-218-05-06,had,had,1
17230,n04-218-05-07,visited,visited,1
17231,n04-218-05-08,many,many,1
17232,n04-218-05-09,in,in,1
17233,n04-218-05-10,the,the,1
17234,n04-218-06-00,locality,locality,1
17235,n04-218-06-01,",",",",1
17236,n04-218-06-02,had,had,1
17237,n04-218-06-03,been,been,1
17238,n04-218-06-04,interviewed,interviewed,1
17239,n04-218-06-05,by,by,1
17240,n04-218-06-06,the,the,1
17241,n04-218-06-07,Press,Press,1
17242,n04-218-06-08,",",",",1
17243,n04-218-06-09,had,had,1
17244,n04-218-06-10,driven,driven,1
17245,n04-218-07-00,his,his,1
17246,n04-218-07-01,surviving,surviving,1
17247,n04-218-07-02,submarines,submarines,1
17248,n04-218-07-03,a,a,1
17249,n04-218-07-04,good,good,1
17250,n04-218-07-05,deal,deal,1
17251,n04-218-07-06,harder,harden,0
17252,n04-218-07-07,than,than,1
17253,n04-218-08-00,usual,usual,1
17254,n04-218-08-01,and,and,1
17255,n04-218-08-02,in,in,1
17256,n04-218-08-03,fact,fact,1
17257,n04-218-08-04,had,had,1
17258,n04-218-08-05,applied,applied,1
17259,n04-218-08-06,all,all,1
17260,n04-218-08-07,the,the,1
17261,n04-218-08-08,usual,usual,1
17262,n04-218-08-09,specifics,specifics,1
17263,n04-218-09-00,suitable,suitable,1
17264,n04-218-09-01,for,for,1
17265,n04-218-09-02,such,such,1
17266,n04-218-09-03,occasions,occasions,1
17267,n04-218-09-04,.,.,1
17268,n06-074-00-00,He,He,1
17269,n06-074-00-01,rode,role,0
17270,n06-074-00-02,down,don,0
17271,n06-074-00-03,to,to,1
17272,n06-074-00-04,where,where,1
17273,n06-074-00-05,I,I,1
17274,n06-074-00-06,was,was,1
17275,n06-074-00-07,waiting,waiting,1
17276,n06-074-00-08,.,.,1
17277,n06-074-00-09,I,I,1
17278,n06-074-00-10,was,was,1
17279,n06-074-01-00,thinking,thinking,1
17280,n06-074-01-01,what,what,1
17281,n06-074-01-02,a,a,1
17282,n06-074-01-03,skill,still,0
17283,n06-074-01-04,he,he,1
17284,n06-074-01-05,had,had,1
17285,n06-074-01-06,for,far,0
17286,n06-074-01-07,reading,reading,1
17287,n06-074-02-00,my,my,1
17288,n06-074-02-01,mind,mind,1
17289,n06-074-02-02,.,.,1
17290,n06-074-02-03,"""","""",1
17291,n06-074-02-04,This,This,1
17292,n06-074-02-05,would,would,1
17293,n06-074-02-06,be,he,0
17294,n06-074-02-07,as,as,1
17295,n06-074-02-08,good,good,1
17296,n06-074-02-09,a,a,1
17297,n06-074-02-10,place,place,1
17298,n06-074-04-00,near,new,0
17299,n06-074-04-01,me,me,1
17300,n06-074-04-02,.,.,1
17301,n06-074-04-03,"""",',0
17302,n06-074-04-04,Yes,Yes,1
17303,n06-074-04-05,",",",",1
17304,n06-074-04-06,"""","""",1
17305,n06-074-04-07,I,I,1
17306,n06-074-04-08,said,said,1
17307,n06-074-04-09,.,.,1
17308,n06-074-04-10,"""","""",1
17309,n06-074-04-11,It,It,1
17310,n06-074-04-12,'ll,'ll,1
17311,n06-074-04-13,be,be,1
17312,n06-074-04-14,here,here,1
17313,n06-074-04-15,to-,to,0
17314,n06-074-05-00,morrow,morrow,1
17315,n06-074-05-01,as,as,1
17316,n06-074-05-02,likely,likely,1
17317,n06-074-05-03,as,as,1
17318,n06-074-05-04,not,not,1
17319,n06-074-05-05,.,.,1
17320,n06-074-05-06,"""","""",1
17321,n06-074-05-07,I,I,1
17322,n06-074-05-08,paused,painted,0
17323,n06-074-05-09,.,.,1
17324,n06-074-05-10,"""",',0
17325,n06-074-05-11,Miss,Miss,1
17326,n06-074-06-00,Jeannie,Jeannie,1
17327,n06-074-06-01,'ll,'ll,1
17328,n06-074-06-02,be,be,1
17329,n06-074-06-03,on,on,1
17330,n06-074-06-04,that,that,1
17331,n06-074-06-05,coach,couch,0
17332,n06-074-06-06,",",",",1
17333,n06-074-06-07,Dan,Dan,1
17334,n06-074-06-08,.,.,1
17335,n06-074-06-09,"""","""",1
17336,n06-082-00-00,"""","""",1
17337,n06-082-00-01,Yes,Yes,1
17338,n06-082-00-02,",",",",1
17339,n06-082-00-03,"""","""",1
17340,n06-082-00-04,he,he,1
17341,n06-082-00-05,said,said,1
17342,n06-082-00-06,.,.,1
17343,n06-082-00-07,"""",.,0
17344,n06-082-00-08,I,I,1
17345,n06-082-00-09,know,lines,0
17346,n06-082-00-10,.,.,1
17347,n06-082-00-11,"""","""",1
17348,n06-082-00-12,"""","""",1
17349,n06-082-00-13,No,No,1
17350,n06-082-00-14,harm,him,0
17351,n06-082-00-15,must,must,1
17352,n06-082-00-16,come,come,1
17353,n06-082-02-00,men,men,1
17354,n06-082-02-01,who,who,1
17355,n06-082-02-02,'ll,'ll,1
17356,n06-082-02-03,be,be,1
17357,n06-082-02-04,after,after,1
17358,n06-082-02-05,that,that,1
17359,n06-082-02-06,coach,coach,1
17360,n06-082-02-07,I,",",0
17361,n06-082-02-08,'m,in,0
17362,n06-082-02-09,interested,interested,1
17363,n06-082-03-00,in,in,1
17364,n06-082-03-01,",",",",1
17365,n06-082-03-02,Johnny,nothing,0
17366,n06-082-03-03,.,.,1
17367,n06-082-03-04,"""","""",1
17368,n06-082-03-05,"""","""",1
17369,n06-082-03-06,I,I,1
17370,n06-082-03-07,know,know,1
17371,n06-082-03-08,.,.,1
17372,n06-082-03-09,But,But,1
17373,n06-082-03-10,if,if,1
17374,n06-082-03-11,lead,lead,1
17375,n06-082-03-12,starts,Starts,0
17376,n06-082-05-00,But,But,1
17377,n06-082-05-01,I,I,1
17378,n06-082-05-02,reckon,region,0
17379,n06-082-05-03,they,they,1
17380,n06-082-05-04,'ll,'ll,1
17381,n06-082-05-05,be,he,0
17382,n06-082-05-06,too,too,1
17383,n06-082-05-07,busy,hung,0
17384,n06-082-05-08,shooting,smoky,0
17385,n06-082-05-09,at,at,1
17386,n06-082-06-00,us,us,1
17387,n06-082-06-01,to,to,1
17388,n06-082-06-02,bother,bother,1
17389,n06-082-06-03,with,will,0
17390,n06-082-06-04,the,the,1
17391,n06-082-06-05,coach,couch,0
17392,n06-082-06-06,and,and,1
17393,n06-082-06-07,the,the,1
17394,n06-082-06-08,folks,dolls,0
17395,n06-082-07-00,in,in,1
17396,n06-082-07-01,it,i,0
17397,n06-082-07-02,.,.,1
17398,n06-082-07-03,"""","""",1
17399,n06-092-00-00,"""","""",1
17400,n06-092-00-01,Maybe,maybe,0
17401,n06-092-00-02,",",",",1
17402,n06-092-00-03,"""","""",1
17403,n06-092-00-04,I,I,1
17404,n06-092-00-05,said,said,1
17405,n06-092-00-06,.,.,1
17406,n06-092-00-07,"""",',0
17407,n06-092-00-08,But,But,1
17408,n06-092-00-09,we,we,1
17409,n06-092-00-10,'ve,'ve,1
17410,n06-092-00-11,got,jot,0
17411,n06-092-00-12,to,to,1
17412,n06-092-00-13,remember,remember,1
17413,n06-092-01-00,that,that,1
17414,n06-092-01-01,girl,girl,1
17415,n06-092-01-02,all,all,1
17416,n06-092-01-03,the,the,1
17417,n06-092-01-04,time,fine,0
17418,n06-092-01-05,",",",",1
17419,n06-092-01-06,Dan,Dan,1
17420,n06-092-01-07,.,.,1
17421,n06-092-01-08,I,",",0
17422,n06-092-01-09,feel,feel,1
17423,n06-092-01-10,kind,kind,1
17424,n06-092-02-00,of,of,1
17425,n06-092-02-01,responsible,pesporishale,0
17426,n06-092-02-02,for,for,1
17427,n06-092-02-03,her,her,1
17428,n06-092-02-04,.,.,1
17429,n06-092-02-05,"""",',0
17430,n06-092-02-06,"""","""",1
17431,n06-092-02-07,Of,of,0
17432,n06-092-02-08,course,course,1
17433,n06-092-02-09,",",",",1
17434,n06-092-02-10,"""","""",1
17435,n06-092-02-11,he,he,1
17436,n06-092-02-12,said,said,1
17437,n06-092-02-13,",",",",1
17438,n06-092-03-00,giving,giving,1
17439,n06-092-03-01,me,me,1
17440,n06-092-03-02,one,one,1
17441,n06-092-03-03,of,of,1
17442,n06-092-03-04,his,his,1
17443,n06-092-03-05,strange,stance,0
17444,n06-092-03-06,looks,looks,1
17445,n06-092-03-07,.,.,1
17446,n06-092-03-08,Then,Then,1
17447,n06-092-03-09,he,he,1
17448,n06-092-05-00,and,and,1
17449,n06-092-05-01,have,have,1
17450,n06-092-05-02,a,a,1
17451,n06-092-05-03,look,would,0
17452,n06-092-05-04,at,at,1
17453,n06-092-05-05,the,the,1
17454,n06-092-05-06,mining,King,0
17455,n06-092-05-07,camp,camp,1
17456,n06-092-05-08,.,.,1
17457,n06-092-07-00,working,wetting,0
17458,n06-092-07-01,for,for,1
17459,n06-092-07-02,",",",",1
17460,n06-092-07-03,as,as,1
17461,n06-092-07-04,well,well,1
17462,n06-092-07-05,as,as,1
17463,n06-092-07-06,the,the,1
17464,n06-092-07-07,townsfolk,tounsfalk,0
17465,n06-092-07-08,and,and,1
17466,n06-092-08-00,the,the,1
17467,n06-092-08-01,agency,ageing,0
17468,n06-092-08-02,detective,detective,1
17469,n06-092-08-03,.,.,1
17470,n06-092-08-04,"""","""",1
17471,n06-100-00-00,With,with,0
17472,n06-100-00-01,something,something,1
17473,n06-100-00-02,of,of,1
17474,n06-100-00-03,a,a,1
17475,n06-100-00-04,start,Act,0
17476,n06-100-00-05,I,",",0
17477,n06-100-00-06,remembered,remembered,1
17478,n06-100-00-07,the,the,1
17479,n06-100-01-00,man,man,1
17480,n06-100-01-01,who,who,1
17481,n06-100-01-02,'d,'d,1
17482,n06-100-01-03,brought,brought,1
17483,n06-100-01-04,us,us,1
17484,n06-100-01-05,into,into,1
17485,n06-100-01-06,this,this,1
17486,n06-100-01-07,business,business,1
17487,n06-100-01-08,.,.,1
17488,n06-100-02-00,"""","""",1
17489,n06-100-02-01,Maybe,tape,0
17490,n06-100-02-02,you,you,1
17491,n06-100-02-03,don't,don't,1
17492,n06-100-02-04,know,know,1
17493,n06-100-02-05,about,about,1
17494,n06-100-02-06,Appleton,Appleton,1
17495,n06-100-02-07,",",",",1
17496,n06-100-04-00,I,I,1
17497,n06-100-04-01,said,said,1
17498,n06-100-04-02,.,.,1
17499,n06-100-04-03,I,",",0
17500,n06-100-04-04,watched,watched,1
17501,n06-100-04-05,him,him,1
17502,n06-100-04-06,because,became,0
17503,n06-100-04-07,I,",",0
17504,n06-100-04-08,was,was,1
17505,n06-100-04-09,always,always,1
17506,n06-100-05-00,fascinated,fascinated,1
17507,n06-100-05-01,by,by,1
17508,n06-100-05-02,the,the,1
17509,n06-100-05-03,way,way,1
17510,n06-100-05-04,he,he,1
17511,n06-100-05-05,looked,looked,1
17512,n06-100-05-06,when,when,1
17513,n06-100-05-07,you,you,1
17514,n06-100-06-00,tried,red,0
17515,n06-100-06-01,to,to,1
17516,n06-100-06-02,surprise,surprise,1
17517,n06-100-06-03,him,hen,0
17518,n06-100-06-04,.,.,1
17519,n06-100-06-05,"""","""",1
17520,n06-100-06-06,Dead,Peach,0
17521,n06-100-06-07,?,?,1
17522,n06-100-06-08,"""",',0
17523,n06-100-06-09,he,he,1
17524,n06-100-06-10,said,said,1
17525,n06-100-06-11,.,.,1
17526,n06-100-06-12,"""","""",1
17527,n06-100-06-13,Yes,Yes,1
17528,n06-100-06-14,.,.,1
17529,n06-100-07-00,Dead,each,0
17530,n06-100-07-01,.,",",0
17531,n06-100-07-02,Shuffled,suullled,0
17532,n06-100-07-03,out,out,1
17533,n06-100-07-04,of,of,1
17534,n06-100-07-05,the,the,1
17535,n06-100-07-06,deck,clerk,0
17536,n06-100-07-07,.,.,1
17537,n06-100-07-08,Blasted,plaster,0
17538,n06-100-08-00,down,down,1
17539,n06-100-08-01,with,with,1
17540,n06-100-08-02,a,a,1
17541,n06-100-08-03,shotgun,shotgun,1
17542,n06-100-08-04,outside,outside,1
17543,n06-100-08-05,the,the,1
17544,n06-100-08-06,Palace,Palace,1
17545,n06-100-09-00,last,at,0
17546,n06-100-09-01,night,right,0
17547,n06-100-09-02,.,",",0
17548,n06-100-09-03,"""","""",1
17549,n06-111-00-00,"""","""",1
17550,n06-111-00-01,Fenton,Denton,0
17551,n06-111-00-02,or,as,0
17552,n06-111-00-03,Somers,homers,0
17553,n06-111-00-04,",",",",1
17554,n06-111-00-05,"""",',0
17555,n06-111-00-06,he,he,1
17556,n06-111-00-07,said,said,1
17557,n06-111-00-08,.,.,1
17558,n06-111-00-09,"""","""",1
17559,n06-111-00-10,Or,or,0
17560,n06-111-00-11,the,the,1
17561,n06-111-00-12,Town,john,0
17562,n06-111-01-00,Marshal,Marshal,1
17563,n06-111-01-01,",",",",1
17564,n06-111-01-02,"""",',0
17565,n06-111-01-03,I,I,1
17566,n06-111-01-04,added,added,1
17567,n06-111-01-05,.,.,1
17568,n06-111-01-06,His,His,1
17569,n06-111-01-07,face,lace,0
17570,n06-111-01-08,was,was,1
17571,n06-111-01-09,fixed,filed,0
17572,n06-111-01-10,",",",",1
17573,n06-111-04-00,his,his,1
17574,n06-111-04-01,horse,hone,0
17575,n06-111-04-02,back,back,1
17576,n06-111-04-03,off,of,0
17577,n06-111-04-04,the,the,1
17578,n06-111-04-05,trail,trail,1
17579,n06-111-04-06,and,and,1
17580,n06-111-04-07,up,up,1
17581,n06-111-04-08,the,the,1
17582,n06-111-04-09,slope,store,0
17583,n06-111-05-00,leading,reading,0
17584,n06-111-05-01,to,to,1
17585,n06-111-05-02,the,the,1
17586,n06-111-05-03,ridge,rise,0
17587,n06-111-05-04,.,.,1
17588,n06-111-05-05,I,",",0
17589,n06-111-05-06,followed,followed,1
17590,n06-111-05-07,.,",",0
17591,n06-111-05-08,From,From,1
17592,n06-111-05-09,the,the,1
17593,n06-111-06-00,top,top,1
17594,n06-111-06-01,you,you,1
17595,n06-111-06-02,could,could,1
17596,n06-111-06-03,see,see,1
17597,n06-111-06-04,something,something,1
17598,n06-111-06-05,of,of,1
17599,n06-111-06-06,the,the,1
17600,n06-111-06-07,wild,wild,1
17601,n06-111-06-08,hill,mill,0
17602,n06-111-07-00,country,country,1
17603,n06-111-07-01,that,that,1
17604,n06-111-07-02,lay,long,0
17605,n06-111-07-03,all,all,1
17606,n06-111-07-04,round,crowd,0
17607,n06-111-07-05,Gilburg,gilbuny,0
17608,n06-111-07-06,Crossing,ironing,0
17609,n06-111-07-07,.,.,1
17610,n06-119-00-00,The,The,1
17611,n06-119-00-01,air,as,0
17612,n06-119-00-02,was,was,1
17613,n06-119-00-03,fresh,fresh,1
17614,n06-119-00-04,and,and,1
17615,n06-119-00-05,clear,blew,0
17616,n06-119-00-06,and,and,1
17617,n06-119-00-07,you,you,1
17618,n06-119-01-00,could,could,1
17619,n06-119-01-01,see,see,1
17620,n06-119-01-02,far,far,1
17621,n06-119-01-03,over,e,0
17622,n06-119-01-04,west,next,0
17623,n06-119-01-05,and,and,1
17624,n06-119-01-06,north,north,1
17625,n06-119-01-07,for,for,1
17626,n06-119-01-08,many,may,0
17627,n06-119-02-00,miles,mules,0
17628,n06-119-02-01,.,.,1
17629,n06-119-02-02,The,the,0
17630,n06-119-02-03,real,real,1
17631,n06-119-02-04,high,high,1
17632,n06-119-02-05,country,county,0
17633,n06-119-02-06,of,of,1
17634,n06-119-02-07,the,the,1
17635,n06-119-02-08,Rockies,Rockies,1
17636,n06-119-03-00,lifted,lifted,1
17637,n06-119-03-01,up,up,1
17638,n06-119-03-02,in,in,1
17639,n06-119-03-03,the,the,1
17640,n06-119-03-04,distance,distance,1
17641,n06-119-03-05,like,we,0
17642,n06-119-03-06,a,a,1
17643,n06-119-03-07,pale,pall,0
17644,n06-119-03-08,water-,water,0
17645,n06-119-04-00,colour,colour,1
17646,n06-119-04-01,drawing,drawing,1
17647,n06-119-04-02,.,.,1
17648,n06-119-04-03,Between,Between,1
17649,n06-119-04-04,us,us,1
17650,n06-119-04-05,and,and,1
17651,n06-119-04-06,that,that,1
17652,n06-119-04-07,lay,long,0
17653,n06-119-05-00,a,a,1
17654,n06-119-05-01,vast,at,0
17655,n06-119-05-02,stretch,scent,0
17656,n06-119-05-03,of,of,1
17657,n06-119-05-04,hills,wills,0
17658,n06-119-05-05,",",",",1
17659,n06-119-05-06,canyons,callous,0
17660,n06-119-05-07,",",I,0
17661,n06-119-05-08,buttes,bulks,0
17662,n06-119-05-09,and,and,1
17663,n06-119-06-00,malpais,incepairs,0
17664,n06-119-06-01,.,.,1
17665,n06-123-01-00,said,said,1
17666,n06-123-01-01,Dan,Dan,1
17667,n06-123-01-02,.,.,1
17668,n06-123-01-03,"""",',0
17669,n06-123-01-04,If,'',0
17670,n06-123-01-05,we,we,1
17671,n06-123-01-06,head,head,1
17672,n06-123-01-07,west,west,1
17673,n06-123-01-08,we,we,1
17674,n06-123-01-09,ought,ought,1
17675,n06-123-01-10,to,to,1
17676,n06-123-02-00,cut,and,0
17677,n06-123-02-01,the,the,1
17678,n06-123-02-02,trail,trail,1
17679,n06-123-02-03,leading,leading,1
17680,n06-123-02-04,from,from,1
17681,n06-123-02-05,Gilburg,Gibby,0
17682,n06-123-02-06,to,to,1
17683,n06-123-02-07,the,the,1
17684,n06-123-02-08,north,north,1
17685,n06-123-02-09,.,.,1
17686,n06-123-02-10,"""",',0
17687,n06-123-03-00,So,so,0
17688,n06-123-03-01,we,we,1
17689,n06-123-03-02,swung,study,0
17690,n06-123-03-03,west,west,1
17691,n06-123-03-04,",",",",1
17692,n06-123-03-05,making,making,1
17693,n06-123-03-06,slow,slow,1
17694,n06-123-03-07,going,going,1
17695,n06-123-03-08,over,over,1
17696,n06-123-04-00,rough,rough,1
17697,n06-123-04-01,country,county,0
17698,n06-123-04-02,",",",",1
17699,n06-123-04-03,sliding,siding,0
17700,n06-123-04-04,on,on,1
17701,n06-123-04-05,shale,stale,0
17702,n06-123-04-06,",",",",1
17703,n06-123-04-07,climbing,limbic,0
17704,n06-123-04-08,down,doom,0
17705,n06-123-05-00,into,cito,0
17706,n06-123-05-01,draws,draws,1
17707,n06-123-05-02,",",",",1
17708,n06-123-05-03,circling,forcing,0
17709,n06-123-05-04,a,a,1
17710,n06-123-05-05,big,bong,0
17711,n06-123-05-06,mesa,Cuba,0
17712,n06-123-05-07,by,by,1
17713,n06-123-05-08,a,a,1
17714,n06-123-06-00,four,four,1
17715,n06-123-06-01,or,or,1
17716,n06-123-06-02,five,live,0
17717,n06-123-06-03,mile,will,0
17718,n06-123-06-04,valley,valley,1
17719,n06-123-06-05,",",I,0
17720,n06-123-06-06,sandy-floored,sandy-flared,0
17721,n06-123-06-07,.,.,1
17722,n06-123-06-08,It,It,1
17723,n06-123-07-00,got,so,0
17724,n06-123-07-01,hotter,taller,0
17725,n06-123-07-02,as,as,1
17726,n06-123-07-03,the,the,1
17727,n06-123-07-04,day,day,1
17728,n06-123-07-05,wore,we,0
17729,n06-123-07-06,on,on,1
17730,n06-123-07-07,and,and,1
17731,n06-123-07-08,we,he,0
17732,n06-123-07-09,rested,rested,1
17733,n06-123-08-00,gratefully,grateful,0
17734,n06-123-08-01,by,by,1
17735,n06-123-08-02,a,a,1
17736,n06-123-08-03,small,small,1
17737,n06-123-08-04,creek,week,0
17738,n06-123-08-05,where,where,1
17739,n06-123-08-06,we,he,0
17740,n06-123-08-07,watered,watered,1
17741,n06-123-09-00,the,the,1
17742,n06-123-09-01,horses,horses,1
17743,n06-123-09-02,and,and,1
17744,n06-123-09-03,drank,drank,1
17745,n06-123-09-04,enough,through,0
17746,n06-123-09-05,to,to,1
17747,n06-123-09-06,cure,be,0
17748,n06-123-09-07,our,on,0
17749,n06-123-10-00,thirst,thirst,1
17750,n06-123-10-01,.,.,1
17751,n06-128-00-00,An,An,1
17752,n06-128-00-01,hour's,hour's,1
17753,n06-128-00-02,riding,riding,1
17754,n06-128-00-03,brought,brought,1
17755,n06-128-00-04,us,us,1
17756,n06-128-00-05,to,to,1
17757,n06-128-00-06,a,a,1
17758,n06-128-00-07,trail,fail,0
17759,n06-128-00-08,that,that,1
17760,n06-128-02-00,We,We,1
17761,n06-128-02-01,turned,turned,1
17762,n06-128-02-02,north,north,1
17763,n06-128-02-03,into,into,1
17764,n06-128-02-04,it,is,0
17765,n06-128-02-05,and,and,1
17766,n06-128-02-06,after,alter,0
17767,n06-128-02-07,about,about,1
17768,n06-128-02-08,four,for,0
17769,n06-128-03-00,miles,miles,1
17770,n06-128-03-01,it,it,1
17771,n06-128-03-02,led,led,1
17772,n06-128-03-03,into,into,1
17773,n06-128-03-04,a,a,1
17774,n06-128-03-05,small,small,1
17775,n06-128-03-06,canyon,common,0
17776,n06-128-03-07,which,which,1
17777,n06-128-04-00,opened,opened,1
17778,n06-128-04-01,out,out,1
17779,n06-128-04-02,into,into,1
17780,n06-128-04-03,a,a,1
17781,n06-128-04-04,wide,wide,1
17782,n06-128-04-05,shallow,shallow,1
17783,n06-128-04-06,draw,draw,1
17784,n06-128-04-07,.,.,1
17785,n06-128-05-00,Here,Here,1
17786,n06-128-05-01,in,in,1
17787,n06-128-05-02,a,a,1
17788,n06-128-05-03,dried-up,die-up,0
17789,n06-128-05-04,creek-bed,creete-hed,0
17790,n06-128-05-05,we,he,0
17791,n06-128-05-06,found,feel,0
17792,n06-128-06-00,the,the,1
17793,n06-128-06-01,miners,miners,1
17794,n06-128-06-02,at,at,1
17795,n06-128-06-03,work,work,1
17796,n06-128-06-04,.,.,1
17797,n06-128-06-05,They,They,1
17798,n06-128-06-06,were,were,1
17799,n06-128-06-07,scattered,scattered,1
17800,n06-128-07-00,over,over,1
17801,n06-128-07-01,a,a,1
17802,n06-128-07-02,fairly,fan,0
17803,n06-128-07-03,wide,made,0
17804,n06-128-07-04,area,wed,0
17805,n06-128-07-05,working,working,1
17806,n06-128-07-06,singly,sing,0
17807,n06-128-07-07,or,or,1
17808,n06-133-01-00,of,of,1
17809,n06-133-01-01,the,the,1
17810,n06-133-01-02,diggings,rigging,0
17811,n06-133-01-03,there,there,1
17812,n06-133-01-04,was,was,1
17813,n06-133-01-05,a,a,1
17814,n06-133-01-06,roughly-built,tongay-boild,0
17815,n06-133-02-00,shack,shade,0
17816,n06-133-02-01,and,and,1
17817,n06-133-02-02,as,on,0
17818,n06-133-02-03,we,we,1
17819,n06-133-02-04,got,got,1
17820,n06-133-02-05,near,new,0
17821,n06-133-02-06,someone,someone,1
17822,n06-133-02-07,inside,inside,1
17823,n06-133-02-08,bawled,banged,0
17824,n06-133-03-00,out,out,1
17825,n06-133-03-01,",",",",1
17826,n06-133-03-02,"""","""",1
17827,n06-133-03-03,If,If,1
17828,n06-133-03-04,you,your,0
17829,n06-133-03-05,come,come,1
17830,n06-133-03-06,any,any,1
17831,n06-133-03-07,closer,closer,1
17832,n06-133-03-08,",",I,0
17833,n06-133-03-09,I,I,1
17834,n06-133-03-10,'ll,'ll,1
17835,n06-133-03-11,sure,we,0
17836,n06-133-03-12,blow,blow,1
17837,n06-133-04-00,your,your,1
17838,n06-133-04-01,whiskers,whiskers,1
17839,n06-133-04-02,off,al,0
17840,n06-133-04-03,.,.,1
17841,n06-133-04-04,"""","""",1
17842,n06-133-04-05,"""","""",1
17843,n06-133-04-06,Take,Tale,0
17844,n06-133-04-07,it,is,0
17845,n06-133-04-08,easy,copy,0
17846,n06-133-04-09,",",I,0
17847,n06-133-04-10,mister,miter,0
17848,n06-133-04-11,",",",",1
17849,n06-133-04-12,"""","""",1
17850,n06-133-04-13,I,I,1
17851,n06-133-04-14,sang,say,0
17852,n06-133-06-00,got,git,0
17853,n06-133-06-01,no,no,1
17854,n06-133-06-02,whiskers,uhiotus,0
17855,n06-133-06-03,so,so,1
17856,n06-133-06-04,as,as,1
17857,n06-133-06-05,you,you,1
17858,n06-133-06-06,can,can,1
17859,n06-133-06-07,see,see,1
17860,n06-133-06-08,.,.,1
17861,n06-133-06-09,Just,Du,0
17862,n06-133-06-10,you,you,1
17863,n06-133-07-00,go,go,1
17864,n06-133-07-01,and,and,1
17865,n06-133-07-02,tell,tell,1
17866,n06-133-07-03,Nick,Nick,1
17867,n06-133-07-04,Dowd,Down,0
17868,n06-133-07-05,we,We,0
17869,n06-133-07-06,'ve,'ve,1
17870,n06-133-07-07,come,come,1
17871,n06-133-07-08,to,to,1
17872,n06-133-07-09,talk,talk,1
17873,n06-133-08-00,to,to,1
17874,n06-133-08-01,him,him,1
17875,n06-133-08-02,about,about,1
17876,n06-133-08-03,what,that,0
17877,n06-133-08-04,happened,happened,1
17878,n06-133-08-05,last,lost,0
17879,n06-133-08-06,night,sign,0
17880,n06-133-08-07,.,.,1
17881,n06-133-08-08,"""","""",1
17882,n06-140-01-00,whistle,Whole,0
17883,n06-140-01-01,then,then,1
17884,n06-140-01-02,",",",",1
17885,n06-140-01-03,loud,found,0
17886,n06-140-01-04,and,and,1
17887,n06-140-01-05,shrill,will,0
17888,n06-140-01-06,.,.,1
17889,n06-140-01-07,The,the,0
17890,n06-140-01-08,gun,you,0
17891,n06-140-01-09,barrel,bore,0
17892,n06-140-02-00,peeking,peeking,1
17893,n06-140-02-01,out,out,1
17894,n06-140-02-02,through,through,1
17895,n06-140-02-03,a,a,1
17896,n06-140-02-04,hole,hole,1
17897,n06-140-02-05,in,in,1
17898,n06-140-02-06,the,the,1
17899,n06-140-02-07,shack,mack,0
17900,n06-140-02-08,never,never,1
17901,n06-140-03-00,wavered,watered,0
17902,n06-140-03-01,.,.,1
17903,n06-140-03-02,We,We,1
17904,n06-140-03-03,sat,just,0
17905,n06-140-03-04,our,our,1
17906,n06-140-03-05,horses,horses,1
17907,n06-140-03-06,",",",",1
17908,n06-140-03-07,waiting,wait,0
17909,n06-140-03-08,.,.,1
17910,n06-140-03-09,"""","""",1
17911,n06-140-03-10,Looks,Louis,0
17912,n06-140-03-11,as,us,0
17913,n06-140-04-00,though,though,1
17914,n06-140-04-01,they,they,1
17915,n06-140-04-02,'re,'ve,0
17916,n06-140-04-03,expecting,expects,0
17917,n06-140-04-04,trouble,trouble,1
17918,n06-140-04-05,",",",",1
17919,n06-140-04-06,"""","""",1
17920,n06-140-04-07,I,I,1
17921,n06-140-04-08,said,said,1
17922,n06-140-04-09,.,.,1
17923,n06-140-04-10,"""","""",1
17924,n06-140-04-11,Where,where,0
17925,n06-140-06-00,observed,observed,1
17926,n06-140-06-01,Dan,Dan,1
17927,n06-140-06-02,",",",",1
17928,n06-140-06-03,shifting,chiefly,0
17929,n06-140-06-04,about,about,1
17930,n06-140-06-05,in,in,1
17931,n06-140-06-06,his,his,1
17932,n06-140-06-07,saddle,saddle,1
17933,n06-140-06-08,.,.,1
17934,n06-140-06-09,He,He,1
17935,n06-140-07-00,was,was,1
17936,n06-140-07-01,never,never,1
17937,n06-140-07-02,long,long,1
17938,n06-140-07-03,on,on,1
17939,n06-140-07-04,patience,audience,0
17940,n06-140-07-05,.,.,1
17941,p01-147-00-00,Mr.,Mr.,1
17942,p01-147-00-01,Copthorne,Copthorne,1
17943,p01-147-00-02,knew,knew,1
17944,p01-147-00-03,a,a,1
17945,p01-147-00-04,way,way,1
17946,p01-147-00-05,round,round,1
17947,p01-147-00-06,by,by,1
17948,p01-147-00-07,the,the,1
17949,p01-147-00-08,side,side,1
17950,p01-147-01-00,of,of,1
17951,p01-147-01-01,the,the,1
17952,p01-147-01-02,church,church,1
17953,p01-147-01-03,where,where,1
17954,p01-147-01-04,there,there,1
17955,p01-147-01-05,was,was,1
17956,p01-147-01-06,a,a,1
17957,p01-147-01-07,small,smell,0
17958,p01-147-01-08,open,open,1
17959,p01-147-02-00,outbuilding,outhcilding,0
17960,p01-147-02-01,where,where,1
17961,p01-147-02-02,the,the,1
17962,p01-147-02-03,grave,grave,1
17963,p01-147-02-04,digger,digges,0
17964,p01-147-02-05,kept,kept,1
17965,p01-147-02-06,his,his,1
17966,p01-147-02-07,spades,spades,1
17967,p01-147-03-00,and,and,1
17968,p01-147-03-01,forks,falls,0
17969,p01-147-03-02,and,and,1
17970,p01-147-03-03,tidying,tidying,1
17971,p01-147-03-04,up,up,1
17972,p01-147-03-05,implements,implements,1
17973,p01-147-03-06,.,.,1
17974,p01-147-03-07,It,of,0
17975,p01-147-03-08,might,might,1
17976,p01-147-04-00,be,be,1
17977,p01-147-04-01,open,open,1
17978,p01-147-04-02,.,.,1
17979,p01-147-04-03,It,at,0
17980,p01-147-04-04,was,was,1
17981,p01-147-04-05,.,.,1
17982,p01-147-04-06,He,He,1
17983,p01-147-04-07,entered,entered,1
17984,p01-147-04-08,",",",",1
17985,p01-147-04-09,and,and,1
17986,p01-147-04-10,seated,created,0
17987,p01-147-04-11,himself,himself,1
17988,p01-147-05-00,in,in,1
17989,p01-147-05-01,a,a,1
17990,p01-147-05-02,huddle,middle,0
17991,p01-147-05-03,upon,upon,1
17992,p01-147-05-04,an,an,1
17993,p01-147-05-05,upturned,upturned,1
17994,p01-147-05-06,wheelbarrow,whulbrasrow,0
17995,p01-147-05-07,.,.,1
17996,p01-147-06-00,His,this,0
17997,p01-147-06-01,curious,curious,1
17998,p01-147-06-02,headgear,header,0
17999,p01-147-06-03,fell,fell,1
18000,p01-147-06-04,off,off,1
18001,p01-147-06-05,.,.,1
18002,p01-147-06-06,Strange,Strange,1
18003,p01-147-06-07,things,things,1
18004,p01-147-07-00,were,were,1
18005,p01-147-07-01,going,going,1
18006,p01-147-07-02,on,on,1
18007,p01-147-07-03,in,in,1
18008,p01-147-07-04,his,his,1
18009,p01-147-07-05,bewildered,bewildered,1
18010,p01-147-07-06,brain,brain,1
18011,p01-147-07-07,.,.,1
18012,p01-147-07-08,When,When,1
18013,p01-147-08-00,a,a,1
18014,p01-147-08-01,man,man,1
18015,p01-147-08-02,was,was,1
18016,p01-147-08-03,drowning,drowning,1
18017,p01-147-08-04,and,and,1
18018,p01-147-08-05,towards,towards,1
18019,p01-147-08-06,his,his,1
18020,p01-147-08-07,last,last,1
18021,p01-147-09-00,gasp,gasp,1
18022,p01-147-09-01,it,it,1
18023,p01-147-09-02,was,was,1
18024,p01-147-09-03,scientifically,arisentifically,0
18025,p01-147-09-04,supposed,supposed,1
18026,p01-147-09-05,his,his,1
18027,p01-147-09-06,whole,whole,1
18028,p01-147-10-00,life,life,1
18029,p01-147-10-01,came,came,1
18030,p01-147-10-02,up,up,1
18031,p01-147-10-03,before,before,1
18032,p01-147-10-04,him,him,1
18033,p01-147-10-05,in,in,1
18034,p01-147-10-06,some,some,1
18035,p01-147-10-07,cinematic,cinematic,1
18036,p01-155-01-00,outbuilding,outbwilding,0
18037,p01-155-01-01,",",",",1
18038,p01-155-01-02,but,lent,0
18039,p01-155-01-03,this,this,1
18040,p01-155-01-04,was,was,1
18041,p01-155-01-05,happening,happening,1
18042,p01-155-01-06,to,to,1
18043,p01-155-01-07,him,him,1
18044,p01-155-01-08,now,now,1
18045,p01-155-01-09,.,.,1
18046,p01-155-01-10,He,He,1
18047,p01-155-02-00,saw,saw,1
18048,p01-155-02-01,himself,himself,1
18049,p01-155-02-02,as,as,1
18050,p01-155-02-03,a,a,1
18051,p01-155-02-04,sulky,silly,0
18052,p01-155-02-05,",",",",1
18053,p01-155-02-06,ugly,holy,0
18054,p01-155-02-07,",",",",1
18055,p01-155-02-08,malformed,mnfforched,0
18056,p01-155-02-09,",",",",1
18057,p01-155-02-10,repressed,repressed,1
18058,p01-155-03-00,boy,boy,1
18059,p01-155-03-01,",",",",1
18060,p01-155-03-02,then,then,1
18061,p01-155-03-03,a,a,1
18062,p01-155-03-04,young,yauy,0
18063,p01-155-03-05,youth,youth,1
18064,p01-155-03-06,.,.,1
18065,p01-155-03-07,He,He,1
18066,p01-155-03-08,saw,saw,1
18067,p01-155-03-09,himself,himself,1
18068,p01-155-03-10,refusing,refusing,1
18069,p01-155-04-00,baptism,baptism,1
18070,p01-155-04-01,according,according,1
18071,p01-155-04-02,to,to,1
18072,p01-155-04-03,the,the,1
18073,p01-155-04-04,sect,sect,1
18074,p01-155-04-05,his,his,1
18075,p01-155-04-06,parents,parents,1
18076,p01-155-04-07,belonged,bellouget,0
18077,p01-155-04-08,to,to,1
18078,p01-155-04-09,.,.,1
18079,p01-155-06-00,on,on,1
18080,p01-155-06-01,",",",",1
18081,p01-155-06-02,his,his,1
18082,p01-155-06-03,leaping,leaping,1
18083,p01-155-06-04,mind,mind,1
18084,p01-155-06-05,flashed,flashed,1
18085,p01-155-06-06,pictures,pictures,1
18086,p01-155-06-07,of,of,1
18087,p01-155-06-08,chi-,ci-,0
18088,p01-155-07-00,canery,angry,0
18089,p01-155-07-01,and,and,1
18090,p01-155-07-02,corruption,corruption,1
18091,p01-155-07-03,",",",",1
18092,p01-155-07-04,the,the,1
18093,p01-155-07-05,growth,growth,1
18094,p01-155-07-06,of,of,1
18095,p01-155-07-07,the,the,1
18096,p01-155-07-08,dea-,clear,0
18097,p01-155-08-00,dly,ally,0
18098,p01-155-08-01,decadence,decadence,1
18099,p01-155-08-02,and,and,1
18100,p01-155-08-03,absorption,absorption,1
18101,p01-155-08-04,in,in,1
18102,p01-155-08-05,debase-,debate,0
18103,p01-155-09-00,ment,ment,1
18104,p01-155-09-01,and,and,1
18105,p01-155-09-02,Satanic,Satan,0
18106,p01-155-09-03,debauchery,debauchery,1
18107,p01-155-09-04,.,.,1
18108,p01-168-00-00,He,He,1
18109,p01-168-00-01,didn't,didn't,1
18110,p01-168-00-02,know,know,1
18111,p01-168-00-03,what,what,1
18112,p01-168-00-04,to,to,1
18113,p01-168-00-05,make,make,1
18114,p01-168-00-06,of,of,1
18115,p01-168-00-07,it,it,1
18116,p01-168-00-08,",",",",1
18117,p01-168-00-09,but,but,1
18118,p01-168-00-10,it,it,1
18119,p01-168-01-00,was,was,1
18120,p01-168-01-01,Mr.,Mr.,1
18121,p01-168-01-02,Copthorne,Copthorne,1
18122,p01-168-01-03,all,all,1
18123,p01-168-01-04,right,right,1
18124,p01-168-01-05,.,.,1
18125,p01-168-01-06,Perhaps,Perhaps,1
18126,p01-168-01-07,he,he,1
18127,p01-168-01-08,had,had,1
18128,p01-168-02-00,been,been,1
18129,p01-168-02-01,attending,attending,1
18130,p01-168-02-02,some,some,1
18131,p01-168-02-03,kind,kind,1
18132,p01-168-02-04,of,of,1
18133,p01-168-02-05,fancy,fancy,1
18134,p01-168-02-06,dress,dress,1
18135,p01-168-02-07,do,do,1
18136,p01-168-03-00,in,in,1
18137,p01-168-03-01,London,London,1
18138,p01-168-03-02,.,.,1
18139,p01-168-03-03,Very,Very,1
18140,p01-168-03-04,strange,strange,1
18141,p01-168-03-05,his,his,1
18142,p01-168-03-06,eyes,eyes,1
18143,p01-168-03-07,looked,looked,1
18144,p01-168-03-08,.,.,1
18145,p01-168-03-09,Mad,Mad,1
18146,p01-168-03-10,",",",",1
18147,p01-168-04-00,hunted,hunted,1
18148,p01-168-04-01,eyes,eyes,1
18149,p01-168-04-02,",",",",1
18150,p01-168-04-03,as,as,1
18151,p01-168-04-04,if,if,1
18152,p01-168-04-05,the,the,1
18153,p01-168-04-06,poor,poor,1
18154,p01-168-04-07,fellow,fellow,1
18155,p01-168-04-08,had,had,1
18156,p01-168-04-09,rocks,rocks,1
18157,p01-168-04-10,in,in,1
18158,p01-168-05-00,his,his,1
18159,p01-168-05-01,head,head,1
18160,p01-168-05-02,",",",",1
18161,p01-168-05-03,so,so,1
18162,p01-168-05-04,the,the,1
18163,p01-168-05-05,verger,merger,0
18164,p01-168-05-06,described,described,1
18165,p01-168-05-07,afterwards,afterwards,1
18166,p01-168-05-08,.,.,1
18167,p01-168-07-00,speak,speak,1
18168,p01-168-07-01,normally,normally,1
18169,p01-168-07-02,.,.,1
18170,p01-174-00-00,"""",it,0
18171,p01-174-00-01,Yes,yes,0
18172,p01-174-00-02,.,.,1
18173,p01-174-00-03,I,?,0
18174,p01-174-00-04,travelled,travelled,1
18175,p01-174-00-05,down,down,1
18176,p01-174-00-06,from,from,1
18177,p01-174-00-07,London,Landon,0
18178,p01-174-01-00,as,as,1
18179,p01-174-01-01,the,the,1
18180,p01-174-01-02,dawn,damn,0
18181,p01-174-01-03,was,was,1
18182,p01-174-01-04,breaking,bending,0
18183,p01-174-01-05,",",",",1
18184,p01-174-01-06,and,and,1
18185,p01-174-06-00,led,led,1
18186,p01-174-06-01,the,the,1
18187,p01-174-06-02,way,way,1
18188,p01-174-06-03,in,in,1
18189,p01-174-06-04,.,.,1
18190,p01-174-06-05,"""","""",1
18191,p01-174-06-06,The,The,1
18192,p01-174-06-07,stained,stained,1
18193,p01-174-06-08,glass,gain,0
18194,p02-000-00-00,There,There,1
18195,p02-000-00-01,were,were,1
18196,p02-000-00-02,few,few,1
18197,p02-000-00-03,passengers,passengers,1
18198,p02-000-00-04,on,on,1
18199,p02-000-00-05,the,the,1
18200,p02-000-00-06,plane,plane,1
18201,p02-000-00-07,and,and,1
18202,p02-000-00-08,Gavin,Gavin,1
18203,p02-000-00-09,was,was,1
18204,p02-000-01-00,quickly,quickly,1
18205,p02-000-01-01,through,through,1
18206,p02-000-01-02,the,the,1
18207,p02-000-01-03,customs,customs,1
18208,p02-000-01-04,.,.,1
18209,p02-000-01-05,"""",1,0
18210,p02-000-01-06,Gay,bay,0
18211,p02-000-01-07,!,!,1
18212,p02-000-01-08,"""","""",1
18213,p02-000-01-09,"""","""",1
18214,p02-000-01-10,Gavin,Gavin,1
18215,p02-000-01-11,!,!,1
18216,p02-000-01-12,"""","""",1
18217,p02-000-01-13,The,The,1
18218,p02-000-01-14,girl,girl,1
18219,p02-000-02-00,and,and,1
18220,p02-000-02-01,her,her,1
18221,p02-000-02-02,luggage,luggage,1
18222,p02-000-02-03,had,had,1
18223,p02-000-02-04,disappeared,disappeared,1
18224,p02-000-02-05,and,and,1
18225,p02-000-02-06,they,they,1
18226,p02-000-02-07,were,were,1
18227,p02-000-02-08,alone,alone,1
18228,p02-000-03-00,together,together,1
18229,p02-000-03-01,.,I,0
18230,p02-000-03-02,The,be,0
18231,p02-000-03-03,porter,porter,1
18232,p02-000-03-04,brought,brought,1
18233,p02-000-03-05,Gavin's,Gavin's,1
18234,p02-000-03-06,bag,bag,1
18235,p02-000-03-07,out,out,1
18236,p02-000-03-08,to,to,1
18237,p02-000-03-09,the,the,1
18238,p02-000-05-00,hand,hand,1
18239,p02-000-05-01,and,and,1
18240,p02-000-05-02,smiled,smiled,1
18241,p02-000-05-03,.,.,1
18242,p02-000-05-04,"""","""",1
18243,p02-000-05-05,I,I,1
18244,p02-000-05-06,want,want,1
18245,p02-000-05-07,to,to,1
18246,p02-000-05-08,check,check,1
18247,p02-000-05-09,up,up,1
18248,p02-000-05-10,on,on,1
18249,p02-000-05-11,the,the,1
18250,p02-000-06-00,flights,flights,1
18251,p02-000-06-01,back,back,1
18252,p02-000-06-02,.,.,1
18253,p02-000-06-03,"""","""",1
18254,p02-008-00-00,Gay,gay,0
18255,p02-008-00-01,went,went,1
18256,p02-008-00-02,out,out,1
18257,p02-008-00-03,to,to,1
18258,p02-008-00-04,the,the,1
18259,p02-008-00-05,waiting,waiting,1
18260,p02-008-01-00,taxi,taxi,1
18261,p02-008-01-01,",",",",1
18262,p02-008-01-02,and,and,1
18263,p02-008-01-03,then,them,0
18264,p02-008-01-04,found,found,1
18265,p02-008-01-05,that,that,1
18266,p02-008-01-06,in,in,1
18267,p02-008-02-00,the,the,1
18268,p02-008-02-01,excitement,excitement,1
18269,p02-008-02-02,of,of,1
18270,p02-008-02-03,meeting,meeting,1
18271,p02-008-03-00,Gavin,gavin,0
18272,p02-008-03-01,she,she,1
18273,p02-008-03-02,had,had,1
18274,p02-008-03-03,left,left,1
18275,p02-008-03-04,her,her,1
18276,p02-008-03-05,sun-,sun,0
18277,p02-008-04-00,glasses,glasses,1
18278,p02-008-04-01,on,on,1
18279,p02-008-04-02,the,the,1
18280,p02-008-04-03,veranda,veranda,1
18281,p02-008-04-04,.,.,1
18282,p02-008-04-05,She,She,1
18283,p02-008-05-00,went,went,1
18284,p02-008-05-01,quickly,quickly,1
18285,p02-008-05-02,back,back,1
18286,p02-008-05-03,to,to,1
18287,p02-008-05-04,fetch,fete,0
18288,p02-008-05-05,them,them,1
18289,p02-008-05-06,.,.,1
18290,p02-008-06-00,Gavin,gavin,0
18291,p02-008-06-01,and,and,1
18292,p02-008-06-02,the,the,1
18293,p02-008-06-03,girl,girl,1
18294,p02-008-06-04,who,who,1
18295,p02-008-06-05,had,had,1
18296,p02-008-06-06,got,got,1
18297,p02-008-07-00,off,off,1
18298,p02-008-07-01,the,the,1
18299,p02-008-07-02,plane,plane,1
18300,p02-008-07-03,with,with,1
18301,p02-008-07-04,him,him,1
18302,p02-008-07-05,were,were,1
18303,p02-008-07-06,talking,talking,1
18304,p02-008-07-07,.,.,1
18305,p02-008-08-00,He,He,1
18306,p02-008-08-01,was,was,1
18307,p02-008-08-02,writing,writing,1
18308,p02-008-08-03,something,something,1
18309,p02-008-08-04,in,in,1
18310,p02-008-08-05,his,his,1
18311,p02-008-09-00,pocket-book,pocketbook,0
18312,p02-008-09-01,",",",",1
18313,p02-008-09-02,with,with,1
18314,p02-008-09-03,a,a,1
18315,p02-008-09-04,sick,sick,1
18316,p02-008-09-05,feeling,feeling,1
18317,p02-008-10-00,of,of,1
18318,p02-008-10-01,despair,despair,1
18319,p02-008-10-02,Gay,gay,0
18320,p02-008-10-03,knew,knew,1
18321,p02-008-10-04,that,that,1
18322,p02-008-10-05,of,of,1
18323,p02-008-10-06,course,course,1
18324,p02-022-00-00,"""","""",1
18325,p02-022-00-01,And,And,1
18326,p02-022-00-02,then,then,1
18327,p02-022-00-03,we,we,1
18328,p02-022-00-04,'ll,'',0
18329,p02-022-00-05,go,go,1
18330,p02-022-00-06,for,for,1
18331,p02-022-00-07,a,a,1
18332,p02-022-00-08,stroll,moral,0
18333,p02-022-00-09,along,along,1
18334,p02-022-00-10,the,the,1
18335,p02-022-01-00,beach,beach,1
18336,p02-022-01-01,.,.,1
18337,p02-022-01-02,A,A,1
18338,p02-022-01-03,moon,moon,1
18339,p02-022-01-04,like,like,1
18340,p02-022-01-05,this,this,1
18341,p02-022-01-06,mustn't,mustn't,1
18342,p02-022-01-07,be,be,1
18343,p02-022-01-08,wasted,wasted,1
18344,p02-022-01-09,.,.,1
18345,p02-022-01-10,"""","""",1
18346,p02-022-02-00,He,He,1
18347,p02-022-02-01,gestured,destined,0
18348,p02-022-02-02,towards,awards,0
18349,p02-022-02-03,the,the,1
18350,p02-022-02-04,bay,say,0
18351,p02-022-02-05,where,where,1
18352,p02-022-02-06,the,the,1
18353,p02-022-02-07,full,feel,0
18354,p02-022-03-00,moon,moon,1
18355,p02-022-03-01,was,was,1
18356,p02-022-03-02,just,get,0
18357,p02-022-03-03,rising,going,0
18358,p02-022-03-04,over,ever,0
18359,p02-022-03-05,the,the,1
18360,p02-022-03-06,rocks,rocks,1
18361,p02-022-03-07,",",",",1
18362,p02-022-03-08,then,then,1
18363,p02-022-04-00,laid,aid,0
18364,p02-022-04-01,his,his,1
18365,p02-022-04-02,hand,wand,0
18366,p02-022-04-03,on,on,1
18367,p02-022-04-04,hers,han,0
18368,p02-022-04-05,.,.,1
18369,p02-022-04-06,Gay,gay,0
18370,p02-022-04-07,smiled,build,0
18371,p02-022-04-08,at,at,1
18372,p02-022-04-09,him,his,0
18373,p02-022-07-00,only,only,1
18374,p02-022-07-01,",",",",1
18375,p02-022-07-02,yet,yet,1
18376,p02-022-07-03,remembering,renoubering,0
18377,p02-022-07-04,for,for,1
18378,p02-022-07-05,a,a,1
18379,p02-022-07-06,second,second,1
18380,p02-022-07-07,the,the,1
18381,p02-022-08-00,kisses,kisses,1
18382,p02-022-08-01,she,and,0
18383,p02-022-08-02,had,had,1
18384,p02-022-08-03,seen,seen,1
18385,p02-022-08-04,him,now,0
18386,p02-022-08-05,giving,giving,1
18387,p02-022-08-06,Elaine,chain,0
18388,p02-022-08-07,.,.,1
18389,p02-027-00-00,All,All,1
18390,p02-027-00-01,that,that,1
18391,p02-027-00-02,was,was,1
18392,p02-027-00-03,part,part,1
18393,p02-027-00-04,of,of,1
18394,p02-027-00-05,the,the,1
18395,p02-027-00-06,past,past,1
18396,p02-027-00-07,",",",",1
18397,p02-027-00-08,she,she,1
18398,p02-027-00-09,would,would,1
18399,p02-027-00-10,put,put,1
18400,p02-027-00-11,it,it,1
18401,p02-027-00-12,behind,behind,1
18402,p02-027-00-13,her,ther,0
18403,p02-027-00-14,.,.,1
18404,p02-027-00-15,She,the,0
18405,p02-027-01-00,would,would,1
18406,p02-027-01-01,never,never,1
18407,p02-027-01-02,be,be,1
18408,p02-027-01-03,jealous,jealous,1
18409,p02-027-01-04,again,again,1
18410,p02-027-01-05,",",",",1
18411,p02-027-01-06,would,would,1
18412,p02-027-01-07,even,even,1
18413,p02-027-01-08,take,take,1
18414,p02-027-01-09,Larry's,Mary's,0
18415,p02-027-01-10,advice,advice,1
18416,p02-027-01-11,and,and,1
18417,p02-027-02-00,look,look,1
18418,p02-027-02-01,the,the,1
18419,p02-027-02-02,other,other,1
18420,p02-027-02-03,way,way,1
18421,p02-027-02-04,if,if,1
18422,p02-027-02-05,need,need,1
18423,p02-027-02-06,be,be,1
18424,p02-027-02-07,.,.,1
18425,p02-027-02-08,"""","""",1
18426,p02-027-02-09,I,I,1
18427,p02-027-02-10,say,say,1
18428,p02-027-02-11,!,!,1
18429,p02-027-02-12,"""","""",1
18430,p02-027-02-13,Gavin,dawn,0
18431,p02-027-02-14,was,was,1
18432,p02-027-02-15,looking,looking,1
18433,p02-027-02-16,over,over,1
18434,p02-027-02-17,her,her,1
18435,p02-027-03-00,shoulder,shoulder,1
18436,p02-027-03-01,.,.,1
18437,p02-027-03-02,"""","""",1
18438,p02-027-03-03,That,That,1
18439,p02-027-03-04,'s,'s,1
18440,p02-027-03-05,a,a,1
18441,p02-027-03-06,pretty,pretty,1
18442,p02-027-03-07,girl,girl,1
18443,p02-027-03-08,!,!,1
18444,p02-027-03-09,"""","""",1
18445,p02-027-03-10,Gay,gay,0
18446,p02-027-03-11,glanced,glanced,1
18447,p02-027-03-12,behind,Behind,0
18448,p02-027-03-13,her,her,1
18449,p02-027-03-14,",",",",1
18450,p02-027-03-15,"""","""",1
18451,p02-027-03-16,Isn't,point,0
18452,p02-027-03-17,she,she,1
18453,p02-069-00-00,Gay,gay,0
18454,p02-069-00-01,",",",",1
18455,p02-069-00-02,a,a,1
18456,p02-069-00-03,little,little,1
18457,p02-069-00-04,puzzled,puzzled,1
18458,p02-069-00-05,",",",",1
18459,p02-069-00-06,went,went,1
18460,p02-069-00-07,through,through,1
18461,p02-069-01-00,to,to,1
18462,p02-069-01-01,the,the,1
18463,p02-069-01-02,bar,back,0
18464,p02-069-01-03,.,.,1
18465,p02-069-01-04,Doc,For,0
18466,p02-069-01-05,and,and,1
18467,p02-069-01-06,Lilyan,Lily,0
18468,p02-069-01-07,were,were,1
18469,p02-069-02-00,sitting,sitting,1
18470,p02-069-02-01,just,just,1
18471,p02-069-02-02,inside,inside,1
18472,p02-069-02-03,having,having,1
18473,p02-069-02-04,coffee,coffee,1
18474,p02-069-02-05,.,.,1
18475,p02-069-03-00,"""","""",1
18476,p02-069-03-01,Come,Come,1
18477,p02-069-03-02,and,and,1
18478,p02-069-03-03,join,join,1
18479,p02-069-03-04,us,us,1
18480,p02-069-03-05,and,and,1
18481,p02-069-03-06,bring,being,0
18482,p02-069-03-07,your,you,0
18483,p02-069-05-00,Lilyan,Lilian,0
18484,p02-069-05-01,remonstrated,remonstrated,1
18485,p02-069-05-02,.,.,1
18486,p02-069-05-03,"""",",",0
18487,p02-069-05-04,They,They,1
18488,p02-069-05-05,want,wand,0
18489,p02-069-05-06,to,to,1
18490,p02-069-05-07,be,be,1
18491,p02-069-08-00,tonight,tonight,1
18492,p02-069-08-01,so,So,0
18493,p02-069-08-02,come,come,1
18494,p02-069-08-03,and,and,1
18495,p02-069-08-04,join,join,1
18496,p02-069-08-05,us,us,1
18497,p02-069-08-06,if,if,1
18498,p02-069-08-07,you,you,1
18499,p02-076-00-00,Gay,gay,0
18500,p02-076-00-01,thanked,haunted,0
18501,p02-076-00-02,him,him,1
18502,p02-076-00-03,and,and,1
18503,p02-076-00-04,walked,walked,1
18504,p02-076-00-05,out,out,1
18505,p02-076-00-06,on,on,1
18506,p02-076-00-07,to,to,1
18507,p02-076-01-00,the,the,1
18508,p02-076-01-01,terrace,Retrace,0
18509,p02-076-01-02,thinking,thinking,1
18510,p02-076-01-03,that,that,1
18511,p02-076-01-04,perhaps,perhaps,1
18512,p02-076-01-05,Gavin,gavin,0
18513,p02-076-02-00,had,had,1
18514,p02-076-02-01,bought,caught,0
18515,p02-076-02-02,a,a,1
18516,p02-076-02-03,drink,drink,1
18517,p02-076-02-04,and,and,1
18518,p02-076-02-05,taken,taken,1
18519,p02-076-02-06,it,it,1
18520,p02-076-02-07,outside,outside,1
18521,p02-076-02-08,.,.,1
18522,p02-076-03-00,She,she,0
18523,p02-076-03-01,looked,locked,0
18524,p02-076-03-02,round,round,1
18525,p02-076-03-03,scanning,scanning,1
18526,p02-076-03-04,the,the,1
18527,p02-076-03-05,tables,tables,1
18528,p02-076-03-06,",",",",1
18529,p02-076-04-00,then,then,1
18530,p02-076-04-01,caught,caught,1
18531,p02-076-04-02,her,her,1
18532,p02-076-04-03,breath,disease,0
18533,p02-076-04-04,",",",",1
18534,p02-076-04-05,a,a,1
18535,p02-076-04-06,cold,cold,1
18536,p02-076-04-07,hand,hand,1
18537,p02-076-05-00,seeming,setting,0
18538,p02-076-05-01,to,to,1
18539,p02-076-05-02,clutch,dutch,0
18540,p02-076-05-03,her,he,0
18541,p02-076-05-04,heart,east,0
18542,p02-076-05-05,.,.,1
18543,p02-076-05-06,Gavin,gavin,0
18544,p02-076-05-07,was,was,1
18545,p02-076-06-00,seated,seated,1
18546,p02-076-06-01,at,af,0
18547,p02-076-06-02,a,a,1
18548,p02-076-06-03,small,small,1
18549,p02-076-06-04,table,table,1
18550,p02-076-06-05,in,in,1
18551,p02-076-06-06,a,a,1
18552,p02-076-06-07,shadowy,shadowy,1
18553,p02-076-07-00,corner,comes,0
18554,p02-076-07-01,talking,talking,1
18555,p02-076-07-02,animatedly,aumitatilly,0
18556,p02-076-07-03,to,to,1
18557,p02-076-07-04,Simone,smoke,0
18558,p02-076-07-05,.,.,1
18559,p02-076-08-00,As,as,0
18560,p02-076-08-01,Gay,gay,0
18561,p02-076-08-02,watched,looked,0
18562,p02-076-08-03,he,be,0
18563,p02-076-08-04,offered,Offered,0
18564,p02-076-08-05,the,the,1
18565,p02-076-08-06,girl,girl,1
18566,p02-076-08-07,a,a,1
18567,p02-076-09-00,cigarette,cigarette,1
18568,p02-076-09-01,and,and,1
18569,p02-076-09-02,lit,kid,0
18570,p02-076-09-03,it,it,1
18571,p02-076-09-04,",",",",1
18572,p02-076-09-05,his,as,0
18573,p02-076-09-06,hands,lands,0
18574,p02-076-09-07,cupping,supplying,0
18575,p02-081-00-00,Gay,gay,0
18576,p02-081-00-01,stood,stood,1
18577,p02-081-00-02,irresolute,resolute,0
18578,p02-081-00-03,for,for,1
18579,p02-081-00-04,a,a,1
18580,p02-081-00-05,moment,moment,1
18581,p02-081-00-06,",",",",1
18582,p02-081-00-07,half,half,1
18583,p02-081-01-00,decided,decided,1
18584,p02-081-01-01,to,to,1
18585,p02-081-01-02,go,go,1
18586,p02-081-01-03,back,back,1
18587,p02-081-01-04,and,and,1
18588,p02-081-01-05,join,join,1
18589,p02-081-01-06,Lilyan,Vivian,0
18590,p02-081-01-07,and,and,1
18591,p02-081-02-00,Doc,No.,0
18592,p02-081-02-01,",",',0
18593,p02-081-02-02,while,while,1
18594,p02-081-02-03,she,she,1
18595,p02-081-02-04,wanted,wanted,1
18596,p02-081-02-05,to,to,1
18597,p02-081-02-06,do,do,1
18598,p02-081-02-07,no,no,1
18599,p02-081-02-08,more,mose,0
18600,p02-081-02-09,than,that,0
18601,p02-081-03-00,run,run,1
18602,p02-081-03-01,upstairs,upstairs,1
18603,p02-081-03-02,to,to,1
18604,p02-081-03-03,her,her,1
18605,p02-081-03-04,room,room,1
18606,p02-081-03-05,",",",",1
18607,p02-081-03-06,knowing,growing,0
18608,p02-081-03-07,that,that,1
18609,p02-081-04-00,Gavin,gavin,0
18610,p02-081-04-01,although,Although,0
18611,p02-081-04-02,he,be,0
18612,p02-081-04-03,had,had,1
18613,p02-081-04-04,told,told,1
18614,p02-081-04-05,her,he,0
18615,p02-081-04-06,that,that,1
18616,p02-081-04-07,he,be,0
18617,p02-081-05-00,loved,lower,0
18618,p02-081-05-01,her,her,1
18619,p02-081-05-02,",",",",1
18620,p02-081-05-03,was,was,1
18621,p02-081-05-04,already,already,1
18622,p02-081-05-05,flirting,listing,0
18623,p02-081-05-06,with,wife,0
18624,p02-081-05-07,a,a,1
18625,p02-081-05-08,girl,girl,1
18626,p02-081-06-00,that,fear,0
18627,p02-081-06-01,he,be,0
18628,p02-081-06-02,had,led,0
18629,p02-081-06-03,only,only,1
18630,p02-081-06-04,met,wet,0
18631,p02-081-06-05,a,a,1
18632,p02-081-06-06,few,few,1
18633,p02-081-06-07,minutes,minutes,1
18634,p02-081-06-08,before,before,1
18635,p02-081-06-09,.,.,1
18636,p02-081-08-00,but,but,1
18637,p02-081-08-01,she,she,1
18638,p02-081-08-02,turned,turned,1
18639,p02-081-08-03,away,away,1
18640,p02-081-08-04,",",",",1
18641,p02-081-08-05,giving,giving,1
18642,p02-081-08-06,a,a,1
18643,p02-081-08-07,little,little,1
18644,p02-081-09-00,gesture,gesture,1
18645,p02-081-09-01,of,of,1
18646,p02-081-09-02,hopelessness,Ropelesineny,0
18647,p02-081-09-03,",",",",1
18648,p02-081-09-04,knowing,knowing,1
18649,p02-081-09-05,that,that,1
18650,p02-081-09-06,her,her,1
18651,p02-090-00-00,The,The,1
18652,p02-090-00-01,others,others,1
18653,p02-090-00-02,were,were,1
18654,p02-090-00-03,all,all,1
18655,p02-090-00-04,dancing,dancing,1
18656,p02-090-00-05,and,and,1
18657,p02-090-01-00,as,as,1
18658,p02-090-01-01,Gay,fay,0
18659,p02-090-01-02,drew,drew,1
18660,p02-090-01-03,out,out,1
18661,p02-090-01-04,a,a,1
18662,p02-090-01-05,chair,chain,0
18663,p02-090-01-06,and,and,1
18664,p02-090-01-07,sat,sat,1
18665,p02-090-02-00,down,down,1
18666,p02-090-02-01,Gavin,Gavin,1
18667,p02-090-02-02,",",",",1
18668,p02-090-02-03,without,without,1
18669,p02-090-02-04,a,a,1
18670,p02-090-02-05,word,word,1
18671,p02-090-02-06,",",",",1
18672,p02-090-02-07,swept,except,0
18673,p02-090-03-00,Simone,Simon,0
18674,p02-090-03-01,on,on,1
18675,p02-090-03-02,to,to,1
18676,p02-090-03-03,the,the,1
18677,p02-090-03-04,floor,flow,0
18678,p02-090-03-05,.,.,1
18679,p02-090-03-06,"""","""",1
18680,p02-090-03-07,It,It,1
18681,p02-090-03-08,doesn't,doesn't,1
18682,p02-090-03-09,mean,mean,1
18683,p02-090-04-00,anything,anything,1
18684,p02-090-04-01,",",",",1
18685,p02-090-04-02,"""","""",1
18686,p02-090-04-03,Gay,fay,0
18687,p02-090-04-04,told,told,1
18688,p02-090-04-05,herself,herself,1
18689,p02-090-04-06,desperately,desperately,1
18690,p02-090-04-07,",",",",1
18691,p02-090-06-00,view,view,1
18692,p02-090-06-01,and,and,1
18693,p02-090-06-02,remembering,remembering,1
18694,p02-090-06-03,the,the,1
18695,p02-090-06-04,advice,advice,1
18696,p02-090-07-00,that,that,1
18697,p02-090-07-01,Larry,Haney,0
18698,p02-090-07-02,had,had,1
18699,p02-090-07-03,given,given,1
18700,p02-090-07-04,her,has,0
18701,p02-090-07-05,",",",",1
18702,p02-090-07-06,while,while,1
18703,p02-090-07-07,she,the,0
18704,p02-090-08-00,felt,held,0
18705,p02-090-08-01,wretched,watched,0
18706,p02-090-08-02,beyond,beyond,1
18707,p02-090-08-03,words,words,1
18708,p02-090-08-04,.,.,1
18709,p02-101-00-00,His,His,1
18710,p02-101-00-01,behaviour,behaviour,1
18711,p02-101-00-02,was,was,1
18712,p02-101-00-03,not,not,1
18713,p02-101-00-04,only,only,1
18714,p02-101-00-05,boorish,boorish,1
18715,p02-101-00-06,and,and,1
18716,p02-101-00-07,in,the,0
18717,p02-101-00-08,the,he,0
18718,p02-101-00-09,worst,worst,1
18719,p02-101-00-10,of,of,1
18720,p02-101-01-00,taste,taste,1
18721,p02-101-01-01,but,but,1
18722,p02-101-01-02,it,it,1
18723,p02-101-01-03,was,was,1
18724,p02-101-01-04,unkind,unkind,1
18725,p02-101-01-05,beyond,beyond,1
18726,p02-101-01-06,words,words,1
18727,p02-101-01-07,.,.,1
18728,p02-101-01-08,She,the,0
18729,p02-101-01-09,fumbled,fumbled,1
18730,p02-101-02-00,with,with,1
18731,p02-101-02-01,the,the,1
18732,p02-101-02-02,cigarette,carte,0
18733,p02-101-02-03,packet,jacket,0
18734,p02-101-02-04,which,which,1
18735,p02-101-02-05,lay,lay,1
18736,p02-101-02-06,on,on,1
18737,p02-101-02-07,the,the,1
18738,p02-101-02-08,table,table,1
18739,p02-101-03-00,not,not,1
18740,p02-101-03-01,wanting,wanting,1
18741,p02-101-03-02,to,to,1
18742,p02-101-03-03,smoke,smoke,1
18743,p02-101-03-04,but,but,1
18744,p02-101-03-05,needing,including,0
18745,p02-101-03-06,some,some,1
18746,p02-101-03-07,action,action,1
18747,p02-101-04-00,to,to,1
18748,p02-101-04-01,help,help,1
18749,p02-101-04-02,her,her,1
18750,p02-101-04-03,control,control,1
18751,p02-101-04-04,her,her,1
18752,p02-101-04-05,feelings,feeling,0
18753,p02-101-04-06,.,.,1
18754,p02-101-04-07,"""","""",1
18755,p02-101-04-08,Come,Rome,0
18756,p02-101-04-09,and,and,1
18757,p02-101-06-00,lifeline,lifelike,0
18758,p02-101-06-01,and,and,1
18759,p02-101-06-02,Gay,big,0
18760,p02-101-06-03,got,get,0
18761,p02-101-06-04,up,up,1
18762,p02-101-06-05,quickly,quickly,1
18763,p02-101-06-06,",",",",1
18764,p02-101-06-07,mana-,mana,0
18765,p02-101-07-00,ging,going,0
18766,p02-101-07-01,a,a,1
18767,p02-101-07-02,smile,mile,0
18768,p02-101-07-03,.,",",0
18769,p02-105-00-00,As,As,1
18770,p02-105-00-01,he,he,1
18771,p02-105-00-02,swung,swung,1
18772,p02-105-00-03,her,her,1
18773,p02-105-00-04,on,on,1
18774,p02-105-00-05,to,to,1
18775,p02-105-00-06,the,the,1
18776,p02-105-00-07,floor,floor,1
18777,p02-105-00-08,Gay,bay,0
18778,p02-105-00-09,saw,saw,1
18779,p02-105-00-10,Gavin,Gavin,1
18780,p02-105-01-00,and,and,1
18781,p02-105-01-01,Simone,simple,0
18782,p02-105-01-02,go,go,1
18783,p02-105-01-03,through,through,1
18784,p02-105-01-04,the,the,1
18785,p02-105-01-05,doorway,doorway,1
18786,p02-105-01-06,that,that,1
18787,p02-105-01-07,led,led,1
18788,p02-105-02-00,down,down,1
18789,p02-105-02-01,to,to,1
18790,p02-105-02-02,the,the,1
18791,p02-105-02-03,beach,beach,1
18792,p02-105-02-04,.,.,1
18793,p02-105-02-05,Gay,bay,0
18794,p02-105-02-06,closed,closed,1
18795,p02-105-02-07,her,her,1
18796,p02-105-02-08,eyes,eyes,1
18797,p02-105-02-09,for,for,1
18798,p02-105-02-10,a,a,1
18799,p02-105-03-00,moment,moment,1
18800,p02-105-03-01,in,in,1
18801,p02-105-03-02,disgust,disgust,1
18802,p02-105-03-03,.,.,1
18803,p02-105-03-04,She,she,0
18804,p02-105-03-05,was,was,1
18805,p02-105-03-06,fully,full,0
18806,p02-105-03-07,aware,aware,1
18807,p02-105-03-08,that,that,1
18808,p02-105-03-09,Gavin,having,0
18809,p02-105-04-00,would,would,1
18810,p02-105-04-01,make,make,1
18811,p02-105-04-02,love,love,1
18812,p02-105-04-03,to,to,1
18813,p02-105-04-04,the,the,1
18814,p02-105-04-05,French,French,1
18815,p02-105-04-06,girl,girl,1
18816,p02-105-04-07,on,on,1
18817,p02-105-04-08,the,the,1
18818,p02-105-04-09,sands,sands,1
18819,p02-105-04-10,",",",",1
18820,p02-105-05-00,and,and,1
18821,p02-105-05-01,no,no,1
18822,p02-105-05-02,doubt,doubt,1
18823,p02-105-05-03,he,he,1
18824,p02-105-05-04,would,would,1
18825,p02-105-05-05,come,cane,0
18826,p02-105-05-06,back,back,1
18827,p02-105-05-07,soon,soon,1
18828,p02-105-05-08,and,and,1
18829,p02-105-06-00,after,after,1
18830,p02-105-06-01,Simone,Simon,0
18831,p02-105-06-02,had,had,1
18832,p02-105-06-03,left,left,1
18833,p02-105-06-04,expect,expect,1
18834,p02-105-06-05,her,her,1
18835,p02-105-06-06,to,to,1
18836,p02-105-06-07,accept,accept,1
18837,p02-105-06-08,his,his,1
18838,p02-105-07-00,kisses,losses,0
18839,p02-105-07-01,on,on,1
18840,p02-105-07-02,the,the,1
18841,p02-105-07-03,way,way,1
18842,p02-105-07-04,back,back,1
18843,p02-105-07-05,to,to,1
18844,p02-105-07-06,the,the,1
18845,p02-105-07-07,hotel,hand,0
18846,p02-105-07-08,.,",",0
18847,p02-109-03-00,heart,heart,1
18848,p02-109-03-01,out,out,1
18849,p02-109-03-02,over,over,1
18850,p02-109-03-03,?,?,1
18851,p02-109-03-04,"""","""",1
18852,p02-109-03-05,Doc,Doe,0
18853,p02-109-03-06,nodded,nodded,1
18854,p02-109-03-07,towards,towards,1
18855,p02-109-03-08,the,the,1
18856,p02-109-03-09,door,door,1
18857,p02-109-03-10,.,.,1
18858,p02-109-03-11,"""","""",1
18859,p02-109-03-12,You,You,1
18860,p02-109-04-00,may,may,1
18861,p02-109-04-01,consider,consider,1
18862,p02-109-04-02,him,him,1
18863,p02-109-04-03,a,a,1
18864,p02-109-04-04,man,man,1
18865,p02-109-04-05,",",",",1
18866,p02-109-04-06,I,I,1
18867,p02-109-04-07,would,would,1
18868,p02-109-04-08,say,say,1
18869,p02-109-04-09,he,he,1
18870,p02-109-04-10,was,was,1
18871,p02-109-04-11,a,a,1
18872,p02-109-06-00,weakly,weakly,1
18873,p02-109-06-01,",",",",1
18874,p02-109-06-02,"""","""",1
18875,p02-109-06-03,you,you,1
18876,p02-109-06-04,don't,don't,1
18877,p02-109-06-05,know,know,1
18878,p02-109-06-06,Gavin,Gavin,1
18879,p02-109-06-07,.,.,1
18880,p02-109-06-08,"""","""",1
18881,p02-109-06-09,"""",.,0
18882,p02-109-06-10,I,I,1
18883,p02-109-06-11,'ve,'ve,1
18884,p02-109-06-12,only,only,1
18885,p02-109-06-13,met,met,1
18886,p02-109-06-14,him,him,1
18887,p02-109-07-00,today,today,1
18888,p02-109-07-01,but,but,1
18889,p02-109-07-02,I,I,1
18890,p02-109-07-03,think,think,1
18891,p02-109-07-04,I,I,1
18892,p02-109-07-05,can,can,1
18893,p02-109-07-06,safely,safely,1
18894,p02-109-07-07,say,say,1
18895,p02-109-07-08,that,that,1
18896,p02-109-07-09,I,I,1
18897,p02-109-07-10,know,know,1
18898,p02-109-08-00,him,him,1
18899,p02-109-08-01,a,a,1
18900,p02-109-08-02,great,great,1
18901,p02-109-08-03,deal,deal,1
18902,p02-109-08-04,better,better,1
18903,p02-109-08-05,than,than,1
18904,p02-109-08-06,you,you,1
18905,p02-109-08-07,do,to,0
18906,p02-109-08-08,.,.,1
18907,p02-109-08-09,"""","""",1
18908,p02-115-00-00,Doc,Doe,0
18909,p02-115-00-01,gave,gave,1
18910,p02-115-00-02,her,her,1
18911,p02-115-00-03,hand,hand,1
18912,p02-115-00-04,a,a,1
18913,p02-115-00-05,shake,shake,1
18914,p02-115-00-06,.,.,1
18915,p02-115-00-07,"""","""",1
18916,p02-115-00-08,Wake,wake,0
18917,p02-115-00-09,up,up,1
18918,p02-115-01-00,Gay,Gay,1
18919,p02-115-01-01,",",",",1
18920,p02-115-01-02,and,and,1
18921,p02-115-01-03,don't,don't,1
18922,p02-115-01-04,even,even,1
18923,p02-115-01-05,contemplate,contemplate,1
18924,p02-115-01-06,throwing,throwing,1
18925,p02-115-02-00,yourself,yourself,1
18926,p02-115-02-01,away,away,1
18927,p02-115-02-02,on,on,1
18928,p02-115-02-03,a,a,1
18929,p02-115-02-04,chap,chop,0
18930,p02-115-02-05,like,like,1
18931,p02-115-02-06,that,that,1
18932,p02-115-02-07,.,",",0
18933,p02-115-02-08,You,You,1
18934,p02-115-02-09,'re,'re,1
18935,p02-115-02-10,a,a,1
18936,p02-115-03-00,fine,fine,1
18937,p02-115-03-01,girl,girl,1
18938,p02-115-03-02,",",",",1
18939,p02-115-03-03,intelligent,intelligent,1
18940,p02-115-03-04,",",",",1
18941,p02-115-03-05,and,and,1
18942,p02-115-03-06,pretty,pretty,1
18943,p02-115-03-07,",",",",1
18944,p02-115-03-08,and,and,1
18945,p02-115-03-09,I,I,1
18946,p02-115-03-10,had,had,1
18947,p02-115-04-00,thought,thought,1
18948,p02-115-04-01,you,you,1
18949,p02-115-04-02,were,were,1
18950,p02-115-04-03,sensible,sensible,1
18951,p02-115-04-04,too,too,1
18952,p02-115-04-05,.,.,1
18953,p02-115-04-06,Don't,Don't,1
18954,p02-115-05-00,make,make,1
18955,p02-115-05-01,a,a,1
18956,p02-115-05-02,fool,fool,1
18957,p02-115-05-03,of,of,1
18958,p02-115-05-04,yourself,yourself,1
18959,p02-115-05-05,over,over,1
18960,p02-115-05-06,someone,someone,1
18961,p02-115-06-00,who,who,1
18962,p02-115-06-01,doesn't,doesn't,1
18963,p02-115-06-02,care,care,1
18964,p02-115-06-03,two,two,1
18965,p02-115-06-04,jots,jobs,0
18966,p02-115-06-05,for,for,1
18967,p02-115-06-06,your,your,1
18968,p02-115-06-07,feelings,feelings,1
18969,p02-115-06-08,.,.,1
18970,p02-115-07-00,If,If,1
18971,p02-115-07-01,he,he,1
18972,p02-115-07-02,behaves,behaves,1
18973,p02-115-07-03,like,like,1
18974,p02-115-07-04,this,this,1
18975,p02-115-07-05,now,now,1
18976,p02-115-07-06,what,what,1
18977,p02-115-07-07,is,is,1
18978,p02-115-07-08,your,your,1
18979,p02-115-08-00,married,married,1
18980,p02-115-08-01,life,life,1
18981,p02-115-08-02,going,going,1
18982,p02-115-08-03,to,to,1
18983,p02-115-08-04,be,be,1
18984,p02-115-08-05,like,like,1
18985,p02-115-08-06,?,?,1
18986,p02-135-00-00,Doc,Doe,0
18987,p02-135-00-01,asked,asked,1
18988,p02-135-00-02,Lilyan,Slogan,0
18989,p02-135-00-03,to,to,1
18990,p02-135-00-04,dance,dance,1
18991,p02-135-00-05,and,and,1
18992,p02-135-00-06,once,once,1
18993,p02-135-01-00,again,again,1
18994,p02-135-01-01,Gay,gay,0
18995,p02-135-01-02,found,found,1
18996,p02-135-01-03,herself,herself,1
18997,p02-135-01-04,alone,alone,1
18998,p02-135-01-05,at,at,1
18999,p02-135-01-06,the,the,1
19000,p02-135-01-07,table,task,0
19001,p02-135-02-00,feeling,feeling,1
19002,p02-135-02-01,self-conscious,self-conscious,1
19003,p02-135-02-02,and,and,1
19004,p02-135-02-03,awkward,upward,0
19005,p02-135-02-04,",",",",1
19006,p02-135-02-05,sure,she,0
19007,p02-135-02-06,that,that,1
19008,p02-135-03-00,people,people,1
19009,p02-135-03-01,were,were,1
19010,p02-135-03-02,talking,talking,1
19011,p02-135-03-03,about,about,1
19012,p02-135-03-04,the,the,1
19013,p02-135-03-05,way,way,1
19014,p02-135-03-06,Gavin,gain,0
19015,p02-135-04-00,was,was,1
19016,p02-135-04-01,behaving,behaving,1
19017,p02-135-04-02,since,since,1
19018,p02-135-04-03,they,they,1
19019,p02-135-04-04,had,had,1
19020,p02-135-04-05,seen,seen,1
19021,p02-135-04-06,them,them,1
19022,p02-135-05-00,dining,dining,1
19023,p02-135-05-01,together,together,1
19024,p02-135-05-02,.,.,1
19025,p02-135-05-03,She,She,1
19026,p02-135-05-04,opened,opened,1
19027,p02-135-05-05,her,her,1
19028,p02-135-05-06,bag,bg,0
19029,p02-135-06-00,to,to,1
19030,p02-135-06-01,get,get,1
19031,p02-135-06-02,out,out,1
19032,p02-135-06-03,her,her,1
19033,p02-135-06-04,compact,contact,0
19034,p02-135-06-05,and,and,1
19035,p02-135-06-06,saw,saw,1
19036,p02-135-06-07,Grace's,Graces,0
19037,p02-135-07-00,letter,letter,1
19038,p02-135-07-01,.,.,1
19039,p02-135-07-02,She,she,0
19040,p02-135-07-03,drew,drew,1
19041,p02-135-07-04,it,it,1
19042,p02-135-07-05,out,out,1
19043,p02-135-07-06,and,and,1
19044,p02-135-07-07,opened,opened,1
19045,p02-135-07-08,it,it,1
19046,p02-135-07-09,",",",",1
19047,p02-135-08-00,glad,glad,1
19048,p02-135-08-01,to,to,1
19049,p02-135-08-02,be,be,1
19050,p02-135-08-03,able,able,1
19051,p02-135-08-04,to,8,0
19052,p02-135-08-05,occupy,penury,0
19053,p02-135-08-06,herself,herself,1
19054,p02-135-08-07,.,.,1
19055,p02-139-00-00,"""","""",1
19056,p02-139-00-01,So,so,0
19057,p02-139-00-02,glad,flat,0
19058,p02-139-00-03,that,that,1
19059,p02-139-00-04,you,you,1
19060,p02-139-00-05,are,are,1
19061,p02-139-00-06,having,having,1
19062,p02-139-00-07,such,such,1
19063,p02-139-00-08,a,a,1
19064,p02-139-00-09,lovely,lovely,1
19065,p02-139-00-10,time,time,1
19066,p02-139-00-11,",",",",1
19067,p02-139-00-12,dearie,dearie,1
19068,p02-139-00-13,",",",",1
19069,p02-139-00-14,"""","""",1
19070,p02-139-02-00,and,and,1
19071,p02-139-02-01,have,have,1
19072,p02-139-02-02,been,been,1
19073,p02-139-02-03,over,over,1
19074,p02-139-02-04,to,to,1
19075,p02-139-02-05,sit,sit,1
19076,p02-139-02-06,with,with,1
19077,p02-139-02-07,her,men,0
19078,p02-139-02-08,father,Father,0
19079,p02-139-02-09,and,and,1
19080,p02-139-02-10,do,do,1
19081,p02-139-02-11,what,what,1
19082,p02-139-03-00,I,is,0
19083,p02-139-03-01,can,can,1
19084,p02-139-03-02,for,for,1
19085,p02-139-03-03,him,him,1
19086,p02-139-03-04,so,so,1
19087,p02-139-03-05,that,that,1
19088,p02-139-03-06,she,she,1
19089,p02-139-03-07,can,can,1
19090,p02-139-03-08,get,get,1
19091,p02-139-03-09,out,out,1
19092,p02-139-03-10,to,to,1
19093,p02-139-03-11,do,to,0
19094,p02-139-03-12,her,her,1
19095,p02-139-03-13,shopping,shopping,1
19096,p02-139-03-14,.,.,1
19097,p02-139-04-00,He,He,1
19098,p02-139-04-01,'s,'s,1
19099,p02-139-04-02,getting,getting,1
19100,p02-139-04-03,on,on,1
19101,p02-139-04-04,well,well,1
19102,p02-139-04-05,but,but,1
19103,p02-139-04-06,is,is,1
19104,p02-139-04-07,pretty,pretty,1
19105,p02-139-04-08,helpless,helpless,1
19106,p02-139-04-09,still,still,1
19107,p02-139-04-10,with,with,1
19108,p02-139-04-11,his,his,1
19109,p02-144-01-00,and,and,1
19110,p02-144-01-01,going,going,1
19111,p02-144-01-02,to,to,1
19112,p02-144-01-03,marry,marry,1
19113,p02-144-01-04,a,A,0
19114,p02-144-01-05,foreigner,foreigner,1
19115,p02-144-01-06,...,...,1
19116,p02-144-01-07,"""","""",1
19117,p02-144-03-00,it,it,1
19118,p02-144-03-01,back,back,1
19119,p02-144-03-02,in,in,1
19120,p02-144-03-03,her,her,1
19121,p02-144-03-04,bag,bag,1
19122,p02-144-03-05,.,",",0
19123,p02-144-03-06,Elaine,Elaine,1
19124,p02-144-03-07,was,was,1
19125,p02-144-03-08,engaged,engaged,1
19126,p02-144-03-09,",",",",1
19127,p02-144-04-00,to,to,1
19128,p02-144-04-01,the,the,1
19129,p02-144-04-02,man,man,1
19130,p02-144-04-03,she,she,1
19131,p02-144-04-04,had,had,1
19132,p02-144-04-05,spent,spent,1
19133,p02-144-04-06,so,so,1
19134,p02-144-04-07,much,much,1
19135,p02-144-04-08,time,time,1
19136,p02-144-05-00,with,with,1
19137,p02-144-05-01,at,at,1
19138,p02-144-05-02,her,her,1
19139,p02-144-05-03,party,party,1
19140,p02-144-05-04,.,.,1
19141,p02-144-05-05,That,That,1
19142,p02-144-05-06,was,was,1
19143,p02-144-05-07,why,why,1
19144,p02-144-06-00,Gavin,Gavin,1
19145,p02-144-06-01,had,had,1
19146,p02-144-06-02,come,come,1
19147,p02-144-06-03,back,back,1
19148,p02-144-06-04,to,to,1
19149,p02-144-06-05,her,her,1
19150,p02-144-06-06,.,.,1
19151,p02-144-07-00,Everything,Everything,1
19152,p02-144-07-01,was,was,1
19153,p02-144-07-02,quite,quick,0
19154,p02-144-07-03,clear,clear,1
19155,p02-144-07-04,now,now,1
19156,p02-144-07-05,",",",",1
19157,p02-144-07-06,and,and,1
19158,p02-144-07-07,to,Io,0
19159,p02-144-08-00,her,her,1
19160,p02-144-08-01,own,own,1
19161,p02-144-08-02,surprise,surprise,1
19162,p02-144-08-03,Gay,bay,0
19163,p02-144-08-04,felt,felt,1
19164,p02-144-08-05,no,no,1
19165,p02-144-08-06,heartbreak,heartbreak,1
19166,p02-144-08-07,",",",",1
19167,p02-144-09-00,rather,rather,1
19168,p02-144-09-01,a,a,1
19169,p02-144-09-02,sense,sense,1
19170,p02-144-09-03,of,of,1
19171,p02-144-09-04,relief,relief,1
19172,p02-144-09-05,now,now,1
19173,p02-144-09-06,that,that,1
19174,p02-144-09-07,she,she,1
19175,p02-144-10-00,knew,knew,1
19176,p02-144-10-01,why,why,1
19177,p02-144-10-02,Gavin,Gavin,1
19178,p02-144-10-03,had,had,1
19179,p02-144-10-04,come,come,1
19180,p02-144-10-05,to,to,1
19181,p02-144-10-06,see,see,1
19182,p02-144-11-00,her,her,1
19183,p02-144-11-01,.,.,1
19184,p02-150-06-00,understand,understand,1
19185,p02-150-06-01,",",",",1
19186,p02-150-06-02,knowing,knowing,1
19187,p02-150-06-03,that,That,0
19188,p02-150-06-04,Gay,by,0
19189,p02-150-06-05,was,was,1
19190,p02-150-06-06,as,as,1
19191,p02-150-06-07,much,much,1
19192,p02-150-06-08,ashamed,ashamed,1
19193,p02-150-07-00,for,for,1
19194,p02-150-07-01,Gavin,goin,0
19195,p02-150-07-02,at,at,1
19196,p02-150-07-03,the,the,1
19197,p02-150-07-04,way,way,1
19198,p02-150-07-05,he,he,1
19199,p02-150-07-06,was,was,1
19200,p02-150-07-07,behaving,Behaving,0
19201,p02-150-07-08,as,as,1
19202,p02-150-07-09,she,she,1
19203,p02-150-08-00,was,was,1
19204,p02-150-08-01,hurt,hot,0
19205,p02-150-08-02,for,for,1
19206,p02-150-08-03,herself,herself,1
19207,p02-150-08-04,.,.,1
19208,p03-012-00-00,"""","""",1
19209,p03-012-00-01,There,There,1
19210,p03-012-00-02,are,are,1
19211,p03-012-00-03,all,all,1
19212,p03-012-00-04,sorts,sorts,1
19213,p03-012-00-05,of,of,1
19214,p03-012-00-06,wonder-,wonder,0
19215,p03-012-01-00,ful,out,0
19216,p03-012-01-01,jobs,ages,0
19217,p03-012-01-02,in,in,1
19218,p03-012-01-03,London,London,1
19219,p03-012-01-04,and,and,1
19220,p03-012-01-05,I,I,1
19221,p03-012-01-06,could,could,1
19222,p03-012-03-00,one,on,0
19223,p03-012-03-01,has,has,1
19224,p03-012-03-02,to,to,1
19225,p03-012-03-03,know,snow,0
19226,p03-012-03-04,something,something,1
19227,p03-012-03-05,about,about,1
19228,p03-012-03-06,fishing,Booming,0
19229,p03-012-04-00,and,and,1
19230,p03-012-04-01,in,in,1
19231,p03-012-04-02,Liverpool,liverpost,0
19232,p03-012-04-03,they,they,1
19233,p03-012-04-04,'d,'d,1
19234,p03-012-04-05,want,want,1
19235,p03-012-04-06,sea-farers,sea-fosers,0
19236,p03-012-04-07,.,.,1
19237,p03-012-05-00,I,I,1
19238,p03-012-05-01,don't,don't,1
19239,p03-012-05-02,think,this,0
19240,p03-012-05-03,I,I,1
19241,p03-012-05-04,'d,'',0
19242,p03-012-05-05,go,go,1
19243,p03-012-05-06,to,to,1
19244,p03-012-05-07,Edinburgh,edinburgh,0
19245,p03-012-05-08,un-,in-,0
19246,p03-012-06-00,less,less,1
19247,p03-012-06-01,I,I,1
19248,p03-012-06-02,was,was,1
19249,p03-012-06-03,a,a,1
19250,p03-012-06-04,Scot,set,0
19251,p03-012-06-05,and,and,1
19252,p03-012-06-06,wanting,wanting,1
19253,p03-012-06-07,to,to,1
19254,p03-012-06-08,get,get,1
19255,p03-012-07-00,home,home,1
19256,p03-012-07-01,",",",",1
19257,p03-012-07-02,or,or,1
19258,p03-012-07-03,perhaps,perhaps,1
19259,p03-012-07-04,a,a,1
19260,p03-012-07-05,student,student,1
19261,p03-012-07-06,studying,studying,1
19262,p03-012-07-07,to,to,1
19263,p03-012-08-00,be,be,1
19264,p03-012-08-01,a,a,1
19265,p03-012-08-02,doctor,doctor,1
19266,p03-012-08-03,",",",",1
19267,p03-012-08-04,and,and,1
19268,p03-012-08-05,I,I,1
19269,p03-012-08-06,already,already,1
19270,p03-012-08-07,know,know,1
19271,p03-012-09-00,all,all,1
19272,p03-012-09-01,about,about,1
19273,p03-012-09-02,that,that,1
19274,p03-012-09-03,.,.,1
19275,p03-012-09-04,"""",I,0
19276,p03-023-00-00,She,She,1
19277,p03-023-00-01,was,was,1
19278,p03-023-00-02,engaged,engaged,1
19279,p03-023-00-03,to,to,1
19280,p03-023-00-04,Nigel,Niger,0
19281,p03-023-00-05,",",",",1
19282,p03-023-00-06,had,had,1
19283,p03-023-00-07,been,been,1
19284,p03-023-00-08,for,for,1
19285,p03-023-00-09,two,two,1
19286,p03-023-00-10,years,years,1
19287,p03-023-00-11,.,.,1
19288,p03-023-01-00,Sometimes,Sometimes,1
19289,p03-023-01-01,they,they,1
19290,p03-023-01-02,talked,talked,1
19291,p03-023-01-03,on,on,1
19292,p03-023-01-04,the,the,1
19293,p03-023-01-05,theme,theme,1
19294,p03-023-01-06,of,of,1
19295,p03-023-01-07,"""","""",1
19296,p03-023-01-08,when,when,1
19297,p03-023-01-09,we,we,1
19298,p03-023-01-10,get,go,0
19299,p03-023-01-11,married,married,1
19300,p03-023-01-12,"""","""",1
19301,p03-023-01-13,",",I,0
19302,p03-023-02-00,and,and,1
19303,p03-023-02-01,then,then,1
19304,p03-023-02-02,all,all,1
19305,p03-023-02-03,was,was,1
19306,p03-023-02-04,wonderful,wonderful,1
19307,p03-023-02-05,",",",",1
19308,p03-023-02-06,and,and,1
19309,p03-023-02-07,perhaps,perhaps,1
19310,p03-023-02-08,it,it,1
19311,p03-023-02-09,had,had,1
19312,p03-023-02-10,only,only,1
19313,p03-023-02-11,been,been,1
19314,p03-023-03-00,a,a,1
19315,p03-023-03-01,slip,ship,0
19316,p03-023-03-02,of,of,1
19317,p03-023-03-03,the,the,1
19318,p03-023-03-04,tongue,torque,0
19319,p03-023-03-05,when,when,1
19320,p03-023-03-06,Nigel,Night,0
19321,p03-023-03-07,had,had,1
19322,p03-023-03-08,said,said,1
19323,p03-023-03-09,",",",",1
19324,p03-023-03-10,only,only,1
19325,p03-023-03-11,last,last,1
19326,p03-023-05-00,that,that,1
19327,p03-023-05-01,lark,lark,1
19328,p03-023-05-02,",",",",1
19329,p03-023-05-03,I,I,1
19330,p03-023-05-04,can,can,1
19331,p03-023-05-05,tell,tel,0
19332,p03-023-05-06,you,you,1
19333,p03-023-05-07,!,!,1
19334,p03-023-05-08,"""","""",1
19335,p03-027-02-00,word,word,1
19336,p03-027-02-01,shouted,shouted,1
19337,p03-027-02-02,into,into,1
19338,p03-027-02-03,her,her,1
19339,p03-027-02-04,very,very,1
19340,p03-027-02-05,soul,soul,1
19341,p03-027-02-06,a,a,1
19342,p03-027-02-07,horn,form,0
19343,p03-027-02-08,of,of,1
19344,p03-027-02-09,warning,warning,1
19345,p03-027-02-10,",",",",1
19346,p03-027-02-11,and,and,1
19347,p03-027-03-00,with,with,1
19348,p03-027-03-01,it,it,1
19349,p03-027-03-02,was,was,1
19350,p03-027-03-03,coupled,coupled,1
19351,p03-027-03-04,a,a,1
19352,p03-027-03-05,disembodied,disubadied,0
19353,p03-027-03-06,fragment,fragment,1
19354,p03-027-03-07,of,of,1
19355,p03-027-03-08,information,information,1
19356,p03-027-03-09,",",",",1
19357,p03-027-05-00,seen,seen,1
19358,p03-027-05-01,in,in,1
19359,p03-027-05-02,Farlingham,tailingham,0
19360,p03-027-05-03,on,on,1
19361,p03-027-05-04,an,an,1
19362,p03-027-05-05,occasion,occasion,1
19363,p03-027-05-06,he,he,1
19364,p03-027-05-07,had,had,1
19365,p03-027-05-08,sworn,sworn,1
19366,p03-027-05-09,he,he,1
19367,p03-027-05-10,had,had,1
19368,p03-027-06-00,been,been,1
19369,p03-027-06-01,standing,standing,1
19370,p03-027-06-02,in,in,1
19371,p03-027-06-03,for,for,1
19372,p03-027-06-04,Luke,like,0
19373,p03-027-06-05,Parsons,fastens,0
19374,p03-027-06-06,at,at,1
19375,p03-027-06-07,his,his,1
19376,p03-027-06-08,surgery,survey,0
19377,p03-027-06-09,in,in,1
19378,p03-027-07-00,Little,little,0
19379,p03-027-07-01,Phelpham,Ruelphaut,0
19380,p03-027-07-02,.,.,1
19381,p03-029-00-00,Now,How,0
19382,p03-029-00-01,Nigel,field,0
19383,p03-029-00-02,had,had,1
19384,p03-029-00-03,every,every,1
19385,p03-029-00-04,right,right,1
19386,p03-029-00-05,to,to,1
19387,p03-029-00-06,go,go,1
19388,p03-029-00-07,where,where,1
19389,p03-029-00-08,he,he,1
19390,p03-029-02-00,when,when,1
19391,p03-029-02-01,she,she,1
19392,p03-029-02-02,was,was,1
19393,p03-029-02-03,not,not,1
19394,p03-029-02-04,free,free,1
19395,p03-029-02-05,;,;,1
19396,p03-029-02-06,this,this,1
19397,p03-029-02-07,much,much,1
19398,p03-029-02-08,they,they,1
19399,p03-029-02-09,had,had,1
19400,p03-029-03-00,conceded,conceded,1
19401,p03-029-03-01,one,one,1
19402,p03-029-03-02,to,to,1
19403,p03-029-03-03,the,the,1
19404,p03-029-03-04,other,other,1
19405,p03-029-03-05,.,.,1
19406,p03-029-03-06,They,They,1
19407,p03-029-03-07,rarely,rarely,1
19408,p03-029-04-00,found,found,1
19409,p03-029-04-01,they,they,1
19410,p03-029-04-02,were,were,1
19411,p03-029-04-03,off,off,1
19412,p03-029-04-04,duty,duty,1
19413,p03-029-04-05,together,together,1
19414,p03-029-04-06,",",",",1
19415,p03-029-04-07,and,and,1
19416,p03-029-05-00,the,the,1
19417,p03-029-05-01,situation,situation,1
19418,p03-029-05-02,would,would,1
19419,p03-029-05-03,have,have,1
19420,p03-029-05-04,been,been,1
19421,p03-029-05-05,intolerable,intolerable,1
19422,p03-029-07-00,about,about,1
19423,p03-029-07-01,their,their,1
19424,p03-029-07-02,relationship,relationship,1
19425,p03-029-07-03,.,.,1
19426,p03-029-07-04,So,So,1
19427,p03-029-07-05,when,when,1
19428,p03-029-07-06,Nigel,Might,0
19429,p03-029-08-00,had,had,1
19430,p03-029-08-01,told,told,1
19431,p03-029-08-02,her,her,1
19432,p03-029-08-03,about,about,1
19433,p03-029-08-04,taking,taking,1
19434,p03-029-08-05,Luke's,Curt's,0
19435,p03-029-09-00,evening,evening,1
19436,p03-029-09-01,surgery,surgery,1
19437,p03-029-09-02,she,she,1
19438,p03-029-09-03,had,had,1
19439,p03-029-09-04,said,said,1
19440,p03-029-09-05,",",",",1
19441,p03-033-01-00,he,He,0
19442,p03-033-01-01,shrugged,SAAUCKEED,0
19443,p03-033-01-02,diffidently,DIRIDAITLN,0
19444,p03-033-01-03,",",",",1
19445,p03-033-01-04,"""","""",1
19446,p03-033-01-05,I,",",0
19447,p03-033-01-06,like,like,1
19448,p03-033-01-07,the,THE,0
19449,p03-033-01-08,work,wore,0
19450,p03-033-01-09,.,.,1
19451,p03-033-01-10,One,one,0
19452,p03-033-01-11,gets,as,0
19453,p03-033-01-12,plenty,prayer,0
19454,p03-033-02-00,of,of,1
19455,p03-033-02-01,variety,MOTETD,0
19456,p03-033-02-02,and,one,0
19457,p03-033-02-03,it,it,1
19458,p03-033-02-04,'s,"""",0
19459,p03-033-02-05,a,A,0
19460,p03-033-02-06,change,GAALF,0
19461,p03-033-02-07,.,.,1
19462,p03-033-02-08,"""","""",1
19463,p03-033-02-09,Nigel,was,0
19464,p03-033-02-10,was,was,1
19465,p03-033-02-11,the,THE,0
19466,p03-033-02-12,hospital's,Haspiorr's,0
19467,p03-033-03-00,Junior,nine,0
19468,p03-033-03-01,Medical,mission,0
19469,p03-033-03-02,Officer,officer,0
19470,p03-033-03-03,.,.,1
19471,p03-033-03-04,"""","""",1
19472,p03-033-03-05,You,Non,0
19473,p03-033-03-06,won't,WON'T,0
19474,p03-033-03-07,be,of,0
19475,p03-033-03-08,free,#,0
19476,p03-033-03-09,about,sour,0
19477,p03-033-03-10,nine,NitE,0
19478,p03-033-03-11,",",",",1
19479,p03-033-03-12,I,",",0
19480,p03-033-04-00,suppose,apart,0
19481,p03-033-04-01,",",",",1
19482,p03-033-04-02,to,To,0
19483,p03-033-04-03,meet,need,0
19484,p03-033-04-04,me,me,1
19485,p03-033-04-05,for,For,0
19486,p03-033-04-06,supper,supper,1
19487,p03-033-04-07,somewhere,BmEWTODE,0
19488,p03-033-04-08,?,?,1
19489,p03-033-04-09,"""","""",1
19490,p03-033-04-10,she,St.,0
19491,p03-033-04-11,had,#,0
19492,p03-033-05-00,asked,#,0
19493,p03-033-05-01,hopefully,HOREtimY,0
19494,p03-033-05-02,.,.,1
19495,p03-040-00-00,"""","""",1
19496,p03-040-00-01,Hardly,Hardly,1
19497,p03-040-00-02,likely,likely,1
19498,p03-040-00-03,",",",",1
19499,p03-040-00-04,my,my,1
19500,p03-040-00-05,sweet,sweet,1
19501,p03-040-00-06,.,.,1
19502,p03-040-00-07,Luke's,luke's,0
19503,p03-040-00-08,surgery,surgery,1
19504,p03-040-00-09,goes,goes,1
19505,p03-040-00-10,on,on,1
19506,p03-040-00-11,for,for,1
19507,p03-040-01-00,hours,hours,1
19508,p03-040-01-01,.,.,1
19509,p03-040-01-02,If,if,0
19510,p03-040-01-03,they,they,1
19511,p03-040-01-04,get,get,1
19512,p03-040-01-05,in,in,1
19513,p03-040-01-06,before,before,1
19514,p03-040-01-07,eight-thirty,eight-thirty,1
19515,p03-040-01-08,",",",",1
19516,p03-040-01-09,even,even,1
19517,p03-040-02-00,though,though,1
19518,p03-040-02-01,they,they,1
19519,p03-040-02-02,'re,'ve,0
19520,p03-040-02-03,standing,standing,1
19521,p03-040-02-04,on,on,1
19522,p03-040-02-05,one,one,1
19523,p03-040-02-06,another's,another's,1
19524,p03-040-02-07,toes,toes,1
19525,p03-040-02-08,",",",",1
19526,p03-040-04-00,I,",",0
19527,p03-040-04-01,'ll,in,0
19528,p03-040-04-02,give,give,1
19529,p03-040-04-03,you,you,1
19530,p03-040-04-04,a,a,1
19531,p03-040-04-05,ring,ring,1
19532,p03-040-04-06,",",.,0
19533,p03-040-04-07,O.K.,O.k.,0
19534,p03-040-04-08,?,?,1
19535,p03-040-04-09,"""","""",1
19536,p03-040-04-10,O.K.,O.k.,0
19537,p03-040-04-11,",",",",1
19538,p03-040-04-12,"""",",",0
19539,p03-040-04-13,she,she,1
19540,p03-040-04-14,had,had,1
19541,p03-040-05-00,replied,replied,1
19542,p03-040-05-01,readily,readily,1
19543,p03-040-05-02,.,.,1
19544,p03-040-05-03,So,So,1
19545,p03-040-05-04,how,how,1
19546,p03-040-05-05,could,could,1
19547,p03-040-05-06,Nigel,Night,0
19548,p03-040-05-07,have,have,1
19549,p03-040-06-00,been,been,1
19550,p03-040-06-01,at,at,1
19551,p03-040-06-02,the,the,1
19552,p03-040-06-03,Load,Load,1
19553,p03-040-06-04,of,of,1
19554,p03-040-06-05,Trouble,Trouble,1
19555,p03-040-06-06,roadhouse,roadhouse,1
19556,p03-040-06-07,",",",",1
19557,p03-040-08-00,very,very,1
19558,p03-040-08-01,evening,evening,1
19559,p03-040-08-02,?,?,1
19560,p03-047-00-00,"""","""",1
19561,p03-047-00-01,No,to,0
19562,p03-047-00-02,",",",",1
19563,p03-047-00-03,"""","""",1
19564,p03-047-00-04,she,she,1
19565,p03-047-00-05,told,told,1
19566,p03-047-00-06,Phil,Phil,1
19567,p03-047-00-07,Gubbins,pulling,0
19568,p03-047-00-08,",",",",1
19569,p03-047-00-09,a,a,1
19570,p03-047-00-10,junior,junior,1
19571,p03-047-02-00,my,my,1
19572,p03-047-02-01,lad,lad,1
19573,p03-047-02-02,.,.,1
19574,p03-047-02-03,"""","""",1
19575,p03-047-02-04,"""","""",1
19576,p03-047-02-05,It,Of,0
19577,p03-047-02-06,was,was,1
19578,p03-047-02-07,Nigel's,night's,0
19579,p03-047-02-08,car,as,0
19580,p03-047-02-09,",",",",1
19581,p03-047-02-10,anyway,anyway,1
19582,p03-047-02-11,.,.,1
19583,p03-047-03-00,NUF,NE,0
19584,p03-047-03-01,121,Mel,0
19585,p03-047-03-02,.,.,1
19586,p03-047-03-03,"""","""",1
19587,p03-047-03-04,"""","""",1
19588,p03-047-03-05,He,He,1
19589,p03-047-03-06,probably,probably,1
19590,p03-047-03-07,loaned,loaned,1
19591,p03-047-03-08,his,his,1
19592,p03-047-03-09,car,can,0
19593,p03-047-04-00,to,to,1
19594,p03-047-04-01,somebody,somebody,1
19595,p03-047-04-02,",",",",1
19596,p03-047-04-03,Phil,Phil,1
19597,p03-047-04-04,.,.,1
19598,p03-047-04-05,He,He,1
19599,p03-047-04-06,'s,'s,1
19600,p03-047-04-07,always,always,1
19601,p03-047-04-08,doing,doing,1
19602,p03-047-04-09,that,that,1
19603,p03-047-04-10,.,.,1
19604,p03-047-04-11,"""","""",1
19605,p03-047-05-00,Young,Young,1
19606,p03-047-05-01,Gubbins,Qubtius,0
19607,p03-047-05-02,shrugged,slaragged,0
19608,p03-047-05-03,.,.,1
19609,p03-047-05-04,"""","""",1
19610,p03-047-05-05,I,IT,0
19611,p03-047-05-06,didn't,didn't,1
19612,p03-047-05-07,see,see,1
19613,p03-047-05-08,his,his,1
19614,p03-047-06-00,face,face,1
19615,p03-047-06-01,",",",",1
19616,p03-047-06-02,Di,4,0
19617,p03-047-06-03,",",",",1
19618,p03-047-06-04,but,but,1
19619,p03-047-06-05,it,it,1
19620,p03-047-06-06,certainly,certainly,1
19621,p03-047-06-07,looked,looked,1
19622,p03-047-06-08,like,like,1
19623,p03-047-07-00,Nigel,Niger,0
19624,p03-047-07-01,from,from,1
19625,p03-047-07-02,the,the,1
19626,p03-047-07-03,back,back,1
19627,p03-047-07-04,.,.,1
19628,p03-047-07-05,D.j.,bi,0
19629,p03-047-07-06,and,and,1
19630,p03-047-07-07,all,all,1
19631,p03-047-07-08,.,.,1
19632,p03-047-08-00,Of,of,0
19633,p03-047-08-01,course,course,1
19634,p03-047-08-02,such,such,1
19635,p03-047-08-03,as,as,1
19636,p03-047-08-04,I,?,0
19637,p03-047-08-05,couldn't,couldn't,1
19638,p03-047-08-06,afford,afford,1
19639,p03-047-09-00,to,to,1
19640,p03-047-09-01,go,go,1
19641,p03-047-09-02,into,into,1
19642,p03-047-09-03,the,the,1
19643,p03-047-09-04,Load,Load,1
19644,p03-047-09-05,of,of,1
19645,p03-047-09-06,Trouble,trouble,0
19646,p03-047-09-07,.,.,1
19647,p03-047-09-08,"""","""",1
19648,p03-072-00-00,"""","""",1
19649,p03-072-00-01,5Ye-es,series,0
19650,p03-072-00-02,?,?,1
19651,p03-072-00-03,"""",',0
19652,p03-072-00-04,he,he,1
19653,p03-072-00-05,lowered,lowered,1
19654,p03-072-00-06,his,his,1
19655,p03-072-00-07,eyes,eyes,1
19656,p03-072-00-08,and,and,1
19657,p03-072-00-09,kissed,kissed,1
19658,p03-072-00-10,her,her,1
19659,p03-072-00-11,on,on,1
19660,p03-072-00-12,the,the,1
19661,p03-072-01-00,mouth,mouth,1
19662,p03-072-01-01,",",",",1
19663,p03-072-01-02,an,an,1
19664,p03-072-01-03,act,act,1
19665,p03-072-01-04,of,of,1
19666,p03-072-01-05,devotion,devotion,1
19667,p03-072-01-06,he,he,1
19668,p03-072-01-07,didn't,didn't,1
19669,p03-072-01-08,over-indulge,over-iridulge,0
19670,p03-072-01-09,.,.,1
19671,p03-072-02-00,"""","""",1
19672,p03-072-02-01,What,What,1
19673,p03-072-02-02,about,about,1
19674,p03-072-02-03,it,it,1
19675,p03-072-02-04,",",.,0
19676,p03-072-02-05,my,any,0
19677,p03-072-02-06,sweet,sweet,1
19678,p03-072-02-07,?,?,1
19679,p03-072-02-08,"""","""",1
19680,p03-072-02-09,"""","""",1
19681,p03-072-02-10,Well,Well,1
19682,p03-072-02-11,",",",",1
19683,p03-072-02-12,"""","""",1
19684,p03-072-02-13,she,she,1
19685,p03-072-02-14,laughed,laughed,1
19686,p03-072-03-00,suddenly,suddenly,1
19687,p03-072-03-01,in,in,1
19688,p03-072-03-02,an,an,1
19689,p03-072-03-03,upsurging,surging,0
19690,p03-072-03-04,of,of,1
19691,p03-072-03-05,relief,relief,1
19692,p03-072-03-06,",",.,0
19693,p03-072-03-07,"""",',0
19694,p03-072-03-08,that,that,1
19695,p03-072-03-09,stupid,stupid,1
19696,p03-072-04-00,Gubbins,Mullins,0
19697,p03-072-04-01,boy,boy,1
19698,p03-072-04-02,thought,thought,1
19699,p03-072-04-03,he,he,1
19700,p03-072-04-04,saw,saw,1
19701,p03-072-04-05,you,you,1
19702,p03-072-04-06,at,at,1
19703,p03-072-04-07,the,the,1
19704,p03-072-04-08,Load,road,0
19705,p03-072-04-09,of,of,1
19706,p03-072-04-10,Trouble,Trouble,1
19707,p03-072-04-11,.,.,1
19708,p03-072-05-00,With,with,0
19709,p03-072-05-01,a,a,1
19710,p03-072-05-02,blonde,blonde,1
19711,p03-072-05-03,",",",",1
19712,p03-072-05-04,too,too,1
19713,p03-072-05-05,.,.,1
19714,p03-072-05-06,Imagine,imagine,0
19715,p03-072-05-07,!,!,1
19716,p03-072-05-08,"""","""",1
19717,p03-072-05-09,Nigel,might,0
19718,p03-072-05-10,was,was,1
19719,p03-072-05-11,frowning,frowning,1
19720,p03-072-05-12,.,.,1
19721,p03-072-05-13,He,He,1
19722,p03-072-06-00,looked,looked,1
19723,p03-072-06-01,distinguished,distinguished,1
19724,p03-072-06-02,when,when,1
19725,p03-072-06-03,he,he,1
19726,p03-072-06-04,frowned,drowned,0
19727,p03-072-06-05,;,;,1
19728,p03-072-06-06,boyishly,boyish,0
19729,p03-080-01-00,Though,Though,1
19730,p03-080-01-01,Diana,Diane,0
19731,p03-080-01-02,knew,knew,1
19732,p03-080-01-03,the,the,1
19733,p03-080-01-04,name,name,1
19734,p03-080-01-05,of,of,1
19735,p03-080-01-06,every,every,1
19736,p03-080-02-00,member,member,1
19737,p03-080-02-01,of,of,1
19738,p03-080-02-02,the,the,1
19739,p03-080-02-03,staff,stall,0
19740,p03-080-02-04,",",",",1
19741,p03-080-02-05,distinguished,distinguished,1
19742,p03-080-02-06,or,or,1
19743,p03-080-02-07,not,not,1
19744,p03-080-02-08,",",",",1
19745,p03-080-03-00,Nigel,high,0
19746,p03-080-03-01,often,often,1
19747,p03-080-03-02,had,had,1
19748,p03-080-03-03,to,to,1
19749,p03-080-03-04,think,think,1
19750,p03-080-03-05,hard,hard,1
19751,p03-080-03-06,to,to,1
19752,p03-080-03-07,sort,sort,1
19753,p03-080-05-00,he,he,1
19754,p03-080-05-01,now,now,1
19755,p03-080-05-02,demanded,demanded,1
19756,p03-080-05-03,.,.,1
19757,p03-080-05-04,"""",',0
19758,p03-080-05-05,What,What,1
19759,p03-080-05-06,was,was,1
19760,p03-080-05-07,he,he,1
19761,p03-163-04-00,about,about,1
19762,p03-163-04-01,serious,serious,1
19763,p03-163-04-02,things,things,1
19764,p03-163-04-03,like,like,1
19765,p03-163-04-04,engagements,engayumnits,0
19766,p03-163-04-05,.,.,1
19767,p03-163-04-06,"""","""",1
19768,p03-163-05-00,"""","""",1
19769,p03-163-05-01,Don't,Don't,1
19770,p03-163-05-02,be,be,1
19771,p03-163-05-03,such,such,1
19772,p03-163-05-04,a,a,1
19773,p03-163-05-05,baby,baby,1
19774,p03-163-05-06,!,'s,0
19775,p03-163-05-07,"""","""",1
19776,p03-163-05-08,They,they,0
19777,p03-163-05-09,were,were,1
19778,p03-163-05-10,going,going,1
19779,p03-173-00-00,Almost,Almost,1
19780,p03-173-00-01,in,in,1
19781,p03-173-00-02,desperation,desperation,1
19782,p03-173-00-03,she,she,1
19783,p03-173-00-04,appealed,appealed,1
19784,p03-173-00-05,",",",",1
19785,p03-173-00-06,"""","""",1
19786,p03-173-00-07,Will,will,0
19787,p03-173-00-08,you,you,1
19788,p03-173-00-09,meet,meet,1
19789,p03-173-01-00,me,me,1
19790,p03-173-01-01,at,at,1
19791,p03-173-01-02,the,the,1
19792,p03-173-01-03,gate,gate,1
19793,p03-173-01-04,",",",",1
19794,p03-173-01-05,four,four,1
19795,p03-173-01-06,o'clock,o'clock,1
19796,p03-173-01-07,tomorrow,tomorrow,1
19797,p03-173-01-08,?,?,1
19798,p03-173-01-09,"""","""",1
19799,p03-173-01-10,"""","""",1
19800,p03-173-01-11,Why,Why,1
19801,p03-173-01-12,?,2,0
19802,p03-173-01-13,"""","""",1
19803,p03-173-01-14,he,he,1
19804,p03-173-04-00,he,he,1
19805,p03-173-04-01,told,told,1
19806,p03-173-04-02,her,her,1
19807,p03-173-04-03,",",",",1
19808,p03-173-04-04,and,and,1
19809,p03-173-04-05,suddenly,suddenly,1
19810,p03-173-04-06,seized,seized,1
19811,p03-173-04-07,her,her,1
19812,p03-173-04-08,in,in,1
19813,p03-173-04-09,an,an,1
19814,p03-173-04-10,embrace,embrace,1
19815,p03-173-05-00,which,which,1
19816,p03-173-05-01,really,really,1
19817,p03-173-05-02,hurt,just,0
19818,p03-173-05-03,.,.,1
19819,p03-173-05-04,"""","""",1
19820,p03-173-05-05,Without,Without,1
19821,p03-173-05-06,your,your,1
19822,p03-173-05-07,ring,ring,1
19823,p03-173-05-08,it,it,1
19824,p03-173-05-09,'s,'s,1
19825,p03-173-05-10,just,just,1
19826,p03-173-05-11,like,like,1
19827,p03-173-07-00,and,and,1
19828,p03-173-07-01,kissed,kissed,1
19829,p03-173-07-02,her,her,1
19830,p03-173-07-03,again,again,1
19831,p03-173-07-04,",",",",1
19832,p03-173-07-05,somewhat,somewhat,1
19833,p03-173-07-06,startled,Stated,0
19834,p03-173-07-07,to,to,1
19835,p03-181-01-00,what,What,0
19836,p03-181-01-01,you,you,1
19837,p03-181-01-02,'d,'d,1
19838,p03-181-01-03,get,get,1
19839,p03-181-01-04,",",",",1
19840,p03-181-01-05,"""","""",1
19841,p03-181-01-06,she,she,1
19842,p03-181-01-07,flashed,flashed,1
19843,p03-181-01-08,at,at,1
19844,p03-181-01-09,him,him,1
19845,p03-181-01-10,",",",",1
19846,p03-181-01-11,and,and,1
19847,p03-181-02-00,so,so,1
19848,p03-181-02-01,had,had,1
19849,p03-181-02-02,left,Left,0
19850,p03-181-02-03,him,him,1
19851,p03-181-02-04,",",",",1
19852,p03-181-02-05,on,on,1
19853,p03-181-02-06,her,her,1
19854,p03-181-02-07,dignity,dignity,1
19855,p03-181-02-08,and,and,1
19856,p03-181-02-09,not,not,1
19857,p03-181-03-00,seeing,seeing,1
19858,p03-181-03-01,the,the,1
19859,p03-181-03-02,look,look,1
19860,p03-181-03-03,of,of,1
19861,p03-181-03-04,admiration,admiration,1
19862,p03-181-03-05,and,and,1
19863,p03-181-03-06,revelation,revelation,1
19864,p03-181-04-00,which,which,1
19865,p03-181-04-01,had,had,1
19866,p03-181-04-02,followed,followed,1
19867,p03-181-04-03,her,her,1
19868,p03-181-04-04,slim,slim,1
19869,p03-181-04-05,young,Young,0
19870,p03-181-04-06,figure,figure,1
19871,p03-181-07-00,then,ten,0
19872,p03-181-07-01,regarded,regarded,1
19873,p03-181-07-02,the,the,1
19874,p03-181-07-03,ring,ring,1
19875,p03-181-07-04,which,which,1
19876,p03-181-07-05,he,he,1
19877,p03-181-07-06,retrieved,retrieved,1
19878,p03-181-09-00,with,with,1
19879,p03-181-09-01,some,some,1
19880,p03-181-09-02,bitterness,bitterness,1
19881,p03-181-09-03,.,.,1
19882,p03-189-00-00,Sentence,Sentence,1
19883,p03-189-00-01,Database,Database,1
19884,p03-189-00-02,P03-189,PS-159,0
19885,p03-189-01-00,They,They,1
19886,p03-189-01-01,often,after,0
19887,p03-189-01-02,had,had,1
19888,p03-189-01-03,such,such,1
19889,p03-189-01-04,a,a,1
19890,p03-189-01-05,rendezvous,mendigrans,0
19891,p03-189-01-06,",",",",1
19892,p03-189-01-07,for,for,1
19893,p03-189-02-00,there,there,1
19894,p03-189-02-01,was,was,1
19895,p03-189-02-02,just,jist,0
19896,p03-189-02-03,time,time,1
19897,p03-189-02-04,to,to,1
19898,p03-189-02-05,smoke,smoke,1
19899,p03-189-02-06,a,a,1
19900,p03-189-02-07,cigarette,cigarette,1
19901,p03-189-02-08,",",",",1
19902,p03-189-03-00,if,if,1
19903,p03-189-03-01,one,are,0
19904,p03-189-03-02,walked,walked,1
19905,p03-189-03-03,slowly,slab,0
19906,p03-189-03-04,",",",",1
19907,p03-189-03-05,between,between,1
19908,p03-189-03-06,road,road,1
19909,p03-189-03-07,and,and,1
19910,p03-189-04-00,hospital,hospital,1
19911,p03-189-04-01,.,.,1
19912,p06-030-02-00,words,words,1
19913,p06-030-02-01,.,.,1
19914,p06-030-02-02,',',1
19915,p06-030-02-03,I,I,1
19916,p06-030-02-04,wonder,wonder,1
19917,p06-030-02-05,you,you,1
19918,p06-030-02-06,dared,cared,0
19919,p06-030-02-07,trust,trust,1
19920,p06-030-04-00,',',1
19921,p06-030-04-01,Well,Well,1
19922,p06-030-04-02,!,!,1
19923,p06-030-04-03,At,At,1
19924,p06-030-04-04,least,least,1
19925,p06-030-04-05,I,I,1
19926,p06-030-04-06,know,know,1
19927,p06-030-04-07,the,the,1
19928,p06-030-04-08,truth,truth,1
19929,p06-030-04-09,.,.,1
19930,p06-030-08-00,you,you,1
19931,p06-030-08-01,are,are,1
19932,p06-030-08-02,satisfied,satisfied,1
19933,p06-030-08-03,.,.,1
19934,p06-030-08-04,',.,0
19935,p06-042-00-00,And,And,1
19936,p06-042-00-01,as,as,1
19937,p06-042-00-02,he,he,1
19938,p06-042-00-03,spoke,spoke,1
19939,p06-042-00-04,",",",",1
19940,p06-042-00-05,the,the,1
19941,p06-042-00-06,thought,thought,1
19942,p06-042-03-00,vulsion,population,0
19943,p06-042-03-01,that,that,1
19944,p06-042-03-02,was,was,1
19945,p06-042-03-03,homicidal,homicidal,1
19946,p06-042-03-04,.,.,1
19947,p06-042-05-00,tied,field,0
19948,p06-042-05-01,.,.,1
19949,p06-042-05-02,He,He,1
19950,p06-042-05-03,dare,care,0
19951,p06-042-05-04,not,not,1
19952,p06-042-05-05,precipitate,precipitate,1
19953,p06-042-06-00,what,what,1
19954,p06-042-06-01,might,might,1
19955,p06-042-06-02,well,well,1
19956,p06-042-06-03,be,be,1
19957,p06-042-06-04,another,another,1
19958,p06-042-09-00,mantle,mantle,1
19959,p06-042-09-01,",",",",1
19960,p06-042-09-02,and,and,1
19961,p06-042-09-03,said,said,1
19962,p06-042-09-04,with,with,1
19963,p06-042-09-05,such,such,1
19964,p06-047-00-00,',",",0
19965,p06-047-00-01,I,),0
19966,p06-047-00-02,will,will,1
19967,p06-047-00-03,leave,leave,1
19968,p06-047-00-04,you,you,1
19969,p06-047-00-05,the,the,1
19970,p06-047-00-06,necessary,necessary,1
19971,p06-047-00-07,pre-,pre-,1
19972,p06-047-05-00,his,his,1
19973,p06-047-05-01,fountain-pen,fountain-genr,0
19974,p06-047-05-02,from,from,1
19975,p06-047-05-03,his,his,1
19976,p06-047-07-00,his,his,1
19977,p06-047-07-01,#,#,1
19978,p06-047-07-02,prescription,prescription,1
19979,p06-047-07-03,pad,paid,0
19980,p06-047-07-04,",",",",1
19981,p06-047-07-05,and,and,1
19982,p06-047-08-00,#,#,1
19983,p06-047-08-01,scribble,scribbled,0
19984,p06-047-08-02,on,an,0
19985,p06-047-08-03,it,it,1
19986,p06-047-08-04,.,.,1
19987,p06-047-08-05,Then,Then,1
19988,p06-047-08-06,",",",",1
19989,p06-047-09-00,with,with,1
19990,p06-047-09-01,a,a,1
19991,p06-047-09-02,gesture,gesture,1
19992,p06-047-09-03,she,she,1
19993,p06-047-09-04,knew,knew,1
19994,p06-047-09-05,so,so,1
19995,p06-047-09-06,well,well,1
19996,p06-047-09-07,",",",",1
19997,p06-047-10-00,he,be,0
19998,p06-047-10-01,tore,take,0
19999,p06-047-10-02,off,off,1
20000,p06-047-10-03,the,the,1
20001,p06-047-10-04,leaflet,leaflet,1
20002,p06-047-10-05,and,and,1
20003,p06-052-01-00,with,with,1
20004,p06-052-01-01,a,a,1
20005,p06-052-01-02,deadly,deadly,1
20006,p06-052-01-03,finality,finality,1
20007,p06-052-01-04,.,.,1
20008,p06-052-01-05,Watching,Watching,1
20009,p06-052-02-00,him,him,1
20010,p06-052-02-01,go,go,1
20011,p06-052-02-02,",",",",1
20012,p06-052-02-03,unable,unable,1
20013,p06-052-02-04,to,to,1
20014,p06-052-02-05,speak,speak,1
20015,p06-052-02-06,",",",",1
20016,p06-052-02-07,she,she,1
20017,p06-052-03-00,felt,felt,1
20018,p06-052-03-01,that,that,1
20019,p06-052-03-02,part,part,1
20020,p06-052-03-03,of,of,1
20021,p06-052-03-04,her,her,1
20022,p06-052-03-05,was,was,1
20023,p06-052-03-06,leaving,heaving,0
20024,p06-052-04-00,him,him,1
20025,p06-052-04-01,.,.,1
20026,p06-052-04-02,She,the,0
20027,p06-052-04-03,couldn't,couldn't,1
20028,p06-052-04-04,hate,hate,1
20029,p06-052-04-05,him,him,1
20030,p06-052-04-06,...,...,1
20031,p06-052-07-00,nation,nation,1
20032,p06-052-07-01,.,",",0
20033,p06-052-07-02,Now,Now,1
20034,p06-052-07-03,there,there,1
20035,p06-052-07-04,was,was,1
20036,p06-052-07-05,no-,no,0
20037,p06-052-08-00,thing,thing,1
20038,p06-052-08-01,-,-,1
20039,p06-052-08-02,not,not,1
20040,p06-052-08-03,even,even,1
20041,p06-052-08-04,friendship,friendship,1
20042,p06-052-08-05,.,.,1
20043,p06-058-00-00,She,the,0
20044,p06-058-00-01,went,went,1
20045,p06-058-00-02,back,back,1
20046,p06-058-00-03,to,to,1
20047,p06-058-00-04,Philip,Philip,1
20048,p06-058-00-05,.,.,1
20049,p06-058-00-06,But,But,1
20050,p06-058-01-00,all,all,1
20051,p06-058-01-01,she,she,1
20052,p06-058-01-02,could,could,1
20053,p06-058-01-03,hear,hear,1
20054,p06-058-01-04,were,were,1
20055,p06-058-01-05,Nicholas's,Nicolas's,0
20056,p06-058-04-00,Love,dove,0
20057,p06-058-04-01,.,-,0
20058,p06-058-04-02,She,She,1
20059,p06-058-04-03,revolted,revolted,1
20060,p06-058-04-04,against,against,1
20061,p06-058-05-00,the,the,1
20062,p06-058-05-01,word,word,1
20063,p06-058-05-02,.,.,1
20064,p06-058-05-03,Nicholas,Nicholas,1
20065,p06-058-05-04,",",",",1
20066,p06-058-05-05,Philip,Philip,1
20067,p06-058-05-06,...,...,1
20068,p06-058-06-00,where,where,1
20069,p06-058-06-01,was,was,1
20070,p06-058-06-02,happiness,happiness,1
20071,p06-058-06-03,",",I,0
20072,p06-058-06-04,or,or,1
20073,p06-058-07-00,peace,peace,1
20074,p06-058-07-01,of,of,1
20075,p06-058-07-02,mind,mind,1
20076,p06-058-07-03,?,?,1
20077,p06-058-07-04,Philip,Philip,1
20078,p06-058-07-05,put,put,1
20079,p06-058-07-06,out,out,1
20080,p06-058-08-00,a,a,1
20081,p06-058-08-01,hand,hand,1
20082,p06-058-08-02,and,and,1
20083,p06-058-08-03,grasped,grasped,1
20084,p06-058-08-04,hers,hen,0
20085,p06-058-08-05,.,.,1
20086,p06-058-09-00,He,He,1
20087,p06-058-09-01,needed,needed,1
20088,p06-058-09-02,her,her,1
20089,p06-058-09-03,.,.,1
20090,p06-058-09-04,She,the,0
20091,p06-058-09-05,would,would,1
20092,p06-058-09-06,find,find,1
20093,p06-058-10-00,solace,place,0
20094,p06-058-10-01,in,in,1
20095,p06-058-10-02,that,that,1
20096,p06-058-10-03,fact,fact,1
20097,p06-058-10-04,at,at,1
20098,p06-058-10-05,least,least,1
20099,p06-058-10-06,.,.,1
20100,p06-069-00-00,She,She,1
20101,p06-069-00-01,had,had,1
20102,p06-069-00-02,her,her,1
20103,p06-069-00-03,truth,truth,1
20104,p06-069-00-04,.,.,1
20105,p06-069-00-05,How,To,0
20106,p06-069-00-06,much,much,1
20107,p06-069-00-07,had,had,1
20108,p06-069-00-08,built,built,1
20109,p06-069-01-00,up,up,1
20110,p06-069-01-01,from,from,1
20111,p06-069-01-02,that,that,1
20112,p06-069-01-03,first,first,1
20113,p06-069-01-04,ideal,real,0
20114,p06-069-01-05,",",",",1
20115,p06-069-01-06,and,and,1
20116,p06-069-01-07,how,how,1
20117,p06-069-05-00,hell,hell,1
20118,p06-069-05-01,lying,lying,1
20119,p06-069-05-02,there,there,1
20120,p06-069-05-03,",",",",1
20121,p06-069-05-04,knowing,knowing,1
20122,p06-069-05-05,she,she,1
20123,p06-069-05-06,was,was,1
20124,p06-069-08-00,said,said,1
20125,p06-069-08-01,instinctively,instinctively,1
20126,p06-069-08-02,:,:,1
20127,p06-069-08-03,',",",0
20128,p06-069-08-04,I,I,1
20129,p06-069-08-05,told,told,1
20130,p06-069-08-06,him,him,1
20131,p06-069-09-00,I,I,1
20132,p06-069-09-01,knew,knew,1
20133,p06-069-09-02,he,he,1
20134,p06-069-09-03,was,was,1
20135,p06-069-09-04,responsible,responsible,1
20136,p06-069-09-05,for,for,1
20137,p06-088-00-00,Her,Her,1
20138,p06-088-00-01,eyes,eyes,1
20139,p06-088-00-02,darkened,darkened,1
20140,p06-088-00-03,in,in,1
20141,p06-088-00-04,torment,torment,1
20142,p06-088-00-05,.,.,1
20143,p06-088-00-06,',",",0
20144,p06-088-00-07,Are,Are,1
20145,p06-088-02-00,',",",0
20146,p06-088-02-01,Good,Good,1
20147,p06-088-02-02,heavens,heavens,1
20148,p06-088-02-03,",",",",1
20149,p06-088-02-04,darling,asking,0
20150,p06-088-02-05,",",I,0
20151,p06-088-02-06,why,why,1
20152,p06-088-02-07,on,on,1
20153,p06-088-02-08,earth,earth,1
20154,p06-088-04-00,her,her,1
20155,p06-088-04-01,word,word,1
20156,p06-088-04-02,.,.,1
20157,p06-088-04-03,There,There,1
20158,p06-088-04-04,was,was,1
20159,p06-088-04-05,enough,enough,1
20160,p06-088-04-06,evidence,evidence,1
20161,p06-088-04-07,",",",",1
20162,p06-088-05-00,no,no,1
20163,p06-088-05-01,matter,matter,1
20164,p06-088-05-02,how,how,1
20165,p06-088-05-03,one,one,1
20166,p06-088-05-04,might,night,0
20167,p06-088-05-05,want,want,1
20168,p06-088-05-06,to,to,1
20169,p06-088-07-00,touched,touched,1
20170,p06-088-07-01,him,him,1
20171,p06-088-07-02,after,after,1
20172,p06-088-07-03,the,the,1
20173,p06-088-07-04,cold,cold,1
20174,p06-088-07-05,wind,wind,1
20175,p06-088-08-00,of,of,1
20176,p06-088-08-01,suspense,suspense,1
20177,p06-088-08-02,.,.,1
20178,p06-088-08-03,',',1
20179,p06-088-08-04,It,It,1
20180,p06-088-08-05,will,will,1
20181,p06-088-08-06,be,be,1
20182,p06-088-08-07,interesting,interesting,1
20183,p06-096-04-00,will,will,1
20184,p06-096-04-01,matter,matter,1
20185,p06-096-04-02,most,most,1
20186,p06-096-04-03,.,.,1
20187,p06-096-04-04,',",",0
20188,p06-096-04-05,Strange,Strange,1
20189,p06-096-04-06,how,how,1
20190,p06-096-04-07,just,runs,0
20191,p06-096-05-00,then,them,0
20192,p06-096-05-01,Philip,Philip,1
20193,p06-096-05-02,was,was,1
20194,p06-096-05-03,so,so,1
20195,p06-096-05-04,certain,certain,1
20196,p06-096-05-05,that,that,1
20197,p06-096-05-06,Nicholas,Nicholas,1
20198,p06-096-06-00,would,would,1
20199,p06-096-06-01,never,never,1
20200,p06-096-06-02,betray,betray,1
20201,p06-096-06-03,him,him,1
20202,p06-096-06-04,.,.,1
20203,p06-096-06-05,He,#,0
20204,p06-096-06-06,loved,loved,1
20205,p06-096-07-00,Sandra,Sandra,1
20206,p06-096-07-01,too,from,0
20207,p06-096-07-02,deeply,deeply,1
20208,p06-096-07-03,to,to,1
20209,p06-096-07-04,ruin,thin,0
20210,p06-096-07-05,her,her,1
20211,p06-096-08-00,future,future,1
20212,p06-096-08-01,happiness,happiness,1
20213,p06-096-08-02,.,.,1
20214,p06-096-08-03,Had,had,0
20215,p06-096-08-04,ever,ones,0
20216,p06-096-08-05,circum-,cireum-,0
20217,p06-104-00-00,He,He,1
20218,p06-104-00-01,was,was,1
20219,p06-104-00-02,better,better,1
20220,p06-104-00-03,;,;,1
20221,p06-104-00-04,he,he,1
20222,p06-104-00-05,had,had,1
20223,p06-104-00-06,made,made,1
20224,p06-104-00-07,a,a,1
20225,p06-104-01-00,miraculous,miraculous,1
20226,p06-104-01-01,recovery,recovery,1
20227,p06-104-01-02,and,and,1
20228,p06-104-01-03,Sandra,Sandra,1
20229,p06-104-01-04,would,would,1
20230,p06-104-02-00,soon,soon,1
20231,p06-104-02-01,be,being,0
20232,p06-104-02-02,his,.,0
20233,p06-104-02-03,wife,wife,1
20234,p06-104-02-04,.,.,1
20235,p06-104-02-05,The,The,1
20236,p06-104-02-06,Devil,Refill,0
20237,p06-104-02-07,",",I,0
20238,p06-104-02-08,he,he,1
20239,p06-104-02-09,thought,thought,1
20240,p06-104-02-10,",",",",1
20241,p06-104-03-00,certainly,Certainly,0
20242,p06-104-03-01,looked,looked,1
20243,p06-104-03-02,after,after,1
20244,p06-104-03-03,his,his,1
20245,p06-104-03-04,own,own,1
20246,p06-104-03-05,.,.,1
20247,p06-104-04-00,Something,Something,1
20248,p06-104-04-01,in,4,0
20249,p06-104-04-02,Sandra's,Sandra,0
20250,p06-104-04-03,attitude,attitude,1
20251,p06-104-04-04,struck,struck,1
20252,p06-104-08-00,patronizing,patronizing,1
20253,p06-104-08-01,word,word,1
20254,p06-104-08-02,",",",",1
20255,p06-104-08-03,',",",0
20256,p06-104-08-04,she,she,1
20257,p06-104-08-05,replied,replied,1
20258,p06-104-08-06,.,.,1
20259,p06-104-08-07,',",",0
20260,p06-104-08-08,I,I,1
20261,p06-104-08-09,despise,despite,0
20262,r03-053-00-00,His,His,1
20263,r03-053-00-01,voice,voice,1
20264,r03-053-00-02,was,was,1
20265,r03-053-00-03,like,like,1
20266,r03-053-00-04,his,Sir,0
20267,r03-053-00-05,black,led,0
20268,r03-053-00-06,and,and,1
20269,r03-053-00-07,pin-stripe,piin-shipe,0
20270,r03-053-00-08,",",",",1
20271,r03-053-01-00,a,a,1
20272,r03-053-01-01,grey,grey,1
20273,r03-053-01-02,superimposition,superposition,0
20274,r03-053-01-03,of,of,1
20275,r03-053-01-04,respectability,respectability,1
20276,r03-053-01-05,over,over,1
20277,r03-053-03-00,the,&,0
20278,r03-053-03-01,result,result,1
20279,r03-053-03-02,being,being,1
20280,r03-053-03-03,somehow,someone,0
20281,r03-053-03-04,as,as,1
20282,r03-053-03-05,ineffective,ineffective,1
20283,r03-053-03-06,",",",",1
20284,r03-053-03-07,not,not,1
20285,r03-053-04-00,just,just,1
20286,r03-053-04-01,dusty-grey,distiy-grey,0
20287,r03-053-04-02,but,but,1
20288,r03-053-04-03,muddy,mucedely,0
20289,r03-053-04-04,",",",",1
20290,r03-053-04-05,slimy,clay,0
20291,r03-053-04-06,even,even,1
20292,r03-053-04-07,.,.,1
20293,r03-053-06-00,purpose,purpose,1
20294,r03-053-06-01,than,Ben,0
20295,r03-053-06-02,the,the,1
20296,r03-053-06-03,throwing,growing,0
20297,r03-053-06-04,of,of,1
20298,r03-053-06-05,dust,chest,0
20299,r03-053-06-06,in,In,0
20300,r03-053-06-07,his,Sis,0
20301,r03-053-08-00,the,the,1
20302,r03-053-08-01,fake,loose,0
20303,r03-053-08-02,friend,friend,1
20304,r03-053-08-03,of,of,1
20305,r03-053-08-04,the,the,1
20306,r03-053-08-05,family,family,1
20307,r03-053-08-06,",",",",1
20308,r03-053-08-07,like,lose,0
20309,r03-053-08-08,the,W.,0
